{"type":"FeatureCollection","features":[{"type":"Feature","geometry":{"type":"Polygon","coordinates":[[[76.3184,9.6411],[76.3352,9.6394],[76.3283,9.5989],[76.3663,9.5904],[76.3955,9.5893],[76.3924,9.5487],[76.3838,9.5198],[76.3704,9.509],[76.3642,9.4894],[76.3396,9.4953],[76.3183,9.4939],[76.3063,9.552],[76.2954,9.6374],[76.3184,9.6411]]]},"properties":{"STATE":"KERALA","DISTRICT":"ALAPPUZHA","AC":"AC","AC_NAME":"ALAPPUZHA","YEAR":2026.0,"RES":"GEN","ELECTORS":192248.0,"VOTERS":157661.0,"TURNOUT":82.01,"MARGIN":21015.0,"MARGIN_PERCENTAGE":13.33,"MARGIN_PERCENTAGE2":null,"MARGIN_PERCENTAGE3":null,"PARTY_RANK1":"INC","PARTY_RANK2":"CPI(M)","PARTY_RANK3":"BJP","PARTY_RANK4":"NOTA","CANDIDATE_RANK1":"A.D THOMAS","CANDIDATE_RANK2":"P.P.CHITHARANJAN","CANDIDATE_RANK3":"M.J JOB","CANDIDATE_RANK4":"NOTA","COLOR":"#00BFFF","VOTES_RANK1":81065.0,"VOTES_RANK1_PERCENTAGE":51.42,"VOTES_RANK2":60050.0,"VOTES_RANK2_PERCENTAGE":38.09,"VOTES_RANK3":15373.0,"VOTES_RANK3_PERCENTAGE":9.75,"VOTES_RANK4":795.0,"VOTES_RANK4_PERCENTAGE":0.5,"CANDIDATE_RANK1_GENDER":null,"CANDIDATE_RANK2_GENDER":null,"CANDIDATE_RANK3_GENDER":null,"CANDIDATE_RANK4_GENDER":null,"HORSE_RACE":null,"GENERAL_ELECTORS_TOTAL":null,"GENERAL_ELECTORS_MALE":null,"GENERAL_ELECTORS_FEMALE":null,"GENERAL_ELECTORS_THIRD_GENDER":null,"GENERAL_VOTERS_TOTAL":null,"GENERAL_VOTERS_MALE":null,"GENERAL_VOTERS_FEMALE":null,"GENERAL_VOTERS_THIRD_GENDER":null,"GENERAL_TURNOUT_MALE":null,"GENERAL_TURNOUT_FEMALE":null,"GENERAL_TURNOUT_THIRD_GENDER":null,"RES_COLOR":null,"HORSE_RACE_COLOR":null,"GENDER_COLOR":null,"ID":26926}},{"type":"Feature","geometry":{"type":"Polygon","coordinates":[[[76.3642,9.4894],[76.3609,9.4553],[76.3693,9.4431],[76.3786,9.4106],[76.3878,9.3948],[76.4038,9.3952],[76.4044,9.3749],[76.3875,9.3559],[76.3968,9.3497],[76.4101,9.3501],[76.4115,9.344],[76.4004,9.3397],[76.3995,9.3187],[76.3946,9.3078],[76.3846,9.3075],[76.3432,9.4007],[76.3183,9.4939],[76.3396,9.4953],[76.3642,9.4894]]]},"properties":{"STATE":"KERALA","DISTRICT":"ALAPPUZHA","AC":"AC","AC_NAME":"AMBALAPUZHA","YEAR":2026.0,"RES":"GEN","ELECTORS":171726.0,"VOTERS":140781.0,"TURNOUT":81.98,"MARGIN":27935.0,"MARGIN_PERCENTAGE":19.84,"MARGIN_PERCENTAGE2":null,"MARGIN_PERCENTAGE3":null,"PARTY_RANK1":"IND","PARTY_RANK2":"CPI(M)","PARTY_RANK3":"BJP","PARTY_RANK4":"SUCI","CANDIDATE_RANK1":"G.SUDHAKARAN","CANDIDATE_RANK2":"H. SALAM","CANDIDATE_RANK3":"ARUN ANIRUDHAN","CANDIDATE_RANK4":"JOHNSON MATHEW","COLOR":"#757575","VOTES_RANK1":75184.0,"VOTES_RANK1_PERCENTAGE":53.4,"VOTES_RANK2":47249.0,"VOTES_RANK2_PERCENTAGE":33.56,"VOTES_RANK3":16348.0,"VOTES_RANK3_PERCENTAGE":11.61,"VOTES_RANK4":1020.0,"VOTES_RANK4_PERCENTAGE":0.72,"CANDIDATE_RANK1_GENDER":null,"CANDIDATE_RANK2_GENDER":null,"CANDIDATE_RANK3_GENDER":null,"CANDIDATE_RANK4_GENDER":null,"HORSE_RACE":null,"GENERAL_ELECTORS_TOTAL":null,"GENERAL_ELECTORS_MALE":null,"GENERAL_ELECTORS_FEMALE":null,"GENERAL_ELECTORS_THIRD_GENDER":null,"GENERAL_VOTERS_TOTAL":null,"GENERAL_VOTERS_MALE":null,"GENERAL_VOTERS_FEMALE":null,"GENERAL_VOTERS_THIRD_GENDER":null,"GENERAL_TURNOUT_MALE":null,"GENERAL_TURNOUT_FEMALE":null,"GENERAL_TURNOUT_THIRD_GENDER":null,"RES_COLOR":null,"HORSE_RACE_COLOR":null,"GENDER_COLOR":null,"ID":26929}},{"type":"Feature","geometry":{"type":"Polygon","coordinates":[[[76.303,9.8899],[76.3115,9.8833],[76.3337,9.8767],[76.3531,9.8838],[76.371,9.8574],[76.3726,9.8368],[76.3816,9.8182],[76.3647,9.7928],[76.3808,9.7515],[76.3761,9.6968],[76.3468,9.7133],[76.3453,9.7519],[76.3369,9.7523],[76.335,9.7397],[76.3207,9.75],[76.3154,9.7465],[76.3146,9.7512],[76.2916,9.748],[76.2895,9.7532],[76.2838,9.752],[76.2794,9.789],[76.285,9.7906],[76.282,9.8042],[76.2916,9.8063],[76.2868,9.8186],[76.2802,9.8224],[76.2793,9.8304],[76.2843,9.8366],[76.2857,9.8491],[76.2986,9.8532],[76.2927,9.8903],[76.303,9.8899]]]},"properties":{"STATE":"KERALA","DISTRICT":"ALAPPUZHA","AC":"AC","AC_NAME":"AROOR","YEAR":2026.0,"RES":"GEN","ELECTORS":191642.0,"VOTERS":161974.0,"TURNOUT":84.52,"MARGIN":9324.0,"MARGIN_PERCENTAGE":5.76,"MARGIN_PERCENTAGE2":null,"MARGIN_PERCENTAGE3":null,"PARTY_RANK1":"INC","PARTY_RANK2":"CPI(M)","PARTY_RANK3":"BDJS","PARTY_RANK4":"NOTA","CANDIDATE_RANK1":"ADV. SHANIMOL OSMAN","CANDIDATE_RANK2":"DALEEMA","CANDIDATE_RANK3":"ADV. P.S. JYOTHIS","CANDIDATE_RANK4":"NOTA","COLOR":"#00BFFF","VOTES_RANK1":74469.0,"VOTES_RANK1_PERCENTAGE":45.98,"VOTES_RANK2":65145.0,"VOTES_RANK2_PERCENTAGE":40.22,"VOTES_RANK3":20334.0,"VOTES_RANK3_PERCENTAGE":12.55,"VOTES_RANK4":1174.0,"VOTES_RANK4_PERCENTAGE":0.72,"CANDIDATE_RANK1_GENDER":null,"CANDIDATE_RANK2_GENDER":null,"CANDIDATE_RANK3_GENDER":null,"CANDIDATE_RANK4_GENDER":null,"HORSE_RACE":null,"GENERAL_ELECTORS_TOTAL":null,"GENERAL_ELECTORS_MALE":null,"GENERAL_ELECTORS_FEMALE":null,"GENERAL_ELECTORS_THIRD_GENDER":null,"GENERAL_VOTERS_TOTAL":null,"GENERAL_VOTERS_MALE":null,"GENERAL_VOTERS_FEMALE":null,"GENERAL_VOTERS_THIRD_GENDER":null,"GENERAL_TURNOUT_MALE":null,"GENERAL_TURNOUT_FEMALE":null,"GENERAL_TURNOUT_THIRD_GENDER":null,"RES_COLOR":null,"HORSE_RACE_COLOR":null,"GENDER_COLOR":null,"ID":26932}},{"type":"Feature","geometry":{"type":"Polygon","coordinates":[[[76.6114,9.3432],[76.6278,9.3373],[76.6285,9.3427],[76.6416,9.3411],[76.642,9.3334],[76.6353,9.3272],[76.6415,9.3235],[76.6451,9.3101],[76.6516,9.3085],[76.6536,9.2924],[76.6752,9.2914],[76.6768,9.2828],[76.6661,9.2772],[76.67,9.276],[76.6664,9.2695],[76.6619,9.2693],[76.6643,9.2662],[76.6549,9.2617],[76.6577,9.2422],[76.6392,9.2338],[76.6328,9.2439],[76.6263,9.2372],[76.6276,9.2308],[76.618,9.2278],[76.608,9.2396],[76.6012,9.2374],[76.5959,9.2461],[76.5906,9.2459],[76.5779,9.2589],[76.5767,9.2685],[76.5704,9.2649],[76.5623,9.2722],[76.5531,9.2707],[76.5477,9.2597],[76.5447,9.2666],[76.5396,9.2562],[76.5299,9.2616],[76.5253,9.258],[76.519,9.2686],[76.5045,9.2651],[76.4994,9.268],[76.5013,9.2924],[76.4908,9.2932],[76.489,9.303],[76.4946,9.31],[76.4898,9.3171],[76.4942,9.3195],[76.4928,9.3254],[76.5274,9.3252],[76.5318,9.3292],[76.5384,9.3219],[76.5516,9.3245],[76.5534,9.3357],[76.5598,9.3434],[76.5501,9.3508],[76.5668,9.3563],[76.5773,9.3537],[76.5816,9.3474],[76.5959,9.3528],[76.5984,9.347],[76.6114,9.3432]]]},"properties":{"STATE":"KERALA","DISTRICT":"ALAPPUZHA","AC":"AC","AC_NAME":"CHENGANNUR","YEAR":2026.0,"RES":"GEN","ELECTORS":190802.0,"VOTERS":137435.0,"TURNOUT":72.03,"MARGIN":10292.0,"MARGIN_PERCENTAGE":7.49,"MARGIN_PERCENTAGE2":null,"MARGIN_PERCENTAGE3":null,"PARTY_RANK1":"CPI(M)","PARTY_RANK2":"INC","PARTY_RANK3":"BJP","PARTY_RANK4":"NOTA","CANDIDATE_RANK1":"SAJI CHERIAN","CANDIDATE_RANK2":"ADV. ABI KURIAKOSE","CANDIDATE_RANK3":"M. V .GOPAKUMAR","CANDIDATE_RANK4":"NOTA","COLOR":"#FF0000","VOTES_RANK1":57859.0,"VOTES_RANK1_PERCENTAGE":42.1,"VOTES_RANK2":47567.0,"VOTES_RANK2_PERCENTAGE":34.61,"VOTES_RANK3":30942.0,"VOTES_RANK3_PERCENTAGE":22.51,"VOTES_RANK4":638.0,"VOTES_RANK4_PERCENTAGE":0.46,"CANDIDATE_RANK1_GENDER":null,"CANDIDATE_RANK2_GENDER":null,"CANDIDATE_RANK3_GENDER":null,"CANDIDATE_RANK4_GENDER":null,"HORSE_RACE":null,"GENERAL_ELECTORS_TOTAL":null,"GENERAL_ELECTORS_MALE":null,"GENERAL_ELECTORS_FEMALE":null,"GENERAL_ELECTORS_THIRD_GENDER":null,"GENERAL_VOTERS_TOTAL":null,"GENERAL_VOTERS_MALE":null,"GENERAL_VOTERS_FEMALE":null,"GENERAL_VOTERS_THIRD_GENDER":null,"GENERAL_TURNOUT_MALE":null,"GENERAL_TURNOUT_FEMALE":null,"GENERAL_TURNOUT_THIRD_GENDER":null,"RES_COLOR":null,"HORSE_RACE_COLOR":null,"GENDER_COLOR":null,"ID":26944}},{"type":"Feature","geometry":{"type":"Polygon","coordinates":[[[76.2773,9.7891],[76.2794,9.789],[76.2838,9.752],[76.2895,9.7532],[76.2916,9.748],[76.3146,9.7512],[76.3154,9.7465],[76.3207,9.75],[76.335,9.7397],[76.3369,9.7523],[76.3453,9.7519],[76.3468,9.7133],[76.3761,9.6968],[76.4029,9.6858],[76.3975,9.649],[76.3955,9.5893],[76.3663,9.5904],[76.3283,9.5989],[76.3352,9.6394],[76.3184,9.6411],[76.2954,9.6374],[76.2773,9.7891]]]},"properties":{"STATE":"KERALA","DISTRICT":"ALAPPUZHA","AC":"AC","AC_NAME":"CHERTHALA","YEAR":2026.0,"RES":"GEN","ELECTORS":206426.0,"VOTERS":172221.0,"TURNOUT":83.43,"MARGIN":14489.0,"MARGIN_PERCENTAGE":8.41,"MARGIN_PERCENTAGE2":null,"MARGIN_PERCENTAGE3":null,"PARTY_RANK1":"CPI","PARTY_RANK2":"INC","PARTY_RANK3":"BDJS","PARTY_RANK4":"NOTA","CANDIDATE_RANK1":"P. PRASAD","CANDIDATE_RANK2":"K.R. RAJENDRA PRASAD","CANDIDATE_RANK3":"ADV. T.P. ANANTHARAJ","CANDIDATE_RANK4":"NOTA","COLOR":"#FF0001","VOTES_RANK1":83216.0,"VOTES_RANK1_PERCENTAGE":48.32,"VOTES_RANK2":68727.0,"VOTES_RANK2_PERCENTAGE":39.91,"VOTES_RANK3":17997.0,"VOTES_RANK3_PERCENTAGE":10.45,"VOTES_RANK4":1021.0,"VOTES_RANK4_PERCENTAGE":0.59,"CANDIDATE_RANK1_GENDER":null,"CANDIDATE_RANK2_GENDER":null,"CANDIDATE_RANK3_GENDER":null,"CANDIDATE_RANK4_GENDER":null,"HORSE_RACE":null,"GENERAL_ELECTORS_TOTAL":null,"GENERAL_ELECTORS_MALE":null,"GENERAL_ELECTORS_FEMALE":null,"GENERAL_ELECTORS_THIRD_GENDER":null,"GENERAL_VOTERS_TOTAL":null,"GENERAL_VOTERS_MALE":null,"GENERAL_VOTERS_FEMALE":null,"GENERAL_VOTERS_THIRD_GENDER":null,"GENERAL_TURNOUT_MALE":null,"GENERAL_TURNOUT_FEMALE":null,"GENERAL_TURNOUT_THIRD_GENDER":null,"RES_COLOR":null,"HORSE_RACE_COLOR":null,"GENDER_COLOR":null,"ID":26945}},{"type":"Feature","geometry":{"type":"Polygon","coordinates":[[[76.461,9.3489],[76.4642,9.3303],[76.4522,9.3258],[76.4539,9.2977],[76.468,9.2969],[76.4701,9.3177],[76.4741,9.3117],[76.4831,9.3123],[76.4809,9.3039],[76.489,9.303],[76.4908,9.2932],[76.5013,9.2924],[76.4994,9.268],[76.5045,9.2651],[76.4981,9.2271],[76.4839,9.2303],[76.4676,9.2271],[76.4755,9.2075],[76.4691,9.2005],[76.4475,9.1963],[76.4586,9.1706],[76.4636,9.1698],[76.47,9.1578],[76.4722,9.1469],[76.4663,9.129],[76.3846,9.3075],[76.3946,9.3078],[76.3995,9.3187],[76.4004,9.3397],[76.4115,9.344],[76.4208,9.3405],[76.435,9.3517],[76.4478,9.3471],[76.4529,9.3526],[76.461,9.3489]]]},"properties":{"STATE":"KERALA","DISTRICT":"ALAPPUZHA","AC":"AC","AC_NAME":"HARIPAD","YEAR":2026.0,"RES":"GEN","ELECTORS":186282.0,"VOTERS":144837.0,"TURNOUT":77.75,"MARGIN":23377.0,"MARGIN_PERCENTAGE":16.14,"MARGIN_PERCENTAGE2":null,"MARGIN_PERCENTAGE3":null,"PARTY_RANK1":"INC","PARTY_RANK2":"CPI","PARTY_RANK3":"BJP","PARTY_RANK4":"NOTA","CANDIDATE_RANK1":"RAMESH CHENNITHALA","CANDIDATE_RANK2":"T.T.JISMON","CANDIDATE_RANK3":"SANDHEEP VAACHASPATHI","CANDIDATE_RANK4":"NOTA","COLOR":"#00BFFF","VOTES_RANK1":68184.0,"VOTES_RANK1_PERCENTAGE":47.08,"VOTES_RANK2":44807.0,"VOTES_RANK2_PERCENTAGE":30.94,"VOTES_RANK3":31022.0,"VOTES_RANK3_PERCENTAGE":21.42,"VOTES_RANK4":465.0,"VOTES_RANK4_PERCENTAGE":0.32,"CANDIDATE_RANK1_GENDER":null,"CANDIDATE_RANK2_GENDER":null,"CANDIDATE_RANK3_GENDER":null,"CANDIDATE_RANK4_GENDER":null,"HORSE_RACE":null,"GENERAL_ELECTORS_TOTAL":null,"GENERAL_ELECTORS_MALE":null,"GENERAL_ELECTORS_FEMALE":null,"GENERAL_ELECTORS_THIRD_GENDER":null,"GENERAL_VOTERS_TOTAL":null,"GENERAL_VOTERS_MALE":null,"GENERAL_VOTERS_FEMALE":null,"GENERAL_VOTERS_THIRD_GENDER":null,"GENERAL_TURNOUT_MALE":null,"GENERAL_TURNOUT_FEMALE":null,"GENERAL_TURNOUT_THIRD_GENDER":null,"RES_COLOR":null,"HORSE_RACE_COLOR":null,"GENDER_COLOR":null,"ID":26956}},{"type":"Feature","geometry":{"type":"Polygon","coordinates":[[[76.5045,9.2651],[76.519,9.2686],[76.5253,9.258],[76.5337,9.2233],[76.5332,9.2],[76.541,9.195],[76.5581,9.1943],[76.5587,9.203],[76.5628,9.2041],[76.564,9.1949],[76.5708,9.1956],[76.571,9.1872],[76.5839,9.1801],[76.5866,9.1701],[76.5859,9.166],[76.5699,9.1642],[76.5613,9.1576],[76.5628,9.1421],[76.5424,9.1427],[76.5422,9.1359],[76.509,9.137],[76.5025,9.1352],[76.5066,9.1251],[76.4783,9.124],[76.4767,9.1176],[76.4884,9.0921],[76.485,9.0901],[76.4663,9.129],[76.4722,9.1469],[76.47,9.1578],[76.4636,9.1698],[76.4586,9.1706],[76.4475,9.1963],[76.4691,9.2005],[76.4755,9.2075],[76.4676,9.2271],[76.4839,9.2303],[76.4981,9.2271],[76.5045,9.2651]]]},"properties":{"STATE":"KERALA","DISTRICT":"ALAPPUZHA","AC":"AC","AC_NAME":"KAYAMKULAM","YEAR":2026.0,"RES":"GEN","ELECTORS":202857.0,"VOTERS":155399.0,"TURNOUT":76.61,"MARGIN":15572.0,"MARGIN_PERCENTAGE":10.02,"MARGIN_PERCENTAGE2":null,"MARGIN_PERCENTAGE3":null,"PARTY_RANK1":"INC","PARTY_RANK2":"CPI(M)","PARTY_RANK3":"BDJS","PARTY_RANK4":"NOTA","CANDIDATE_RANK1":"ADV.M.LIJU","CANDIDATE_RANK2":"ADV.U.PRATHIBHA","CANDIDATE_RANK3":"THAMPI METTUTHARA","CANDIDATE_RANK4":"NOTA","COLOR":"#00BFFF","VOTES_RANK1":76651.0,"VOTES_RANK1_PERCENTAGE":49.33,"VOTES_RANK2":61079.0,"VOTES_RANK2_PERCENTAGE":39.3,"VOTES_RANK3":16973.0,"VOTES_RANK3_PERCENTAGE":10.92,"VOTES_RANK4":696.0,"VOTES_RANK4_PERCENTAGE":0.45,"CANDIDATE_RANK1_GENDER":null,"CANDIDATE_RANK2_GENDER":null,"CANDIDATE_RANK3_GENDER":null,"CANDIDATE_RANK4_GENDER":null,"HORSE_RACE":null,"GENERAL_ELECTORS_TOTAL":null,"GENERAL_ELECTORS_MALE":null,"GENERAL_ELECTORS_FEMALE":null,"GENERAL_ELECTORS_THIRD_GENDER":null,"GENERAL_VOTERS_TOTAL":null,"GENERAL_VOTERS_MALE":null,"GENERAL_VOTERS_FEMALE":null,"GENERAL_VOTERS_THIRD_GENDER":null,"GENERAL_TURNOUT_MALE":null,"GENERAL_TURNOUT_FEMALE":null,"GENERAL_TURNOUT_THIRD_GENDER":null,"RES_COLOR":null,"HORSE_RACE_COLOR":null,"GENDER_COLOR":null,"ID":26971}},{"type":"Feature","geometry":{"type":"Polygon","coordinates":[[[76.3924,9.5487],[76.4048,9.5536],[76.4045,9.5592],[76.4144,9.5631],[76.4271,9.5491],[76.4637,9.5605],[76.4651,9.5413],[76.4797,9.5362],[76.4794,9.5065],[76.4895,9.5069],[76.5099,9.5008],[76.5159,9.4894],[76.5079,9.4865],[76.5088,9.4774],[76.4951,9.4444],[76.5118,9.4362],[76.5051,9.4293],[76.5113,9.419],[76.5055,9.4106],[76.5064,9.4038],[76.5136,9.4008],[76.509,9.3771],[76.5141,9.3697],[76.5238,9.3662],[76.5159,9.3661],[76.5127,9.3543],[76.4826,9.3461],[76.4739,9.3327],[76.4747,9.3284],[76.4928,9.3254],[76.4942,9.3195],[76.4898,9.3171],[76.4946,9.31],[76.489,9.303],[76.4809,9.3039],[76.4831,9.3123],[76.4741,9.3117],[76.4701,9.3177],[76.468,9.2969],[76.4539,9.2977],[76.4522,9.3258],[76.4642,9.3303],[76.461,9.3489],[76.4529,9.3526],[76.4478,9.3471],[76.435,9.3517],[76.4208,9.3405],[76.4115,9.344],[76.4101,9.3501],[76.3968,9.3497],[76.3875,9.3559],[76.4044,9.3749],[76.4038,9.3952],[76.3878,9.3948],[76.3786,9.4106],[76.3693,9.4431],[76.3609,9.4553],[76.3642,9.4894],[76.3704,9.509],[76.3838,9.5198],[76.3924,9.5487]]]},"properties":{"STATE":"KERALA","DISTRICT":"ALAPPUZHA","AC":"AC","AC_NAME":"KUTTANAD","YEAR":2026.0,"RES":"GEN","ELECTORS":154639.0,"VOTERS":112560.0,"TURNOUT":72.79,"MARGIN":20600.0,"MARGIN_PERCENTAGE":18.3,"MARGIN_PERCENTAGE2":null,"MARGIN_PERCENTAGE3":null,"PARTY_RANK1":"KEC","PARTY_RANK2":"NCPSP","PARTY_RANK3":"BDJS","PARTY_RANK4":"NOTA","CANDIDATE_RANK1":"REJI CHERIYAN","CANDIDATE_RANK2":"THOMAS K. THOMAS","CANDIDATE_RANK3":"SANTHOSH SANTHI","CANDIDATE_RANK4":"NOTA","COLOR":"#FF6347","VOTES_RANK1":56594.0,"VOTES_RANK1_PERCENTAGE":50.28,"VOTES_RANK2":35994.0,"VOTES_RANK2_PERCENTAGE":31.98,"VOTES_RANK3":16932.0,"VOTES_RANK3_PERCENTAGE":15.04,"VOTES_RANK4":713.0,"VOTES_RANK4_PERCENTAGE":0.63,"CANDIDATE_RANK1_GENDER":null,"CANDIDATE_RANK2_GENDER":null,"CANDIDATE_RANK3_GENDER":null,"CANDIDATE_RANK4_GENDER":null,"HORSE_RACE":null,"GENERAL_ELECTORS_TOTAL":null,"GENERAL_ELECTORS_MALE":null,"GENERAL_ELECTORS_FEMALE":null,"GENERAL_ELECTORS_THIRD_GENDER":null,"GENERAL_VOTERS_TOTAL":null,"GENERAL_VOTERS_MALE":null,"GENERAL_VOTERS_FEMALE":null,"GENERAL_VOTERS_THIRD_GENDER":null,"GENERAL_TURNOUT_MALE":null,"GENERAL_TURNOUT_FEMALE":null,"GENERAL_TURNOUT_THIRD_GENDER":null,"RES_COLOR":null,"HORSE_RACE_COLOR":null,"GENDER_COLOR":null,"ID":26993}},{"type":"Feature","geometry":{"type":"Polygon","coordinates":[[[76.5253,9.258],[76.5299,9.2616],[76.5396,9.2562],[76.5447,9.2666],[76.5477,9.2597],[76.5531,9.2707],[76.5623,9.2722],[76.5704,9.2649],[76.5767,9.2685],[76.5779,9.2589],[76.5906,9.2459],[76.5959,9.2461],[76.6012,9.2374],[76.608,9.2396],[76.618,9.2278],[76.6276,9.2308],[76.6263,9.2372],[76.6328,9.2439],[76.6392,9.2338],[76.6439,9.2033],[76.6492,9.2087],[76.6533,9.2013],[76.6674,9.1994],[76.6854,9.1743],[76.6732,9.1669],[76.6745,9.1537],[76.6623,9.1499],[76.6404,9.1507],[76.6349,9.1422],[76.6146,9.1304],[76.6031,9.1307],[76.592,9.1319],[76.5844,9.1171],[76.5737,9.1176],[76.5683,9.112],[76.5564,9.1103],[76.5496,9.1141],[76.5422,9.1359],[76.5424,9.1427],[76.5628,9.1421],[76.5613,9.1576],[76.5699,9.1642],[76.5859,9.166],[76.5866,9.1701],[76.5839,9.1801],[76.571,9.1872],[76.5708,9.1956],[76.564,9.1949],[76.5628,9.2041],[76.5587,9.203],[76.5581,9.1943],[76.541,9.195],[76.5332,9.2],[76.5337,9.2233],[76.5253,9.258]]]},"properties":{"STATE":"KERALA","DISTRICT":"ALAPPUZHA","AC":"AC","AC_NAME":"MAVELIKARA","YEAR":2026.0,"RES":"SC","ELECTORS":193812.0,"VOTERS":142667.0,"TURNOUT":73.61,"MARGIN":15736.0,"MARGIN_PERCENTAGE":11.03,"MARGIN_PERCENTAGE2":null,"MARGIN_PERCENTAGE3":null,"PARTY_RANK1":"CPI(M)","PARTY_RANK2":"INC","PARTY_RANK3":"BJP","PARTY_RANK4":"NOTA","CANDIDATE_RANK1":"M.S. ARUN KUMAR","CANDIDATE_RANK2":"ADV. MUTHARA RAJ","CANDIDATE_RANK3":"K. AJIMON","CANDIDATE_RANK4":"NOTA","COLOR":"#FF0000","VOTES_RANK1":67180.0,"VOTES_RANK1_PERCENTAGE":47.09,"VOTES_RANK2":51444.0,"VOTES_RANK2_PERCENTAGE":36.06,"VOTES_RANK3":23200.0,"VOTES_RANK3_PERCENTAGE":16.26,"VOTES_RANK4":565.0,"VOTES_RANK4_PERCENTAGE":0.4,"CANDIDATE_RANK1_GENDER":null,"CANDIDATE_RANK2_GENDER":null,"CANDIDATE_RANK3_GENDER":null,"CANDIDATE_RANK4_GENDER":null,"HORSE_RACE":null,"GENERAL_ELECTORS_TOTAL":null,"GENERAL_ELECTORS_MALE":null,"GENERAL_ELECTORS_FEMALE":null,"GENERAL_ELECTORS_THIRD_GENDER":null,"GENERAL_VOTERS_TOTAL":null,"GENERAL_VOTERS_MALE":null,"GENERAL_VOTERS_FEMALE":null,"GENERAL_VOTERS_THIRD_GENDER":null,"GENERAL_TURNOUT_MALE":null,"GENERAL_TURNOUT_FEMALE":null,"GENERAL_TURNOUT_THIRD_GENDER":null,"RES_COLOR":null,"HORSE_RACE_COLOR":null,"GENDER_COLOR":null,"ID":27004}},{"type":"Feature","geometry":{"type":"Polygon","coordinates":[[[76.3469,10.1883],[76.3728,10.1764],[76.3937,10.1773],[76.3953,10.1666],[76.3897,10.1633],[76.3949,10.1529],[76.4033,10.1536],[76.4099,10.1604],[76.4173,10.1565],[76.4302,10.1646],[76.4389,10.163],[76.4294,10.1464],[76.4497,10.1448],[76.4491,10.1384],[76.4571,10.1327],[76.4519,10.122],[76.4447,10.1194],[76.4344,10.1229],[76.4119,10.1145],[76.4088,10.0953],[76.3986,10.0751],[76.3979,10.0605],[76.3809,10.037],[76.3714,10.0491],[76.3621,10.0474],[76.3465,10.0783],[76.3303,10.066],[76.326,10.0675],[76.3349,10.0808],[76.3348,10.0915],[76.3438,10.0938],[76.3469,10.1075],[76.346,10.1126],[76.3371,10.1132],[76.3359,10.1188],[76.3218,10.1212],[76.3309,10.1267],[76.3272,10.1386],[76.3279,10.1655],[76.3392,10.1756],[76.3364,10.1862],[76.3438,10.1911],[76.3469,10.1883]]]},"properties":{"STATE":"KERALA","DISTRICT":"ERNAKULAM","AC":"AC","AC_NAME":"ALUVA","YEAR":2026.0,"RES":"GEN","ELECTORS":194447.0,"VOTERS":158962.0,"TURNOUT":81.75,"MARGIN":29143.0,"MARGIN_PERCENTAGE":18.33,"MARGIN_PERCENTAGE2":null,"MARGIN_PERCENTAGE3":null,"PARTY_RANK1":"INC","PARTY_RANK2":"CPI(M)","PARTY_RANK3":"BJP","PARTY_RANK4":"NOTA","CANDIDATE_RANK1":"ANWAR SADATH","CANDIDATE_RANK2":"ADVOCATE A.M.ARIFF","CANDIDATE_RANK3":"M.A.BRAHMARAJ","CANDIDATE_RANK4":"NOTA","COLOR":"#00BFFF","VOTES_RANK1":83899.0,"VOTES_RANK1_PERCENTAGE":52.78,"VOTES_RANK2":54756.0,"VOTES_RANK2_PERCENTAGE":34.45,"VOTES_RANK3":18732.0,"VOTES_RANK3_PERCENTAGE":11.78,"VOTES_RANK4":1172.0,"VOTES_RANK4_PERCENTAGE":0.74,"CANDIDATE_RANK1_GENDER":null,"CANDIDATE_RANK2_GENDER":null,"CANDIDATE_RANK3_GENDER":null,"CANDIDATE_RANK4_GENDER":null,"HORSE_RACE":null,"GENERAL_ELECTORS_TOTAL":null,"GENERAL_ELECTORS_MALE":null,"GENERAL_ELECTORS_FEMALE":null,"GENERAL_ELECTORS_THIRD_GENDER":null,"GENERAL_VOTERS_TOTAL":null,"GENERAL_VOTERS_MALE":null,"GENERAL_VOTERS_FEMALE":null,"GENERAL_VOTERS_THIRD_GENDER":null,"GENERAL_TURNOUT_MALE":null,"GENERAL_TURNOUT_FEMALE":null,"GENERAL_TURNOUT_THIRD_GENDER":null,"RES_COLOR":null,"HORSE_RACE_COLOR":null,"GENDER_COLOR":null,"ID":26928}},{"type":"Feature","geometry":{"type":"Polygon","coordinates":[[[76.6877,10.2673],[76.6796,10.2515],[76.6736,10.2157],[76.6515,10.1911],[76.6415,10.1616],[76.6286,10.1755],[76.6136,10.1719],[76.6033,10.177],[76.5928,10.176],[76.5563,10.1985],[76.5166,10.1949],[76.5024,10.1827],[76.4718,10.1842],[76.4596,10.1729],[76.4389,10.163],[76.4302,10.1646],[76.4173,10.1565],[76.4099,10.1604],[76.4033,10.1536],[76.3949,10.1529],[76.3897,10.1633],[76.3953,10.1666],[76.3937,10.1773],[76.3728,10.1764],[76.3469,10.1883],[76.3438,10.1911],[76.3364,10.1862],[76.3392,10.1756],[76.3279,10.1655],[76.3202,10.1703],[76.3231,10.1798],[76.3232,10.1838],[76.3172,10.1794],[76.3118,10.1815],[76.3121,10.1829],[76.3102,10.2058],[76.3309,10.209],[76.3411,10.2267],[76.3396,10.232],[76.3581,10.237],[76.3796,10.2454],[76.3781,10.2552],[76.3906,10.2558],[76.3907,10.2664],[76.3964,10.2678],[76.4009,10.2763],[76.4115,10.2788],[76.4156,10.2942],[76.4305,10.2898],[76.4466,10.2973],[76.4732,10.2918],[76.4903,10.2944],[76.4998,10.2884],[76.5242,10.2849],[76.5452,10.2902],[76.5546,10.2835],[76.5733,10.285],[76.5662,10.2942],[76.577,10.3033],[76.5899,10.2997],[76.5904,10.2926],[76.6034,10.2808],[76.6188,10.281],[76.6215,10.2742],[76.6404,10.275],[76.6458,10.2809],[76.662,10.2807],[76.6693,10.2723],[76.6877,10.2673]]]},"properties":{"STATE":"KERALA","DISTRICT":"ERNAKULAM","AC":"AC","AC_NAME":"ANGAMALY","YEAR":2026.0,"RES":"GEN","ELECTORS":170480.0,"VOTERS":130848.0,"TURNOUT":76.75,"MARGIN":37008.0,"MARGIN_PERCENTAGE":28.28,"MARGIN_PERCENTAGE2":null,"MARGIN_PERCENTAGE3":null,"PARTY_RANK1":"INC","PARTY_RANK2":"CPI(M)","PARTY_RANK3":"TTPty","PARTY_RANK4":"NOTA","CANDIDATE_RANK1":"ROJI M JOHN","CANDIDATE_RANK2":"SAJU PAUL","CANDIDATE_RANK3":"PROMY KURIAKOSE","CANDIDATE_RANK4":"NOTA","COLOR":"#00BFFF","VOTES_RANK1":78331.0,"VOTES_RANK1_PERCENTAGE":59.86,"VOTES_RANK2":41323.0,"VOTES_RANK2_PERCENTAGE":31.58,"VOTES_RANK3":9893.0,"VOTES_RANK3_PERCENTAGE":7.56,"VOTES_RANK4":666.0,"VOTES_RANK4_PERCENTAGE":0.51,"CANDIDATE_RANK1_GENDER":null,"CANDIDATE_RANK2_GENDER":null,"CANDIDATE_RANK3_GENDER":null,"CANDIDATE_RANK4_GENDER":null,"HORSE_RACE":null,"GENERAL_ELECTORS_TOTAL":null,"GENERAL_ELECTORS_MALE":null,"GENERAL_ELECTORS_FEMALE":null,"GENERAL_ELECTORS_THIRD_GENDER":null,"GENERAL_VOTERS_TOTAL":null,"GENERAL_VOTERS_MALE":null,"GENERAL_VOTERS_FEMALE":null,"GENERAL_VOTERS_THIRD_GENDER":null,"GENERAL_TURNOUT_MALE":null,"GENERAL_TURNOUT_FEMALE":null,"GENERAL_TURNOUT_THIRD_GENDER":null,"RES_COLOR":null,"HORSE_RACE_COLOR":null,"GENDER_COLOR":null,"ID":26930}},{"type":"Feature","geometry":{"type":"Polygon","coordinates":[[[76.2943,10.0657],[76.2928,10.0577],[76.2984,10.0488],[76.2874,10.0387],[76.2903,10.0303],[76.2825,10.0219],[76.2926,9.9946],[76.291,9.9824],[76.2981,9.9721],[76.3001,9.9541],[76.2968,9.9537],[76.2981,9.9462],[76.2897,9.9431],[76.2696,9.9835],[76.2737,10.0014],[76.2715,10.0101],[76.2678,10.0218],[76.2598,10.0211],[76.2578,10.0264],[76.2687,10.0327],[76.2678,10.0458],[76.2797,10.0479],[76.2808,10.0641],[76.2815,10.0731],[76.2943,10.0657]]]},"properties":{"STATE":"KERALA","DISTRICT":"ERNAKULAM","AC":"AC","AC_NAME":"ERANAKULAM","YEAR":2026.0,"RES":"GEN","ELECTORS":136321.0,"VOTERS":107732.0,"TURNOUT":79.03,"MARGIN":36163.0,"MARGIN_PERCENTAGE":33.57,"MARGIN_PERCENTAGE2":null,"MARGIN_PERCENTAGE3":null,"PARTY_RANK1":"INC","PARTY_RANK2":"ISJD","PARTY_RANK3":"BJP","PARTY_RANK4":"NOTA","CANDIDATE_RANK1":"T.J VINOD","CANDIDATE_RANK2":"SABU GEORGE","CANDIDATE_RANK3":"P.R. SIVASANKAR","CANDIDATE_RANK4":"NOTA","COLOR":"#00BFFF","VOTES_RANK1":61296.0,"VOTES_RANK1_PERCENTAGE":56.9,"VOTES_RANK2":25133.0,"VOTES_RANK2_PERCENTAGE":23.33,"VOTES_RANK3":19154.0,"VOTES_RANK3_PERCENTAGE":17.78,"VOTES_RANK4":1079.0,"VOTES_RANK4_PERCENTAGE":1.0,"CANDIDATE_RANK1_GENDER":null,"CANDIDATE_RANK2_GENDER":null,"CANDIDATE_RANK3_GENDER":null,"CANDIDATE_RANK4_GENDER":null,"HORSE_RACE":null,"GENERAL_ELECTORS_TOTAL":null,"GENERAL_ELECTORS_MALE":null,"GENERAL_ELECTORS_FEMALE":null,"GENERAL_ELECTORS_THIRD_GENDER":null,"GENERAL_VOTERS_TOTAL":null,"GENERAL_VOTERS_MALE":null,"GENERAL_VOTERS_FEMALE":null,"GENERAL_VOTERS_THIRD_GENDER":null,"GENERAL_TURNOUT_MALE":null,"GENERAL_TURNOUT_FEMALE":null,"GENERAL_TURNOUT_THIRD_GENDER":null,"RES_COLOR":null,"HORSE_RACE_COLOR":null,"GENDER_COLOR":null,"ID":26952}},{"type":"Feature","geometry":{"type":"Polygon","coordinates":[[[76.3231,10.1798],[76.3202,10.1703],[76.3279,10.1655],[76.3272,10.1386],[76.3309,10.1267],[76.3218,10.1212],[76.3359,10.1188],[76.3371,10.1132],[76.346,10.1126],[76.3469,10.1075],[76.3438,10.0938],[76.3348,10.0915],[76.3349,10.0808],[76.326,10.0675],[76.3303,10.066],[76.3465,10.0783],[76.3621,10.0474],[76.3714,10.0491],[76.3809,10.037],[76.3793,10.0181],[76.3691,10.0057],[76.3675,9.9954],[76.3608,9.9916],[76.3565,9.9918],[76.3501,9.9921],[76.3499,10.0176],[76.3541,10.025],[76.3507,10.0313],[76.3362,10.0398],[76.3324,10.0324],[76.3101,10.025],[76.2996,10.0454],[76.2984,10.0488],[76.2928,10.0577],[76.2943,10.0657],[76.2815,10.0731],[76.2843,10.0862],[76.2672,10.0889],[76.265,10.0971],[76.2687,10.1039],[76.2646,10.1162],[76.2698,10.1182],[76.2702,10.1271],[76.2611,10.1408],[76.2611,10.15],[76.2547,10.1561],[76.2547,10.1646],[76.2641,10.1597],[76.2719,10.1482],[76.2785,10.1478],[76.2813,10.1541],[76.2863,10.1533],[76.2909,10.1617],[76.2994,10.166],[76.2991,10.1703],[76.3054,10.1704],[76.3118,10.1815],[76.3172,10.1794],[76.3232,10.1838],[76.3231,10.1798]]]},"properties":{"STATE":"KERALA","DISTRICT":"ERNAKULAM","AC":"AC","AC_NAME":"KALAMASSERY","YEAR":2026.0,"RES":"GEN","ELECTORS":197775.0,"VOTERS":163345.0,"TURNOUT":82.59,"MARGIN":16312.0,"MARGIN_PERCENTAGE":9.99,"MARGIN_PERCENTAGE2":null,"MARGIN_PERCENTAGE3":null,"PARTY_RANK1":"IUML","PARTY_RANK2":"CPI(M)","PARTY_RANK3":"BDJS","PARTY_RANK4":"SDPI","CANDIDATE_RANK1":"ADV. V E ABDUL GAFOOR","CANDIDATE_RANK2":"P RAJEEVE","CANDIDATE_RANK3":"BINU","CANDIDATE_RANK4":"AJMAL K MUJEEB","COLOR":"#228B22","VOTES_RANK1":80606.0,"VOTES_RANK1_PERCENTAGE":49.35,"VOTES_RANK2":64294.0,"VOTES_RANK2_PERCENTAGE":39.36,"VOTES_RANK3":14130.0,"VOTES_RANK3_PERCENTAGE":8.65,"VOTES_RANK4":1578.0,"VOTES_RANK4_PERCENTAGE":0.97,"CANDIDATE_RANK1_GENDER":null,"CANDIDATE_RANK2_GENDER":null,"CANDIDATE_RANK3_GENDER":null,"CANDIDATE_RANK4_GENDER":null,"HORSE_RACE":null,"GENERAL_ELECTORS_TOTAL":null,"GENERAL_ELECTORS_MALE":null,"GENERAL_ELECTORS_FEMALE":null,"GENERAL_ELECTORS_THIRD_GENDER":null,"GENERAL_VOTERS_TOTAL":null,"GENERAL_VOTERS_MALE":null,"GENERAL_VOTERS_FEMALE":null,"GENERAL_VOTERS_THIRD_GENDER":null,"GENERAL_TURNOUT_MALE":null,"GENERAL_TURNOUT_FEMALE":null,"GENERAL_TURNOUT_THIRD_GENDER":null,"RES_COLOR":null,"HORSE_RACE_COLOR":null,"GENDER_COLOR":null,"ID":26962}},{"type":"Feature","geometry":{"type":"Polygon","coordinates":[[[76.2696,9.9835],[76.2897,9.9431],[76.3008,9.9228],[76.303,9.8899],[76.2927,9.8903],[76.2986,9.8532],[76.2857,9.8491],[76.2843,9.8366],[76.2793,9.8304],[76.2802,9.8224],[76.2868,9.8186],[76.2916,9.8063],[76.282,9.8042],[76.285,9.7906],[76.2794,9.789],[76.2773,9.7891],[76.261,9.8815],[76.2378,9.9565],[76.2402,9.9746],[76.2458,9.9872],[76.2514,9.9806],[76.2578,9.9857],[76.2566,9.9771],[76.2696,9.9835]]]},"properties":{"STATE":"KERALA","DISTRICT":"ERNAKULAM","AC":"AC","AC_NAME":"KOCHI","YEAR":2026.0,"RES":"GEN","ELECTORS":165748.0,"VOTERS":134349.0,"TURNOUT":81.06,"MARGIN":8188.0,"MARGIN_PERCENTAGE":6.09,"MARGIN_PERCENTAGE2":null,"MARGIN_PERCENTAGE3":null,"PARTY_RANK1":"INC","PARTY_RANK2":"CPI(M)","PARTY_RANK3":"TTPty","PARTY_RANK4":"NOTA","CANDIDATE_RANK1":"MOHAMMED SHIYAS","CANDIDATE_RANK2":"K.J. MAXY","CANDIDATE_RANK3":"ADV. XAVIER JULAPPAN","CANDIDATE_RANK4":"NOTA","COLOR":"#00BFFF","VOTES_RANK1":64318.0,"VOTES_RANK1_PERCENTAGE":47.87,"VOTES_RANK2":56130.0,"VOTES_RANK2_PERCENTAGE":41.78,"VOTES_RANK3":11854.0,"VOTES_RANK3_PERCENTAGE":8.82,"VOTES_RANK4":926.0,"VOTES_RANK4_PERCENTAGE":0.69,"CANDIDATE_RANK1_GENDER":null,"CANDIDATE_RANK2_GENDER":null,"CANDIDATE_RANK3_GENDER":null,"CANDIDATE_RANK4_GENDER":null,"HORSE_RACE":null,"GENERAL_ELECTORS_TOTAL":null,"GENERAL_ELECTORS_MALE":null,"GENERAL_ELECTORS_FEMALE":null,"GENERAL_ELECTORS_THIRD_GENDER":null,"GENERAL_VOTERS_TOTAL":null,"GENERAL_VOTERS_MALE":null,"GENERAL_VOTERS_FEMALE":null,"GENERAL_VOTERS_THIRD_GENDER":null,"GENERAL_TURNOUT_MALE":null,"GENERAL_TURNOUT_FEMALE":null,"GENERAL_TURNOUT_THIRD_GENDER":null,"RES_COLOR":null,"HORSE_RACE_COLOR":null,"GENDER_COLOR":null,"ID":26973}},{"type":"Feature","geometry":{"type":"Polygon","coordinates":[[[76.6416,10.1614],[76.6587,10.1388],[76.6705,10.1431],[76.677,10.1393],[76.7265,10.0929],[76.7414,10.0854],[76.7671,10.0617],[76.7751,10.0603],[76.7818,10.059],[76.786,10.0501],[76.797,10.0419],[76.8397,10.0245],[76.8308,10.0131],[76.8257,10.0136],[76.7833,10.0363],[76.7696,10.0181],[76.7334,10.0274],[76.6746,10.0213],[76.6629,10.0287],[76.6535,10.0292],[76.6558,10.0195],[76.6522,10.0146],[76.6453,10.014],[76.6281,10.0011],[76.6127,10.0045],[76.5996,9.9994],[76.5939,10.0038],[76.5999,10.0092],[76.5981,10.0322],[76.5858,10.0378],[76.5777,10.0345],[76.5698,10.0481],[76.5568,10.0545],[76.5623,10.0631],[76.5572,10.0741],[76.5583,10.0845],[76.5684,10.0833],[76.5748,10.0901],[76.5718,10.1056],[76.5791,10.1375],[76.5855,10.1439],[76.6001,10.1455],[76.6081,10.151],[76.6369,10.15],[76.6416,10.1614]]]},"properties":{"STATE":"KERALA","DISTRICT":"ERNAKULAM","AC":"AC","AC_NAME":"KOTHAMANGALAM","YEAR":2026.0,"RES":"GEN","ELECTORS":172091.0,"VOTERS":139091.0,"TURNOUT":80.82,"MARGIN":16859.0,"MARGIN_PERCENTAGE":12.12,"MARGIN_PERCENTAGE2":null,"MARGIN_PERCENTAGE3":null,"PARTY_RANK1":"KEC","PARTY_RANK2":"CPI(M)","PARTY_RANK3":"BDJS","PARTY_RANK4":"SDPI","CANDIDATE_RANK1":"SHIBU THECKUMPURAM","CANDIDATE_RANK2":"ANTONY JOHN","CANDIDATE_RANK3":"AJI NARAYANAN","CANDIDATE_RANK4":"ROY ARACKAL","COLOR":"#FF6347","VOTES_RANK1":73479.0,"VOTES_RANK1_PERCENTAGE":52.83,"VOTES_RANK2":56620.0,"VOTES_RANK2_PERCENTAGE":40.71,"VOTES_RANK3":7046.0,"VOTES_RANK3_PERCENTAGE":5.07,"VOTES_RANK4":703.0,"VOTES_RANK4_PERCENTAGE":0.51,"CANDIDATE_RANK1_GENDER":null,"CANDIDATE_RANK2_GENDER":null,"CANDIDATE_RANK3_GENDER":null,"CANDIDATE_RANK4_GENDER":null,"HORSE_RACE":null,"GENERAL_ELECTORS_TOTAL":null,"GENERAL_ELECTORS_MALE":null,"GENERAL_ELECTORS_FEMALE":null,"GENERAL_ELECTORS_THIRD_GENDER":null,"GENERAL_VOTERS_TOTAL":null,"GENERAL_VOTERS_MALE":null,"GENERAL_VOTERS_FEMALE":null,"GENERAL_VOTERS_THIRD_GENDER":null,"GENERAL_TURNOUT_MALE":null,"GENERAL_TURNOUT_FEMALE":null,"GENERAL_TURNOUT_THIRD_GENDER":null,"RES_COLOR":null,"HORSE_RACE_COLOR":null,"GENDER_COLOR":null,"ID":26980}},{"type":"Feature","geometry":{"type":"Polygon","coordinates":[[[76.4519,10.122],[76.4601,10.1212],[76.4658,10.1144],[76.4625,10.1037],[76.4506,10.1066],[76.4398,10.1026],[76.438,10.0916],[76.4326,10.0869],[76.434,10.0641],[76.4382,10.0646],[76.4572,10.0481],[76.4642,10.0494],[76.4735,10.0436],[76.484,10.048],[76.4947,10.0649],[76.5048,10.0639],[76.5206,10.0526],[76.5263,10.0548],[76.5281,10.0506],[76.5397,10.0525],[76.5446,10.0492],[76.5387,10.0457],[76.5379,10.0259],[76.5451,10.0091],[76.5401,10.0044],[76.529,10.0089],[76.5108,10.0003],[76.5058,9.9938],[76.5063,9.9733],[76.494,9.9671],[76.5027,9.9603],[76.4998,9.9556],[76.487,9.9543],[76.4719,9.9376],[76.4593,9.9451],[76.4536,9.9416],[76.4451,9.9442],[76.4439,9.9327],[76.4387,9.9263],[76.4414,9.9199],[76.4256,9.9135],[76.421,9.9146],[76.4169,9.9272],[76.379,9.9425],[76.3715,9.9516],[76.3741,9.959],[76.3581,9.9752],[76.3595,9.9815],[76.3558,9.9797],[76.3608,9.9916],[76.3675,9.9954],[76.3691,10.0057],[76.3793,10.0181],[76.3809,10.037],[76.3979,10.0605],[76.3986,10.0751],[76.4088,10.0953],[76.4119,10.1145],[76.4344,10.1229],[76.4447,10.1194],[76.4519,10.122]]]},"properties":{"STATE":"KERALA","DISTRICT":"ERNAKULAM","AC":"AC","AC_NAME":"KUNNATHUNAD","YEAR":2026.0,"RES":"SC","ELECTORS":188394.0,"VOTERS":161066.0,"TURNOUT":85.49,"MARGIN":21283.0,"MARGIN_PERCENTAGE":13.21,"MARGIN_PERCENTAGE2":null,"MARGIN_PERCENTAGE3":null,"PARTY_RANK1":"INC","PARTY_RANK2":"CPI(M)","PARTY_RANK3":"TTPty","PARTY_RANK4":"NOTA","CANDIDATE_RANK1":"V. P. SAJEENDRAN","CANDIDATE_RANK2":"ADV. P. V. SREENIJIN","CANDIDATE_RANK3":"BABU DIVAKARAN","CANDIDATE_RANK4":"NOTA","COLOR":"#00BFFF","VOTES_RANK1":70292.0,"VOTES_RANK1_PERCENTAGE":43.64,"VOTES_RANK2":49009.0,"VOTES_RANK2_PERCENTAGE":30.43,"VOTES_RANK3":40221.0,"VOTES_RANK3_PERCENTAGE":24.97,"VOTES_RANK4":952.0,"VOTES_RANK4_PERCENTAGE":0.59,"CANDIDATE_RANK1_GENDER":null,"CANDIDATE_RANK2_GENDER":null,"CANDIDATE_RANK3_GENDER":null,"CANDIDATE_RANK4_GENDER":null,"HORSE_RACE":null,"GENERAL_ELECTORS_TOTAL":null,"GENERAL_ELECTORS_MALE":null,"GENERAL_ELECTORS_FEMALE":null,"GENERAL_ELECTORS_THIRD_GENDER":null,"GENERAL_VOTERS_TOTAL":null,"GENERAL_VOTERS_MALE":null,"GENERAL_VOTERS_FEMALE":null,"GENERAL_VOTERS_THIRD_GENDER":null,"GENERAL_TURNOUT_MALE":null,"GENERAL_TURNOUT_FEMALE":null,"GENERAL_TURNOUT_THIRD_GENDER":null,"RES_COLOR":null,"HORSE_RACE_COLOR":null,"GENDER_COLOR":null,"ID":26990}},{"type":"Feature","geometry":{"type":"Polygon","coordinates":[[[76.5568,10.0545],[76.5698,10.0481],[76.5777,10.0345],[76.5858,10.0378],[76.5981,10.0322],[76.5999,10.0092],[76.5939,10.0038],[76.5996,9.9994],[76.6127,10.0045],[76.6281,10.0011],[76.6453,10.014],[76.6522,10.0146],[76.6558,10.0195],[76.6535,10.0292],[76.6629,10.0287],[76.6746,10.0213],[76.7334,10.0274],[76.7696,10.0181],[76.7642,10.011],[76.7685,10.0016],[76.766,9.9972],[76.7702,9.9945],[76.7646,9.9932],[76.765,9.9895],[76.7599,9.9917],[76.7658,9.9814],[76.7442,9.9914],[76.7262,9.9817],[76.7196,9.9876],[76.7099,9.9886],[76.7133,9.9787],[76.7085,9.9759],[76.723,9.9531],[76.7135,9.9497],[76.7114,9.9446],[76.7055,9.946],[76.6978,9.9298],[76.6932,9.9324],[76.6917,9.9256],[76.6866,9.9236],[76.6987,9.9187],[76.6959,9.9092],[76.6833,9.9113],[76.6815,9.9182],[76.6615,9.9171],[76.649,9.9222],[76.6301,9.9156],[76.6287,9.9002],[76.6368,9.8742],[76.6319,9.8722],[76.6351,9.8654],[76.6294,9.8559],[76.6198,9.8573],[76.6096,9.8514],[76.6104,9.8598],[76.5843,9.8934],[76.5825,9.9119],[76.5633,9.9199],[76.5398,9.9429],[76.5463,9.9559],[76.5432,9.9591],[76.5483,9.9649],[76.5472,9.9712],[76.5304,9.9631],[76.5137,9.9732],[76.5063,9.9733],[76.5058,9.9938],[76.5108,10.0003],[76.529,10.0089],[76.5401,10.0044],[76.5451,10.0091],[76.5379,10.0259],[76.5387,10.0457],[76.5446,10.0492],[76.5524,10.0589],[76.5568,10.0545]]]},"properties":{"STATE":"KERALA","DISTRICT":"ERNAKULAM","AC":"AC","AC_NAME":"MUVATTUPUZHA","YEAR":2026.0,"RES":"GEN","ELECTORS":186350.0,"VOTERS":148131.0,"TURNOUT":79.49,"MARGIN":42829.0,"MARGIN_PERCENTAGE":28.91,"MARGIN_PERCENTAGE2":null,"MARGIN_PERCENTAGE3":null,"PARTY_RANK1":"INC","PARTY_RANK2":"CPI","PARTY_RANK3":"TTPty","PARTY_RANK4":"NOTA","CANDIDATE_RANK1":"DR. MATHEW KUZHALNADAN","CANDIDATE_RANK2":"N ARUN","CANDIDATE_RANK3":"SUNNY KADOOTHAZHE","CANDIDATE_RANK4":"NOTA","COLOR":"#00BFFF","VOTES_RANK1":89914.0,"VOTES_RANK1_PERCENTAGE":60.7,"VOTES_RANK2":47085.0,"VOTES_RANK2_PERCENTAGE":31.79,"VOTES_RANK3":9840.0,"VOTES_RANK3_PERCENTAGE":6.64,"VOTES_RANK4":683.0,"VOTES_RANK4_PERCENTAGE":0.46,"CANDIDATE_RANK1_GENDER":null,"CANDIDATE_RANK2_GENDER":null,"CANDIDATE_RANK3_GENDER":null,"CANDIDATE_RANK4_GENDER":null,"HORSE_RACE":null,"GENERAL_ELECTORS_TOTAL":null,"GENERAL_ELECTORS_MALE":null,"GENERAL_ELECTORS_FEMALE":null,"GENERAL_ELECTORS_THIRD_GENDER":null,"GENERAL_VOTERS_TOTAL":null,"GENERAL_VOTERS_MALE":null,"GENERAL_VOTERS_FEMALE":null,"GENERAL_VOTERS_THIRD_GENDER":null,"GENERAL_TURNOUT_MALE":null,"GENERAL_TURNOUT_FEMALE":null,"GENERAL_TURNOUT_THIRD_GENDER":null,"RES_COLOR":null,"HORSE_RACE_COLOR":null,"GENDER_COLOR":null,"ID":27005}},{"type":"Feature","geometry":{"type":"Polygon","coordinates":[[[76.1794,10.1884],[76.2135,10.1942],[76.2116,10.201],[76.2198,10.2071],[76.2637,10.2],[76.2596,10.1972],[76.2611,10.1898],[76.2721,10.1844],[76.274,10.1751],[76.2966,10.1761],[76.302,10.1857],[76.3121,10.1829],[76.3118,10.1815],[76.3054,10.1704],[76.2991,10.1703],[76.2994,10.166],[76.2909,10.1617],[76.2863,10.1533],[76.2813,10.1541],[76.2785,10.1478],[76.2719,10.1482],[76.2641,10.1597],[76.2547,10.1646],[76.2547,10.1561],[76.2611,10.15],[76.2611,10.1408],[76.2702,10.1271],[76.2698,10.1182],[76.2646,10.1162],[76.2687,10.1039],[76.265,10.0971],[76.2672,10.0889],[76.2843,10.0862],[76.2815,10.0731],[76.2808,10.0641],[76.2591,10.0625],[76.2541,10.0711],[76.2289,10.0721],[76.2232,10.0944],[76.1937,10.1628],[76.1786,10.1743],[76.1752,10.1865],[76.1794,10.1884]]]},"properties":{"STATE":"KERALA","DISTRICT":"ERNAKULAM","AC":"AC","AC_NAME":"PARAVUR","YEAR":2026.0,"RES":"GEN","ELECTORS":191783.0,"VOTERS":159555.0,"TURNOUT":83.2,"MARGIN":20600.0,"MARGIN_PERCENTAGE":12.91,"MARGIN_PERCENTAGE2":null,"MARGIN_PERCENTAGE3":null,"PARTY_RANK1":"INC","PARTY_RANK2":"CPI","PARTY_RANK3":"BJP","PARTY_RANK4":"NOTA","CANDIDATE_RANK1":"ADV.V.D.SATHEESAN","CANDIDATE_RANK2":"E.T.TAISON MASTER","CANDIDATE_RANK3":"VALSALA PRASANNAKUMAR","CANDIDATE_RANK4":"NOTA","COLOR":"#00BFFF","VOTES_RANK1":78658.0,"VOTES_RANK1_PERCENTAGE":49.3,"VOTES_RANK2":58058.0,"VOTES_RANK2_PERCENTAGE":36.39,"VOTES_RANK3":20377.0,"VOTES_RANK3_PERCENTAGE":12.77,"VOTES_RANK4":935.0,"VOTES_RANK4_PERCENTAGE":0.59,"CANDIDATE_RANK1_GENDER":null,"CANDIDATE_RANK2_GENDER":null,"CANDIDATE_RANK3_GENDER":null,"CANDIDATE_RANK4_GENDER":null,"HORSE_RACE":null,"GENERAL_ELECTORS_TOTAL":null,"GENERAL_ELECTORS_MALE":null,"GENERAL_ELECTORS_FEMALE":null,"GENERAL_ELECTORS_THIRD_GENDER":null,"GENERAL_VOTERS_TOTAL":null,"GENERAL_VOTERS_MALE":null,"GENERAL_VOTERS_FEMALE":null,"GENERAL_VOTERS_THIRD_GENDER":null,"GENERAL_TURNOUT_MALE":null,"GENERAL_TURNOUT_FEMALE":null,"GENERAL_TURNOUT_THIRD_GENDER":null,"RES_COLOR":null,"HORSE_RACE_COLOR":null,"GENDER_COLOR":null,"ID":27018}},{"type":"Feature","geometry":{"type":"Polygon","coordinates":[[[76.4389,10.163],[76.4596,10.1729],[76.4718,10.1842],[76.5024,10.1827],[76.5166,10.1949],[76.5563,10.1985],[76.5928,10.176],[76.6033,10.177],[76.6136,10.1719],[76.6286,10.1755],[76.6415,10.1616],[76.6416,10.1614],[76.6369,10.15],[76.6081,10.151],[76.6001,10.1455],[76.5855,10.1439],[76.5791,10.1375],[76.5718,10.1056],[76.5748,10.0901],[76.5684,10.0833],[76.5583,10.0845],[76.5572,10.0741],[76.5623,10.0631],[76.5568,10.0545],[76.5524,10.0589],[76.5446,10.0492],[76.5397,10.0525],[76.5281,10.0506],[76.5263,10.0548],[76.5206,10.0526],[76.5048,10.0639],[76.4947,10.0649],[76.484,10.048],[76.4735,10.0436],[76.4642,10.0494],[76.4572,10.0481],[76.4382,10.0646],[76.434,10.0641],[76.4326,10.0869],[76.438,10.0916],[76.4398,10.1026],[76.4506,10.1066],[76.4625,10.1037],[76.4658,10.1144],[76.4601,10.1212],[76.4519,10.122],[76.4571,10.1327],[76.4491,10.1384],[76.4497,10.1448],[76.4294,10.1464],[76.4389,10.163]]]},"properties":{"STATE":"KERALA","DISTRICT":"ERNAKULAM","AC":"AC","AC_NAME":"PERUMBAVOOR","YEAR":2026.0,"RES":"GEN","ELECTORS":180412.0,"VOTERS":147529.0,"TURNOUT":81.77,"MARGIN":28434.0,"MARGIN_PERCENTAGE":19.27,"MARGIN_PERCENTAGE2":null,"MARGIN_PERCENTAGE3":null,"PARTY_RANK1":"INC","PARTY_RANK2":"KEC(M)","PARTY_RANK3":"TTPty","PARTY_RANK4":"IND","CANDIDATE_RANK1":"MANOJ MOOTHEDAN","CANDIDATE_RANK2":"BASIL PAUL","CANDIDATE_RANK3":"JIBI PATHICKAL","CANDIDATE_RANK4":"ELDHO GEORGE","COLOR":"#00BFFF","VOTES_RANK1":75088.0,"VOTES_RANK1_PERCENTAGE":50.9,"VOTES_RANK2":46654.0,"VOTES_RANK2_PERCENTAGE":31.62,"VOTES_RANK3":22497.0,"VOTES_RANK3_PERCENTAGE":15.25,"VOTES_RANK4":1562.0,"VOTES_RANK4_PERCENTAGE":1.06,"CANDIDATE_RANK1_GENDER":null,"CANDIDATE_RANK2_GENDER":null,"CANDIDATE_RANK3_GENDER":null,"CANDIDATE_RANK4_GENDER":null,"HORSE_RACE":null,"GENERAL_ELECTORS_TOTAL":null,"GENERAL_ELECTORS_MALE":null,"GENERAL_ELECTORS_FEMALE":null,"GENERAL_ELECTORS_THIRD_GENDER":null,"GENERAL_VOTERS_TOTAL":null,"GENERAL_VOTERS_MALE":null,"GENERAL_VOTERS_FEMALE":null,"GENERAL_VOTERS_THIRD_GENDER":null,"GENERAL_TURNOUT_MALE":null,"GENERAL_TURNOUT_FEMALE":null,"GENERAL_TURNOUT_THIRD_GENDER":null,"RES_COLOR":null,"HORSE_RACE_COLOR":null,"GENDER_COLOR":null,"ID":27026}},{"type":"Feature","geometry":{"type":"Polygon","coordinates":[[[76.3565,9.9918],[76.3608,9.9916],[76.3558,9.9797],[76.3595,9.9815],[76.3581,9.9752],[76.3741,9.959],[76.3715,9.9516],[76.379,9.9425],[76.4169,9.9272],[76.421,9.9146],[76.4256,9.9135],[76.4414,9.9199],[76.4387,9.9263],[76.4439,9.9327],[76.4451,9.9442],[76.4536,9.9416],[76.4593,9.9451],[76.4719,9.9376],[76.487,9.9543],[76.4998,9.9556],[76.5027,9.9603],[76.494,9.9671],[76.5063,9.9733],[76.5137,9.9732],[76.5304,9.9631],[76.5472,9.9712],[76.5483,9.9649],[76.5432,9.9591],[76.5463,9.9559],[76.5398,9.9429],[76.5633,9.9199],[76.5825,9.9119],[76.5843,9.8934],[76.6104,9.8598],[76.6096,9.8514],[76.6167,9.8376],[76.6097,9.8427],[76.606,9.8404],[76.6023,9.8456],[76.58,9.8434],[76.5803,9.8221],[76.5754,9.8195],[76.5679,9.8243],[76.5611,9.8206],[76.557,9.8037],[76.5473,9.7995],[76.5418,9.808],[76.544,9.8133],[76.5391,9.8137],[76.5392,9.822],[76.5239,9.8266],[76.5202,9.823],[76.515,9.8486],[76.4989,9.8518],[76.4989,9.8607],[76.4874,9.8539],[76.4843,9.8602],[76.476,9.8618],[76.4586,9.8486],[76.4465,9.8348],[76.4285,9.8248],[76.4136,9.8228],[76.406,9.8302],[76.3935,9.8315],[76.3881,9.8442],[76.3894,9.8506],[76.3832,9.8629],[76.3865,9.867],[76.3806,9.8734],[76.3743,9.8996],[76.3847,9.9147],[76.3808,9.924],[76.3641,9.9231],[76.3511,9.969],[76.3431,9.9804],[76.3501,9.9921],[76.3565,9.9918]]]},"properties":{"STATE":"KERALA","DISTRICT":"ERNAKULAM","AC":"AC","AC_NAME":"PIRAVOM","YEAR":2026.0,"RES":"GEN","ELECTORS":195596.0,"VOTERS":152386.0,"TURNOUT":77.91,"MARGIN":44681.0,"MARGIN_PERCENTAGE":29.32,"MARGIN_PERCENTAGE2":null,"MARGIN_PERCENTAGE3":null,"PARTY_RANK1":"KEC(J)","PARTY_RANK2":"KEC(M)","PARTY_RANK3":"TTPty","PARTY_RANK4":"NOTA","CANDIDATE_RANK1":"ANOOP JACOB","CANDIDATE_RANK2":"SABU K JACOB","CANDIDATE_RANK3":"JIBI ABRAHAM","CANDIDATE_RANK4":"NOTA","COLOR":"#ff6352","VOTES_RANK1":89551.0,"VOTES_RANK1_PERCENTAGE":58.77,"VOTES_RANK2":44870.0,"VOTES_RANK2_PERCENTAGE":29.44,"VOTES_RANK3":14861.0,"VOTES_RANK3_PERCENTAGE":9.75,"VOTES_RANK4":1105.0,"VOTES_RANK4_PERCENTAGE":0.73,"CANDIDATE_RANK1_GENDER":null,"CANDIDATE_RANK2_GENDER":null,"CANDIDATE_RANK3_GENDER":null,"CANDIDATE_RANK4_GENDER":null,"HORSE_RACE":null,"GENERAL_ELECTORS_TOTAL":null,"GENERAL_ELECTORS_MALE":null,"GENERAL_ELECTORS_FEMALE":null,"GENERAL_ELECTORS_THIRD_GENDER":null,"GENERAL_VOTERS_TOTAL":null,"GENERAL_VOTERS_MALE":null,"GENERAL_VOTERS_FEMALE":null,"GENERAL_VOTERS_THIRD_GENDER":null,"GENERAL_TURNOUT_MALE":null,"GENERAL_TURNOUT_FEMALE":null,"GENERAL_TURNOUT_THIRD_GENDER":null,"RES_COLOR":null,"HORSE_RACE_COLOR":null,"GENDER_COLOR":null,"ID":27027}},{"type":"Feature","geometry":{"type":"Polygon","coordinates":[[[76.2996,10.0454],[76.3101,10.025],[76.3324,10.0324],[76.3362,10.0398],[76.3507,10.0313],[76.3541,10.025],[76.3499,10.0176],[76.3501,9.9921],[76.3431,9.9804],[76.337,9.9805],[76.3368,9.9885],[76.331,9.9913],[76.3249,9.9847],[76.3321,9.9794],[76.3252,9.9777],[76.3202,9.9644],[76.3309,9.9595],[76.3145,9.9541],[76.3063,9.9459],[76.3028,9.9368],[76.3074,9.9277],[76.3008,9.9228],[76.2897,9.9431],[76.2981,9.9462],[76.2968,9.9537],[76.3001,9.9541],[76.2981,9.9721],[76.291,9.9824],[76.2926,9.9946],[76.2825,10.0219],[76.2903,10.0303],[76.2874,10.0387],[76.2984,10.0488],[76.2996,10.0454]]]},"properties":{"STATE":"KERALA","DISTRICT":"ERNAKULAM","AC":"AC","AC_NAME":"THRIKKAKARA","YEAR":2026.0,"RES":"GEN","ELECTORS":176469.0,"VOTERS":140472.0,"TURNOUT":79.6,"MARGIN":50211.0,"MARGIN_PERCENTAGE":35.74,"MARGIN_PERCENTAGE2":null,"MARGIN_PERCENTAGE3":null,"PARTY_RANK1":"INC","PARTY_RANK2":"CPI(M)","PARTY_RANK3":"TTPty","PARTY_RANK4":"NOTA","CANDIDATE_RANK1":"UMA THOMAS","CANDIDATE_RANK2":"ADV. PUSHPA DAS","CANDIDATE_RANK3":"AKHIL RAJ (AKHIL MARAR)","CANDIDATE_RANK4":"NOTA","COLOR":"#00BFFF","VOTES_RANK1":83375.0,"VOTES_RANK1_PERCENTAGE":59.35,"VOTES_RANK2":33164.0,"VOTES_RANK2_PERCENTAGE":23.61,"VOTES_RANK3":21424.0,"VOTES_RANK3_PERCENTAGE":15.25,"VOTES_RANK4":1353.0,"VOTES_RANK4_PERCENTAGE":0.96,"CANDIDATE_RANK1_GENDER":null,"CANDIDATE_RANK2_GENDER":null,"CANDIDATE_RANK3_GENDER":null,"CANDIDATE_RANK4_GENDER":null,"HORSE_RACE":null,"GENERAL_ELECTORS_TOTAL":null,"GENERAL_ELECTORS_MALE":null,"GENERAL_ELECTORS_FEMALE":null,"GENERAL_ELECTORS_THIRD_GENDER":null,"GENERAL_VOTERS_TOTAL":null,"GENERAL_VOTERS_MALE":null,"GENERAL_VOTERS_FEMALE":null,"GENERAL_VOTERS_THIRD_GENDER":null,"GENERAL_TURNOUT_MALE":null,"GENERAL_TURNOUT_FEMALE":null,"GENERAL_TURNOUT_THIRD_GENDER":null,"RES_COLOR":null,"HORSE_RACE_COLOR":null,"GENDER_COLOR":null,"ID":27046}},{"type":"Feature","geometry":{"type":"Polygon","coordinates":[[[76.331,9.9913],[76.3368,9.9885],[76.337,9.9805],[76.3431,9.9804],[76.3511,9.969],[76.3641,9.9231],[76.3808,9.924],[76.3847,9.9147],[76.3743,9.8996],[76.3806,9.8734],[76.3865,9.867],[76.3832,9.8629],[76.3894,9.8506],[76.3881,9.8442],[76.3726,9.8368],[76.371,9.8574],[76.3531,9.8838],[76.3337,9.8767],[76.3115,9.8833],[76.303,9.8899],[76.3008,9.9228],[76.3074,9.9277],[76.3028,9.9368],[76.3063,9.9459],[76.3145,9.9541],[76.3309,9.9595],[76.3202,9.9644],[76.3252,9.9777],[76.3321,9.9794],[76.3249,9.9847],[76.331,9.9913]]]},"properties":{"STATE":"KERALA","DISTRICT":"ERNAKULAM","AC":"AC","AC_NAME":"THRIPUNITHURA","YEAR":2026.0,"RES":"GEN","ELECTORS":188040.0,"VOTERS":154527.0,"TURNOUT":82.18,"MARGIN":18468.0,"MARGIN_PERCENTAGE":11.95,"MARGIN_PERCENTAGE2":null,"MARGIN_PERCENTAGE3":null,"PARTY_RANK1":"INC","PARTY_RANK2":"CPI(M)","PARTY_RANK3":"TTPty","PARTY_RANK4":"NOTA","CANDIDATE_RANK1":"DEEPAK JOY","CANDIDATE_RANK2":"K N UNNIKRISHNAN","CANDIDATE_RANK3":"ANJALI .P. V","CANDIDATE_RANK4":"NOTA","COLOR":"#00BFFF","VOTES_RANK1":70256.0,"VOTES_RANK1_PERCENTAGE":45.47,"VOTES_RANK2":51788.0,"VOTES_RANK2_PERCENTAGE":33.51,"VOTES_RANK3":29471.0,"VOTES_RANK3_PERCENTAGE":19.07,"VOTES_RANK4":1171.0,"VOTES_RANK4_PERCENTAGE":0.76,"CANDIDATE_RANK1_GENDER":null,"CANDIDATE_RANK2_GENDER":null,"CANDIDATE_RANK3_GENDER":null,"CANDIDATE_RANK4_GENDER":null,"HORSE_RACE":null,"GENERAL_ELECTORS_TOTAL":null,"GENERAL_ELECTORS_MALE":null,"GENERAL_ELECTORS_FEMALE":null,"GENERAL_ELECTORS_THIRD_GENDER":null,"GENERAL_VOTERS_TOTAL":null,"GENERAL_VOTERS_MALE":null,"GENERAL_VOTERS_FEMALE":null,"GENERAL_VOTERS_THIRD_GENDER":null,"GENERAL_TURNOUT_MALE":null,"GENERAL_TURNOUT_FEMALE":null,"GENERAL_TURNOUT_THIRD_GENDER":null,"RES_COLOR":null,"HORSE_RACE_COLOR":null,"GENDER_COLOR":null,"ID":27047}},{"type":"Feature","geometry":{"type":"Polygon","coordinates":[[[76.1752,10.1865],[76.1786,10.1743],[76.1937,10.1628],[76.2232,10.0944],[76.2289,10.0721],[76.2541,10.0711],[76.2591,10.0625],[76.2808,10.0641],[76.2797,10.0479],[76.2678,10.0458],[76.2687,10.0327],[76.2578,10.0264],[76.2598,10.0211],[76.2678,10.0218],[76.2715,10.0101],[76.2737,10.0014],[76.2696,9.9835],[76.2566,9.9771],[76.2578,9.9857],[76.2514,9.9806],[76.2458,9.9872],[76.2402,9.9746],[76.2388,9.9846],[76.2257,9.9904],[76.2207,9.9989],[76.1675,10.1711],[76.1671,10.1823],[76.1752,10.1865]]]},"properties":{"STATE":"KERALA","DISTRICT":"ERNAKULAM","AC":"AC","AC_NAME":"VYPEN","YEAR":2026.0,"RES":"GEN","ELECTORS":161381.0,"VOTERS":131761.0,"TURNOUT":81.65,"MARGIN":15648.0,"MARGIN_PERCENTAGE":11.88,"MARGIN_PERCENTAGE2":null,"MARGIN_PERCENTAGE3":null,"PARTY_RANK1":"INC","PARTY_RANK2":"CPI(M)","PARTY_RANK3":"TTPty","PARTY_RANK4":"NOTA","CANDIDATE_RANK1":"TONY CHAMMANY","CANDIDATE_RANK2":"ADV. M. B. SHYNI","CANDIDATE_RANK3":"ANITHA THOMAS","CANDIDATE_RANK4":"NOTA","COLOR":"#00BFFF","VOTES_RANK1":66112.0,"VOTES_RANK1_PERCENTAGE":50.18,"VOTES_RANK2":50464.0,"VOTES_RANK2_PERCENTAGE":38.3,"VOTES_RANK3":13637.0,"VOTES_RANK3_PERCENTAGE":10.35,"VOTES_RANK4":781.0,"VOTES_RANK4_PERCENTAGE":0.59,"CANDIDATE_RANK1_GENDER":null,"CANDIDATE_RANK2_GENDER":null,"CANDIDATE_RANK3_GENDER":null,"CANDIDATE_RANK4_GENDER":null,"HORSE_RACE":null,"GENERAL_ELECTORS_TOTAL":null,"GENERAL_ELECTORS_MALE":null,"GENERAL_ELECTORS_FEMALE":null,"GENERAL_ELECTORS_THIRD_GENDER":null,"GENERAL_VOTERS_TOTAL":null,"GENERAL_VOTERS_MALE":null,"GENERAL_VOTERS_FEMALE":null,"GENERAL_VOTERS_THIRD_GENDER":null,"GENERAL_TURNOUT_MALE":null,"GENERAL_TURNOUT_FEMALE":null,"GENERAL_TURNOUT_THIRD_GENDER":null,"RES_COLOR":null,"HORSE_RACE_COLOR":null,"GENDER_COLOR":null,"ID":27062}},{"type":"Feature","geometry":{"type":"Polygon","coordinates":[[[77.0509,10.2627],[77.0528,10.2725],[77.0435,10.2837],[77.0565,10.2869],[77.0662,10.2977],[77.0912,10.3141],[77.0931,10.3115],[77.0959,10.3091],[77.1016,10.3156],[77.1205,10.3181],[77.1765,10.3581],[77.2358,10.3522],[77.2363,10.3397],[77.2291,10.3306],[77.2278,10.3164],[77.2629,10.2639],[77.2569,10.2592],[77.2593,10.2302],[77.2694,10.2371],[77.2881,10.2317],[77.295,10.2177],[77.2831,10.2078],[77.2841,10.1985],[77.2752,10.185],[77.2714,10.142],[77.275,10.1321],[77.2665,10.1218],[77.2392,10.1302],[77.2301,10.1209],[77.2165,10.1155],[77.2072,10.1181],[77.2013,10.1065],[77.2049,10.087],[77.2315,10.0665],[77.262,10.0307],[77.2619,10.0219],[77.2147,10.0111],[77.1974,10.0166],[77.1948,10.0252],[77.1829,10.023],[77.1683,10.0268],[77.1536,10.0062],[77.1387,10.0106],[77.1366,9.9898],[77.1322,9.9839],[77.1226,9.9892],[77.1088,9.9896],[77.1044,9.9797],[77.0946,9.9809],[77.0853,9.9725],[77.0811,9.9796],[77.0737,9.9809],[77.0662,9.9885],[77.0578,9.9782],[77.0173,9.973],[77.0019,9.9807],[76.9929,9.9616],[76.9824,9.9512],[76.9469,9.9643],[76.9396,9.9735],[76.8397,10.0245],[76.797,10.0419],[76.786,10.0501],[76.7818,10.059],[76.7751,10.0603],[76.7696,10.0666],[76.8069,10.0661],[76.8009,10.0603],[76.8042,10.0577],[76.8114,10.0587],[76.8098,10.063],[76.8251,10.0626],[76.8163,10.069],[76.8139,10.081],[76.825,10.0897],[76.8649,10.0738],[76.8668,10.0948],[76.8934,10.1334],[76.9038,10.1402],[76.9033,10.1492],[76.9125,10.1657],[76.927,10.1791],[76.9538,10.1697],[76.9672,10.1605],[76.9832,10.1658],[76.9889,10.1611],[76.9979,10.1624],[77.0021,10.1706],[77.0234,10.1789],[77.0292,10.1725],[77.0571,10.1776],[77.0619,10.1697],[77.0766,10.1761],[77.0839,10.174],[77.0875,10.186],[77.0756,10.1963],[77.0662,10.1963],[77.0677,10.2056],[77.064,10.2114],[77.0545,10.2114],[77.0398,10.2034],[77.0197,10.2137],[77.0223,10.2172],[77.0137,10.2227],[77.0227,10.2293],[77.0454,10.2337],[77.048,10.2308],[77.0603,10.2361],[77.0616,10.2479],[77.0509,10.2627]]]},"properties":{"STATE":"KERALA","DISTRICT":"IDUKKI","AC":"AC","AC_NAME":"DEVIKULAM","YEAR":2026.0,"RES":"SC","ELECTORS":142325.0,"VOTERS":112135.0,"TURNOUT":78.79,"MARGIN":5233.0,"MARGIN_PERCENTAGE":4.67,"MARGIN_PERCENTAGE2":null,"MARGIN_PERCENTAGE3":null,"PARTY_RANK1":"INC","PARTY_RANK2":"CPI(M)","PARTY_RANK3":"BJP","PARTY_RANK4":"NOTA","CANDIDATE_RANK1":"F. RAJA","CANDIDATE_RANK2":"ADV. A. RAJA","CANDIDATE_RANK3":"S.RAJENDRAN","CANDIDATE_RANK4":"NOTA","COLOR":"#00BFFF","VOTES_RANK1":50590.0,"VOTES_RANK1_PERCENTAGE":45.12,"VOTES_RANK2":45357.0,"VOTES_RANK2_PERCENTAGE":40.45,"VOTES_RANK3":15032.0,"VOTES_RANK3_PERCENTAGE":13.41,"VOTES_RANK4":667.0,"VOTES_RANK4_PERCENTAGE":0.59,"CANDIDATE_RANK1_GENDER":null,"CANDIDATE_RANK2_GENDER":null,"CANDIDATE_RANK3_GENDER":null,"CANDIDATE_RANK4_GENDER":null,"HORSE_RACE":null,"GENERAL_ELECTORS_TOTAL":null,"GENERAL_ELECTORS_MALE":null,"GENERAL_ELECTORS_FEMALE":null,"GENERAL_ELECTORS_THIRD_GENDER":null,"GENERAL_VOTERS_TOTAL":null,"GENERAL_VOTERS_MALE":null,"GENERAL_VOTERS_FEMALE":null,"GENERAL_VOTERS_THIRD_GENDER":null,"GENERAL_TURNOUT_MALE":null,"GENERAL_TURNOUT_FEMALE":null,"GENERAL_TURNOUT_THIRD_GENDER":null,"RES_COLOR":null,"HORSE_RACE_COLOR":null,"GENDER_COLOR":null,"ID":26948}},{"type":"Feature","geometry":{"type":"Polygon","coordinates":[[[77.0578,9.9782],[77.0553,9.9597],[77.0669,9.9567],[77.0789,9.9411],[77.1043,9.9341],[77.0965,9.9278],[77.1012,9.9175],[77.0975,9.9089],[77.1,9.9046],[77.0924,9.9012],[77.1052,9.8947],[77.0935,9.8811],[77.1064,9.8655],[77.1041,9.8562],[77.0892,9.8492],[77.0918,9.8421],[77.0796,9.8261],[77.0875,9.8243],[77.0855,9.8217],[77.0639,9.8181],[77.0984,9.7969],[77.1018,9.7993],[77.105,9.7904],[77.1159,9.7885],[77.1162,9.7915],[77.1213,9.7855],[77.1595,9.7704],[77.162,9.7619],[77.153,9.7518],[77.1535,9.7457],[77.1489,9.7389],[77.1389,9.7369],[77.1332,9.7275],[77.1297,9.7285],[77.1241,9.7131],[77.1484,9.6966],[77.1533,9.6912],[77.1512,9.687],[77.1395,9.6827],[77.1345,9.6907],[77.1152,9.6897],[77.1122,9.6861],[77.1075,9.6953],[77.0919,9.6988],[77.083,9.6817],[77.0312,9.7178],[76.9487,9.7212],[76.8929,9.7512],[76.8849,9.7504],[76.8666,9.7353],[76.8605,9.7301],[76.8081,9.7896],[76.768,9.8112],[76.7682,9.821],[76.761,9.8291],[76.7653,9.8377],[76.7988,9.8276],[76.8167,9.8147],[76.8234,9.832],[76.8296,9.8262],[76.8474,9.8226],[76.8819,9.8214],[76.8749,9.844],[76.932,9.8765],[76.9549,9.8588],[76.9703,9.8573],[76.9655,9.8715],[76.9706,9.8816],[76.9685,9.8864],[76.9769,9.8935],[76.9733,9.8998],[76.9763,9.9064],[76.9716,9.9133],[76.9785,9.9234],[76.9705,9.9326],[76.9824,9.9512],[76.9929,9.9616],[77.0019,9.9807],[77.0173,9.973],[77.0578,9.9782]]]},"properties":{"STATE":"KERALA","DISTRICT":"IDUKKI","AC":"AC","AC_NAME":"IDUKKI","YEAR":2026.0,"RES":"GEN","ELECTORS":168018.0,"VOTERS":128447.0,"TURNOUT":76.45,"MARGIN":23822.0,"MARGIN_PERCENTAGE":18.55,"MARGIN_PERCENTAGE2":null,"MARGIN_PERCENTAGE3":null,"PARTY_RANK1":"INC","PARTY_RANK2":"KEC(M)","PARTY_RANK3":"BDJS","PARTY_RANK4":"BSP","CANDIDATE_RANK1":"ROY K PAULOSE","CANDIDATE_RANK2":"ROSHY AUGUSTINE","CANDIDATE_RANK3":"ADV. PRATHEESH PRABHA","CANDIDATE_RANK4":"SHIJO ANTONY","COLOR":"#00BFFF","VOTES_RANK1":70562.0,"VOTES_RANK1_PERCENTAGE":54.93,"VOTES_RANK2":46740.0,"VOTES_RANK2_PERCENTAGE":36.39,"VOTES_RANK3":9410.0,"VOTES_RANK3_PERCENTAGE":7.33,"VOTES_RANK4":977.0,"VOTES_RANK4_PERCENTAGE":0.76,"CANDIDATE_RANK1_GENDER":null,"CANDIDATE_RANK2_GENDER":null,"CANDIDATE_RANK3_GENDER":null,"CANDIDATE_RANK4_GENDER":null,"HORSE_RACE":null,"GENERAL_ELECTORS_TOTAL":null,"GENERAL_ELECTORS_MALE":null,"GENERAL_ELECTORS_FEMALE":null,"GENERAL_ELECTORS_THIRD_GENDER":null,"GENERAL_VOTERS_TOTAL":null,"GENERAL_VOTERS_MALE":null,"GENERAL_VOTERS_FEMALE":null,"GENERAL_VOTERS_THIRD_GENDER":null,"GENERAL_TURNOUT_MALE":null,"GENERAL_TURNOUT_FEMALE":null,"GENERAL_TURNOUT_THIRD_GENDER":null,"RES_COLOR":null,"HORSE_RACE_COLOR":null,"GENDER_COLOR":null,"ID":26957}},{"type":"Feature","geometry":{"type":"Polygon","coordinates":[[[76.8666,9.7353],[76.8849,9.7504],[76.8929,9.7512],[76.9487,9.7212],[77.0312,9.7178],[77.083,9.6817],[77.0919,9.6988],[77.1075,9.6953],[77.1122,9.6861],[77.1152,9.6897],[77.1345,9.6907],[77.1395,9.6827],[77.1512,9.687],[77.1389,9.6701],[77.1564,9.6669],[77.162,9.658],[77.1806,9.6582],[77.1794,9.6451],[77.1741,9.6375],[77.1764,9.6292],[77.169,9.6237],[77.1656,9.6139],[77.1683,9.6107],[77.1884,9.6061],[77.1983,9.6144],[77.209,9.6137],[77.21,9.6053],[77.2208,9.5992],[77.2346,9.5815],[77.2428,9.5854],[77.2531,9.5831],[77.2688,9.573],[77.2903,9.5849],[77.2901,9.5891],[77.3035,9.5987],[77.3178,9.6027],[77.3224,9.5984],[77.33,9.5991],[77.3245,9.5936],[77.3252,9.5806],[77.3395,9.5734],[77.3547,9.6041],[77.3613,9.6024],[77.3663,9.5959],[77.3578,9.5952],[77.3551,9.5868],[77.36,9.5778],[77.3504,9.5671],[77.353,9.5598],[77.361,9.5583],[77.3655,9.552],[77.3655,9.5351],[77.3851,9.5194],[77.4002,9.5275],[77.4024,9.5252],[77.4003,9.5179],[77.4086,9.5146],[77.4114,9.5075],[77.3986,9.4954],[77.3984,9.4817],[77.4019,9.4785],[77.3912,9.4685],[77.3923,9.4592],[77.3772,9.4528],[77.3643,9.4592],[77.3485,9.4402],[77.3451,9.4261],[77.3392,9.4202],[77.3363,9.4116],[77.3435,9.4028],[77.3412,9.3897],[77.3343,9.3814],[77.3359,9.3619],[77.3256,9.3461],[77.3251,9.3371],[77.2997,9.3365],[77.3007,9.3302],[77.2968,9.3294],[77.3024,9.3195],[77.2933,9.3046],[77.2828,9.3015],[77.2886,9.2744],[77.2819,9.2731],[77.249,9.2899],[77.2372,9.2828],[77.2357,9.2931],[77.2246,9.2961],[77.2247,9.3124],[77.2351,9.3242],[77.2304,9.3307],[77.2381,9.3407],[77.2348,9.3503],[77.2481,9.3778],[77.2454,9.3891],[77.2281,9.411],[77.2287,9.42],[77.2205,9.4214],[77.2241,9.4342],[77.2118,9.444],[77.2079,9.4416],[77.2067,9.4506],[77.1903,9.4498],[77.1882,9.4562],[77.1834,9.4544],[77.1812,9.4723],[77.1689,9.4618],[77.1663,9.4696],[77.1546,9.471],[77.1428,9.4612],[77.1431,9.4873],[77.1307,9.4932],[77.1195,9.4794],[77.1036,9.4798],[77.0871,9.4627],[77.0727,9.4565],[77.0538,9.4614],[77.0477,9.4525],[77.0669,9.4169],[77.0527,9.4183],[77.0288,9.4076],[77.0178,9.4073],[77.0095,9.409],[77.0122,9.4179],[77.0078,9.4254],[77.0092,9.4295],[77.0172,9.4302],[77.0152,9.4419],[76.9938,9.4492],[76.9701,9.4648],[76.9849,9.4705],[76.9841,9.4882],[76.9754,9.5016],[76.9611,9.5084],[76.9548,9.4921],[76.9499,9.4908],[76.9352,9.5052],[76.9297,9.5023],[76.9041,9.5219],[76.9018,9.5371],[76.8867,9.5381],[76.8888,9.546],[76.8828,9.582],[76.8953,9.5862],[76.8924,9.6092],[76.8887,9.6094],[76.8919,9.6151],[76.8874,9.6191],[76.8936,9.6214],[76.8935,9.6314],[76.9033,9.6343],[76.9298,9.6148],[76.935,9.6211],[76.9182,9.6432],[76.9268,9.6536],[76.9026,9.6774],[76.8971,9.7005],[76.8897,9.7157],[76.8817,9.7211],[76.8678,9.7293],[76.8666,9.7353]]]},"properties":{"STATE":"KERALA","DISTRICT":"IDUKKI","AC":"AC","AC_NAME":"PEERUMADE","YEAR":2026.0,"RES":"GEN","ELECTORS":156681.0,"VOTERS":122652.0,"TURNOUT":78.28,"MARGIN":27634.0,"MARGIN_PERCENTAGE":22.53,"MARGIN_PERCENTAGE2":null,"MARGIN_PERCENTAGE3":null,"PARTY_RANK1":"INC","PARTY_RANK2":"CPI","PARTY_RANK3":"BJP","PARTY_RANK4":"NOTA","CANDIDATE_RANK1":"ADV.CYRIAC THOMAS","CANDIDATE_RANK2":"K SALIMKUMAR","CANDIDATE_RANK3":"RATHEESH VARAKUMALA","CANDIDATE_RANK4":"NOTA","COLOR":"#00BFFF","VOTES_RANK1":69672.0,"VOTES_RANK1_PERCENTAGE":56.8,"VOTES_RANK2":42038.0,"VOTES_RANK2_PERCENTAGE":34.27,"VOTES_RANK3":9218.0,"VOTES_RANK3_PERCENTAGE":7.52,"VOTES_RANK4":791.0,"VOTES_RANK4_PERCENTAGE":0.64,"CANDIDATE_RANK1_GENDER":null,"CANDIDATE_RANK2_GENDER":null,"CANDIDATE_RANK3_GENDER":null,"CANDIDATE_RANK4_GENDER":null,"HORSE_RACE":null,"GENERAL_ELECTORS_TOTAL":null,"GENERAL_ELECTORS_MALE":null,"GENERAL_ELECTORS_FEMALE":null,"GENERAL_ELECTORS_THIRD_GENDER":null,"GENERAL_VOTERS_TOTAL":null,"GENERAL_VOTERS_MALE":null,"GENERAL_VOTERS_FEMALE":null,"GENERAL_VOTERS_THIRD_GENDER":null,"GENERAL_TURNOUT_MALE":null,"GENERAL_TURNOUT_FEMALE":null,"GENERAL_TURNOUT_THIRD_GENDER":null,"RES_COLOR":null,"HORSE_RACE_COLOR":null,"GENDER_COLOR":null,"ID":27022}},{"type":"Feature","geometry":{"type":"Polygon","coordinates":[[[76.8397,10.0245],[76.9396,9.9735],[76.9469,9.9643],[76.9824,9.9512],[76.9705,9.9326],[76.9785,9.9234],[76.9716,9.9133],[76.9763,9.9064],[76.9733,9.8998],[76.9769,9.8935],[76.9685,9.8864],[76.9706,9.8816],[76.9655,9.8715],[76.9703,9.8573],[76.9549,9.8588],[76.932,9.8765],[76.8749,9.844],[76.8819,9.8214],[76.8474,9.8226],[76.8296,9.8262],[76.8234,9.832],[76.8167,9.8147],[76.7988,9.8276],[76.7653,9.8377],[76.761,9.8291],[76.7682,9.821],[76.768,9.8112],[76.7541,9.8178],[76.7492,9.8143],[76.7505,9.8067],[76.7424,9.8047],[76.6993,9.8257],[76.6958,9.8338],[76.6851,9.8333],[76.6823,9.8398],[76.6675,9.8446],[76.6635,9.8397],[76.6464,9.8406],[76.6328,9.8468],[76.6279,9.8511],[76.6294,9.8559],[76.6351,9.8654],[76.6319,9.8722],[76.6368,9.8742],[76.6287,9.9002],[76.6301,9.9156],[76.649,9.9222],[76.6615,9.9171],[76.6815,9.9182],[76.6833,9.9113],[76.6959,9.9092],[76.6987,9.9187],[76.6866,9.9236],[76.6917,9.9256],[76.6932,9.9324],[76.6978,9.9298],[76.7055,9.946],[76.7114,9.9446],[76.7135,9.9497],[76.723,9.9531],[76.7085,9.9759],[76.7133,9.9787],[76.7099,9.9886],[76.7196,9.9876],[76.7262,9.9817],[76.7442,9.9914],[76.7658,9.9814],[76.7599,9.9917],[76.765,9.9895],[76.7646,9.9932],[76.7702,9.9945],[76.766,9.9972],[76.7685,10.0016],[76.7642,10.011],[76.7696,10.0181],[76.7833,10.0363],[76.8257,10.0136],[76.8308,10.0131],[76.8397,10.0245]]]},"properties":{"STATE":"KERALA","DISTRICT":"IDUKKI","AC":"AC","AC_NAME":"THODUPUZHA","YEAR":2026.0,"RES":"GEN","ELECTORS":188631.0,"VOTERS":146166.0,"TURNOUT":77.49,"MARGIN":44291.0,"MARGIN_PERCENTAGE":30.3,"MARGIN_PERCENTAGE2":null,"MARGIN_PERCENTAGE3":null,"PARTY_RANK1":"KEC","PARTY_RANK2":"KEC(M)","PARTY_RANK3":"TTPty","PARTY_RANK4":"AAAP","CANDIDATE_RANK1":"APU JOHN JOSEPH","CANDIDATE_RANK2":"CYRIAC CHAZHIKADAN","CANDIDATE_RANK3":"ADV. ROY VARICATTU","CANDIDATE_RANK4":"ADV. BASIL JOHN","COLOR":"#FF6347","VOTES_RANK1":84796.0,"VOTES_RANK1_PERCENTAGE":58.01,"VOTES_RANK2":40505.0,"VOTES_RANK2_PERCENTAGE":27.71,"VOTES_RANK3":12679.0,"VOTES_RANK3_PERCENTAGE":8.67,"VOTES_RANK4":2603.0,"VOTES_RANK4_PERCENTAGE":1.78,"CANDIDATE_RANK1_GENDER":null,"CANDIDATE_RANK2_GENDER":null,"CANDIDATE_RANK3_GENDER":null,"CANDIDATE_RANK4_GENDER":null,"HORSE_RACE":null,"GENERAL_ELECTORS_TOTAL":null,"GENERAL_ELECTORS_MALE":null,"GENERAL_ELECTORS_FEMALE":null,"GENERAL_ELECTORS_THIRD_GENDER":null,"GENERAL_VOTERS_TOTAL":null,"GENERAL_VOTERS_MALE":null,"GENERAL_VOTERS_FEMALE":null,"GENERAL_VOTERS_THIRD_GENDER":null,"GENERAL_TURNOUT_MALE":null,"GENERAL_TURNOUT_FEMALE":null,"GENERAL_TURNOUT_THIRD_GENDER":null,"RES_COLOR":null,"HORSE_RACE_COLOR":null,"GENDER_COLOR":null,"ID":27045}},{"type":"Feature","geometry":{"type":"Polygon","coordinates":[[[77.2619,10.0219],[77.2534,10.0129],[77.2652,10.0028],[77.2609,9.9919],[77.2668,9.99],[77.2645,9.987],[77.2724,9.9764],[77.2728,9.965],[77.261,9.9526],[77.2468,9.9526],[77.2484,9.9481],[77.2374,9.9378],[77.2306,9.9137],[77.2188,9.9047],[77.2211,9.8851],[77.2125,9.8783],[77.2208,9.8645],[77.2365,9.8607],[77.2375,9.8519],[77.2232,9.8456],[77.2278,9.8392],[77.222,9.8233],[77.233,9.8222],[77.2327,9.8179],[77.2414,9.8168],[77.2469,9.8087],[77.2468,9.7986],[77.2406,9.7976],[77.2345,9.7898],[77.223,9.7884],[77.2251,9.7762],[77.2325,9.7695],[77.2203,9.7451],[77.2226,9.7356],[77.2239,9.7302],[77.2186,9.7261],[77.2037,9.7223],[77.2062,9.7179],[77.2021,9.7039],[77.2068,9.6947],[77.1945,9.6711],[77.1867,9.6663],[77.1877,9.6616],[77.1806,9.6582],[77.162,9.658],[77.1564,9.6669],[77.1389,9.6701],[77.1512,9.687],[77.1533,9.6912],[77.1484,9.6966],[77.1241,9.7131],[77.1297,9.7285],[77.1332,9.7275],[77.1389,9.7369],[77.1489,9.7389],[77.1535,9.7457],[77.153,9.7518],[77.162,9.7619],[77.1595,9.7704],[77.1213,9.7855],[77.1162,9.7915],[77.1159,9.7885],[77.105,9.7904],[77.1018,9.7993],[77.0984,9.7969],[77.0639,9.8181],[77.0855,9.8217],[77.0875,9.8243],[77.0796,9.8261],[77.0918,9.8421],[77.0892,9.8492],[77.1041,9.8562],[77.1064,9.8655],[77.0935,9.8811],[77.1052,9.8947],[77.0924,9.9012],[77.1,9.9046],[77.0975,9.9089],[77.1012,9.9175],[77.0965,9.9278],[77.1043,9.9341],[77.0789,9.9411],[77.0669,9.9567],[77.0553,9.9597],[77.0578,9.9782],[77.0662,9.9885],[77.0737,9.9809],[77.0811,9.9796],[77.0853,9.9725],[77.0946,9.9809],[77.1044,9.9797],[77.1088,9.9896],[77.1226,9.9892],[77.1322,9.9839],[77.1366,9.9898],[77.1387,10.0106],[77.1536,10.0062],[77.1683,10.0268],[77.1829,10.023],[77.1948,10.0252],[77.1974,10.0166],[77.2147,10.0111],[77.2619,10.0219]]]},"properties":{"STATE":"KERALA","DISTRICT":"IDUKKI","AC":"AC","AC_NAME":"UDUMBANCHOLA","YEAR":2026.0,"RES":"GEN","ELECTORS":150481.0,"VOTERS":121356.0,"TURNOUT":80.65,"MARGIN":20021.0,"MARGIN_PERCENTAGE":16.5,"MARGIN_PERCENTAGE2":null,"MARGIN_PERCENTAGE3":null,"PARTY_RANK1":"INC","PARTY_RANK2":"CPI(M)","PARTY_RANK3":"BDJS","PARTY_RANK4":"BSP","CANDIDATE_RANK1":"ADV. SENAPATHY VENU","CANDIDATE_RANK2":"K.K. JAYACHANDRAN","CANDIDATE_RANK3":"ADV. SANGEETHA VISWANADHAN","CANDIDATE_RANK4":"P.K. SAJEEVAN","COLOR":"#00BFFF","VOTES_RANK1":64916.0,"VOTES_RANK1_PERCENTAGE":53.49,"VOTES_RANK2":44895.0,"VOTES_RANK2_PERCENTAGE":36.99,"VOTES_RANK3":10157.0,"VOTES_RANK3_PERCENTAGE":8.37,"VOTES_RANK4":702.0,"VOTES_RANK4_PERCENTAGE":0.58,"CANDIDATE_RANK1_GENDER":null,"CANDIDATE_RANK2_GENDER":null,"CANDIDATE_RANK3_GENDER":null,"CANDIDATE_RANK4_GENDER":null,"HORSE_RACE":null,"GENERAL_ELECTORS_TOTAL":null,"GENERAL_ELECTORS_MALE":null,"GENERAL_ELECTORS_FEMALE":null,"GENERAL_ELECTORS_THIRD_GENDER":null,"GENERAL_VOTERS_TOTAL":null,"GENERAL_VOTERS_MALE":null,"GENERAL_VOTERS_FEMALE":null,"GENERAL_VOTERS_THIRD_GENDER":null,"GENERAL_TURNOUT_MALE":null,"GENERAL_TURNOUT_FEMALE":null,"GENERAL_TURNOUT_THIRD_GENDER":null,"RES_COLOR":null,"HORSE_RACE_COLOR":null,"GENDER_COLOR":null,"ID":27054}},{"type":"Feature","geometry":{"type":"Polygon","coordinates":[[[75.3814,11.9751],[75.3846,11.9707],[75.3773,11.9593],[75.3832,11.9594],[75.3964,11.9716],[75.4007,11.9492],[75.4136,11.9465],[75.4103,11.9268],[75.4133,11.9194],[75.4017,11.9173],[75.3954,11.9],[75.3884,11.8938],[75.3906,11.8902],[75.3864,11.8864],[75.3912,11.884],[75.3855,11.8823],[75.389,11.8747],[75.3832,11.8755],[75.3839,11.8854],[75.3763,11.8833],[75.37,11.8894],[75.3534,11.8709],[75.3253,11.905],[75.3194,11.9052],[75.3203,11.9162],[75.3033,11.9427],[75.3047,11.9492],[75.329,11.9514],[75.3345,11.9581],[75.3526,11.955],[75.356,11.9681],[75.3589,11.965],[75.3699,11.9682],[75.3764,11.9747],[75.3814,11.9751]]]},"properties":{"STATE":"KERALA","DISTRICT":"KANNUR","AC":"AC","AC_NAME":"AZHIKODE","YEAR":2026.0,"RES":"GEN","ELECTORS":188507.0,"VOTERS":148412.0,"TURNOUT":78.73,"MARGIN":349.0,"MARGIN_PERCENTAGE":0.24,"MARGIN_PERCENTAGE2":null,"MARGIN_PERCENTAGE3":null,"PARTY_RANK1":"CPI(M)","PARTY_RANK2":"IUML","PARTY_RANK3":"BJP","PARTY_RANK4":"NOTA","CANDIDATE_RANK1":"K. V. SUMESH","CANDIDATE_RANK2":"ADV. KAREEM CHELERI","CANDIDATE_RANK3":"K. K. VINODKUMAR","CANDIDATE_RANK4":"NOTA","COLOR":"#FF0000","VOTES_RANK1":64951.0,"VOTES_RANK1_PERCENTAGE":43.76,"VOTES_RANK2":64602.0,"VOTES_RANK2_PERCENTAGE":43.53,"VOTES_RANK3":17476.0,"VOTES_RANK3_PERCENTAGE":11.78,"VOTES_RANK4":576.0,"VOTES_RANK4_PERCENTAGE":0.39,"CANDIDATE_RANK1_GENDER":null,"CANDIDATE_RANK2_GENDER":null,"CANDIDATE_RANK3_GENDER":null,"CANDIDATE_RANK4_GENDER":null,"HORSE_RACE":null,"GENERAL_ELECTORS_TOTAL":null,"GENERAL_ELECTORS_MALE":null,"GENERAL_ELECTORS_FEMALE":null,"GENERAL_ELECTORS_THIRD_GENDER":null,"GENERAL_VOTERS_TOTAL":null,"GENERAL_VOTERS_MALE":null,"GENERAL_VOTERS_FEMALE":null,"GENERAL_VOTERS_THIRD_GENDER":null,"GENERAL_TURNOUT_MALE":null,"GENERAL_TURNOUT_FEMALE":null,"GENERAL_TURNOUT_THIRD_GENDER":null,"RES_COLOR":null,"HORSE_RACE_COLOR":null,"GENDER_COLOR":null,"ID":26935}},{"type":"Feature","geometry":{"type":"Polygon","coordinates":[[[75.4858,11.9071],[75.4927,11.9142],[75.5088,11.9122],[75.5212,11.8945],[75.5466,11.8898],[75.5426,11.8859],[75.5482,11.8736],[75.5364,11.8715],[75.5346,11.8669],[75.5291,11.8711],[75.524,11.8687],[75.5331,11.8397],[75.5294,11.8282],[75.5362,11.8296],[75.5409,11.8122],[75.5318,11.8008],[75.5199,11.7952],[75.5015,11.7988],[75.4905,11.7946],[75.4817,11.7852],[75.4855,11.7816],[75.4715,11.7704],[75.4683,11.7648],[75.4539,11.7717],[75.4616,11.7799],[75.4478,11.7828],[75.4476,11.7898],[75.433,11.8094],[75.4334,11.8143],[75.4445,11.817],[75.4494,11.8313],[75.4457,11.8345],[75.4349,11.8339],[75.4311,11.8291],[75.4292,11.8316],[75.4357,11.8743],[75.4496,11.887],[75.4589,11.8931],[75.4686,11.8925],[75.4858,11.9071]]]},"properties":{"STATE":"KERALA","DISTRICT":"KANNUR","AC":"AC","AC_NAME":"DHARMADAM","YEAR":2026.0,"RES":"GEN","ELECTORS":206896.0,"VOTERS":171659.0,"TURNOUT":82.97,"MARGIN":19247.0,"MARGIN_PERCENTAGE":11.21,"MARGIN_PERCENTAGE2":null,"MARGIN_PERCENTAGE3":null,"PARTY_RANK1":"CPI(M)","PARTY_RANK2":"INC","PARTY_RANK3":"BJP","PARTY_RANK4":"NOTA","CANDIDATE_RANK1":"PINARAYI VIJAYAN","CANDIDATE_RANK2":"ADV. V.P ABDUL RASHEED","CANDIDATE_RANK3":"K. RANJITH","CANDIDATE_RANK4":"NOTA","COLOR":"#FF0000","VOTES_RANK1":85614.0,"VOTES_RANK1_PERCENTAGE":49.87,"VOTES_RANK2":66367.0,"VOTES_RANK2_PERCENTAGE":38.66,"VOTES_RANK3":18555.0,"VOTES_RANK3_PERCENTAGE":10.81,"VOTES_RANK4":813.0,"VOTES_RANK4_PERCENTAGE":0.47,"CANDIDATE_RANK1_GENDER":null,"CANDIDATE_RANK2_GENDER":null,"CANDIDATE_RANK3_GENDER":null,"CANDIDATE_RANK4_GENDER":null,"HORSE_RACE":null,"GENERAL_ELECTORS_TOTAL":null,"GENERAL_ELECTORS_MALE":null,"GENERAL_ELECTORS_FEMALE":null,"GENERAL_ELECTORS_THIRD_GENDER":null,"GENERAL_VOTERS_TOTAL":null,"GENERAL_VOTERS_MALE":null,"GENERAL_VOTERS_FEMALE":null,"GENERAL_VOTERS_THIRD_GENDER":null,"GENERAL_TURNOUT_MALE":null,"GENERAL_TURNOUT_FEMALE":null,"GENERAL_TURNOUT_THIRD_GENDER":null,"RES_COLOR":null,"HORSE_RACE_COLOR":null,"GENDER_COLOR":null,"ID":26949}},{"type":"Feature","geometry":{"type":"Polygon","coordinates":[[[75.4931,12.2742],[75.5056,12.2707],[75.5062,12.2645],[75.5122,12.2602],[75.5114,12.2537],[75.5198,12.2461],[75.521,12.2362],[75.5279,12.2318],[75.5269,12.2254],[75.5394,12.2168],[75.5319,12.2014],[75.5394,12.2029],[75.5415,12.1968],[75.5518,12.1935],[75.5549,12.1832],[75.5699,12.1722],[75.577,12.1578],[75.5831,12.1592],[75.5923,12.1476],[75.5959,12.1544],[75.6113,12.1528],[75.6184,12.1568],[75.6358,12.1492],[75.6378,12.1391],[75.6427,12.1391],[75.6485,12.1092],[75.6518,12.1105],[75.6612,12.0994],[75.6766,12.0988],[75.6898,12.1113],[75.7029,12.1083],[75.702,12.0925],[75.7175,12.0857],[75.7148,12.0705],[75.6785,12.0427],[75.6821,12.0356],[75.6778,12.0352],[75.6692,12.0166],[75.6605,12.0207],[75.6483,12.0295],[75.6457,12.0234],[75.626,12.0216],[75.6163,12.0279],[75.6178,12.0355],[75.6067,12.0336],[75.5943,12.0422],[75.582,12.041],[75.569,12.0318],[75.5733,12.027],[75.5633,12.0213],[75.5642,12.017],[75.5546,12.0148],[75.5639,11.9837],[75.5505,11.9673],[75.5431,11.9744],[75.5484,11.9801],[75.5466,11.9945],[75.5389,11.9937],[75.5311,11.9849],[75.513,11.992],[75.5158,12.0026],[75.5303,12.0037],[75.5333,12.0125],[75.5205,12.02],[75.5006,12.024],[75.4973,12.029],[75.4992,12.0393],[75.4908,12.0412],[75.4765,12.0217],[75.4698,12.0196],[75.4713,12.0064],[75.4681,12.003],[75.4604,12.0052],[75.4446,12.021],[75.4334,12.0179],[75.436,12.022],[75.4291,12.0376],[75.436,12.0445],[75.4357,12.0518],[75.4233,12.0522],[75.4228,12.0573],[75.4316,12.0631],[75.4282,12.0716],[75.438,12.0949],[75.4343,12.0987],[75.4351,12.113],[75.4377,12.118],[75.4427,12.1151],[75.4423,12.1272],[75.4487,12.1293],[75.4553,12.1396],[75.4476,12.1415],[75.4378,12.1519],[75.4337,12.1456],[75.4302,12.152],[75.4249,12.1496],[75.4166,12.156],[75.3948,12.153],[75.392,12.1622],[75.3875,12.1637],[75.3957,12.1787],[75.3825,12.1753],[75.3745,12.1884],[75.3722,12.2002],[75.3766,12.23],[75.3695,12.2356],[75.3711,12.2439],[75.376,12.249],[75.3848,12.2498],[75.3861,12.2458],[75.3973,12.2443],[75.4132,12.2364],[75.4161,12.2239],[75.4206,12.226],[75.4193,12.2334],[75.4243,12.2377],[75.4393,12.2379],[75.4479,12.2462],[75.4464,12.2521],[75.4559,12.2685],[75.4661,12.2687],[75.4758,12.2789],[75.4931,12.2742]]]},"properties":{"STATE":"KERALA","DISTRICT":"KANNUR","AC":"AC","AC_NAME":"IRIKKUR","YEAR":2026.0,"RES":"GEN","ELECTORS":199980.0,"VOTERS":151645.0,"TURNOUT":75.83,"MARGIN":42426.0,"MARGIN_PERCENTAGE":27.98,"MARGIN_PERCENTAGE2":null,"MARGIN_PERCENTAGE3":null,"PARTY_RANK1":"INC","PARTY_RANK2":"KEC(M)","PARTY_RANK3":"TTPty","PARTY_RANK4":"AAAP","CANDIDATE_RANK1":"ADV. SAJEEV JOSEPH","CANDIDATE_RANK2":"ADV. MATHEW KUNNAPPALLY","CANDIDATE_RANK3":"SREENATH PADMANABHAN","CANDIDATE_RANK4":"P V JOSEPH PARIKKAPPALLIL","COLOR":"#00BFFF","VOTES_RANK1":90895.0,"VOTES_RANK1_PERCENTAGE":59.94,"VOTES_RANK2":48469.0,"VOTES_RANK2_PERCENTAGE":31.96,"VOTES_RANK3":9617.0,"VOTES_RANK3_PERCENTAGE":6.34,"VOTES_RANK4":1151.0,"VOTES_RANK4_PERCENTAGE":0.76,"CANDIDATE_RANK1_GENDER":null,"CANDIDATE_RANK2_GENDER":null,"CANDIDATE_RANK3_GENDER":null,"CANDIDATE_RANK4_GENDER":null,"HORSE_RACE":null,"GENERAL_ELECTORS_TOTAL":null,"GENERAL_ELECTORS_MALE":null,"GENERAL_ELECTORS_FEMALE":null,"GENERAL_ELECTORS_THIRD_GENDER":null,"GENERAL_VOTERS_TOTAL":null,"GENERAL_VOTERS_MALE":null,"GENERAL_VOTERS_FEMALE":null,"GENERAL_VOTERS_THIRD_GENDER":null,"GENERAL_TURNOUT_MALE":null,"GENERAL_TURNOUT_FEMALE":null,"GENERAL_TURNOUT_THIRD_GENDER":null,"RES_COLOR":null,"HORSE_RACE_COLOR":null,"GENDER_COLOR":null,"ID":26958}},{"type":"Feature","geometry":{"type":"Polygon","coordinates":[[[75.3941,12.1504],[75.4015,12.1454],[75.4019,12.1381],[75.3612,12.1245],[75.3384,12.1041],[75.331,12.1058],[75.3279,12.1126],[75.3115,12.1089],[75.3109,12.0952],[75.3143,12.0936],[75.2975,12.0642],[75.3157,12.0536],[75.3248,12.0603],[75.3358,12.0602],[75.3392,12.0531],[75.3321,12.0403],[75.3385,12.0382],[75.3408,12.0287],[75.348,12.0265],[75.3461,12.0209],[75.3551,12.008],[75.341,12.0043],[75.3332,12.0088],[75.333,11.9913],[75.3404,11.987],[75.3376,11.9745],[75.3707,11.9865],[75.3778,11.9849],[75.3764,11.9747],[75.3699,11.9682],[75.3589,11.965],[75.356,11.9681],[75.3526,11.955],[75.3345,11.9581],[75.329,11.9514],[75.3047,11.9492],[75.2917,11.9544],[75.2516,12.0087],[75.228,12.0229],[75.2234,12.0243],[75.2313,12.0317],[75.2249,12.037],[75.2279,12.0495],[75.2195,12.0696],[75.2244,12.077],[75.2199,12.0821],[75.2188,12.1052],[75.2254,12.1132],[75.2307,12.1104],[75.2388,12.1146],[75.2453,12.108],[75.2606,12.1129],[75.2736,12.1042],[75.2789,12.1072],[75.283,12.1198],[75.308,12.1281],[75.3116,12.1329],[75.3091,12.1365],[75.3188,12.149],[75.3346,12.152],[75.3402,12.1458],[75.3471,12.147],[75.3571,12.1413],[75.3678,12.1433],[75.3708,12.1544],[75.3941,12.1504]]]},"properties":{"STATE":"KERALA","DISTRICT":"KANNUR","AC":"AC","AC_NAME":"KALLIASSERI","YEAR":2026.0,"RES":"GEN","ELECTORS":204392.0,"VOTERS":159867.0,"TURNOUT":78.22,"MARGIN":18433.0,"MARGIN_PERCENTAGE":11.53,"MARGIN_PERCENTAGE2":null,"MARGIN_PERCENTAGE3":null,"PARTY_RANK1":"CPI(M)","PARTY_RANK2":"INC","PARTY_RANK3":"BJP","PARTY_RANK4":"SDPI","CANDIDATE_RANK1":"M.VIJIN","CANDIDATE_RANK2":"ADV. RAJEEVAN KAPPACHERI","CANDIDATE_RANK3":"SANIL.A.V","CANDIDATE_RANK4":"K.K. ABDUL JABBAR","COLOR":"#FF0000","VOTES_RANK1":81428.0,"VOTES_RANK1_PERCENTAGE":50.93,"VOTES_RANK2":62995.0,"VOTES_RANK2_PERCENTAGE":39.4,"VOTES_RANK3":13110.0,"VOTES_RANK3_PERCENTAGE":8.2,"VOTES_RANK4":1281.0,"VOTES_RANK4_PERCENTAGE":0.8,"CANDIDATE_RANK1_GENDER":null,"CANDIDATE_RANK2_GENDER":null,"CANDIDATE_RANK3_GENDER":null,"CANDIDATE_RANK4_GENDER":null,"HORSE_RACE":null,"GENERAL_ELECTORS_TOTAL":null,"GENERAL_ELECTORS_MALE":null,"GENERAL_ELECTORS_FEMALE":null,"GENERAL_ELECTORS_THIRD_GENDER":null,"GENERAL_VOTERS_TOTAL":null,"GENERAL_VOTERS_MALE":null,"GENERAL_VOTERS_FEMALE":null,"GENERAL_VOTERS_THIRD_GENDER":null,"GENERAL_TURNOUT_MALE":null,"GENERAL_TURNOUT_FEMALE":null,"GENERAL_TURNOUT_THIRD_GENDER":null,"RES_COLOR":null,"HORSE_RACE_COLOR":null,"GENDER_COLOR":null,"ID":26963}},{"type":"Feature","geometry":{"type":"Polygon","coordinates":[[[75.4618,11.9305],[75.4763,11.9073],[75.4858,11.9071],[75.4686,11.8925],[75.4589,11.8931],[75.4496,11.887],[75.4357,11.8743],[75.4292,11.8316],[75.4311,11.8291],[75.4349,11.8339],[75.4457,11.8345],[75.4494,11.8313],[75.4445,11.817],[75.4334,11.8143],[75.433,11.8094],[75.4249,11.8132],[75.3863,11.8564],[75.3746,11.8591],[75.3743,11.8527],[75.3676,11.8523],[75.3564,11.8603],[75.3534,11.8709],[75.37,11.8894],[75.3763,11.8833],[75.3839,11.8854],[75.3832,11.8755],[75.389,11.8747],[75.3855,11.8823],[75.3912,11.884],[75.3864,11.8864],[75.3906,11.8902],[75.3884,11.8938],[75.3954,11.9],[75.4017,11.9173],[75.4133,11.9194],[75.4192,11.9261],[75.4283,11.9242],[75.4296,11.9429],[75.4374,11.9485],[75.4419,11.9473],[75.4465,11.9369],[75.459,11.9364],[75.4618,11.9305]]]},"properties":{"STATE":"KERALA","DISTRICT":"KANNUR","AC":"AC","AC_NAME":"KANNUR","YEAR":2026.0,"RES":"GEN","ELECTORS":183075.0,"VOTERS":140519.0,"TURNOUT":76.75,"MARGIN":18551.0,"MARGIN_PERCENTAGE":13.2,"MARGIN_PERCENTAGE2":null,"MARGIN_PERCENTAGE3":null,"PARTY_RANK1":"INC","PARTY_RANK2":"C(S)","PARTY_RANK3":"BJP","PARTY_RANK4":"NOTA","CANDIDATE_RANK1":"ADV.T.O. MOHANAN","CANDIDATE_RANK2":"RAMACHANDRAN KADANNAPPALLI","CANDIDATE_RANK3":"C. RAGHUNATH","CANDIDATE_RANK4":"NOTA","COLOR":"#00BFFF","VOTES_RANK1":70620.0,"VOTES_RANK1_PERCENTAGE":50.26,"VOTES_RANK2":52069.0,"VOTES_RANK2_PERCENTAGE":37.05,"VOTES_RANK3":16144.0,"VOTES_RANK3_PERCENTAGE":11.49,"VOTES_RANK4":705.0,"VOTES_RANK4_PERCENTAGE":0.5,"CANDIDATE_RANK1_GENDER":null,"CANDIDATE_RANK2_GENDER":null,"CANDIDATE_RANK3_GENDER":null,"CANDIDATE_RANK4_GENDER":null,"HORSE_RACE":null,"GENERAL_ELECTORS_TOTAL":null,"GENERAL_ELECTORS_MALE":null,"GENERAL_ELECTORS_FEMALE":null,"GENERAL_ELECTORS_THIRD_GENDER":null,"GENERAL_VOTERS_TOTAL":null,"GENERAL_VOTERS_MALE":null,"GENERAL_VOTERS_FEMALE":null,"GENERAL_VOTERS_THIRD_GENDER":null,"GENERAL_TURNOUT_MALE":null,"GENERAL_TURNOUT_FEMALE":null,"GENERAL_TURNOUT_THIRD_GENDER":null,"RES_COLOR":null,"HORSE_RACE_COLOR":null,"GENDER_COLOR":null,"ID":26967}},{"type":"Feature","geometry":{"type":"Polygon","coordinates":[[[75.5331,11.8397],[75.5522,11.8331],[75.5556,11.8384],[75.5512,11.8539],[75.5712,11.8565],[75.5729,11.8477],[75.5815,11.8482],[75.5771,11.8352],[75.5812,11.8319],[75.594,11.8381],[75.5917,11.8323],[75.5957,11.8326],[75.6007,11.8224],[75.6326,11.8329],[75.6361,11.8391],[75.6491,11.8393],[75.6517,11.8443],[75.6546,11.8375],[75.6635,11.841],[75.6641,11.8353],[75.6682,11.8395],[75.6737,11.8352],[75.6692,11.8429],[75.6757,11.846],[75.6797,11.8417],[75.6862,11.8434],[75.6963,11.8523],[75.7006,11.8489],[75.6994,11.8522],[75.7058,11.8526],[75.7094,11.848],[75.7217,11.8509],[75.737,11.8373],[75.7311,11.8496],[75.7499,11.8532],[75.7532,11.848],[75.7603,11.8505],[75.776,11.8404],[75.7848,11.8435],[75.788,11.8527],[75.797,11.8515],[75.7926,11.8487],[75.8053,11.8503],[75.7903,11.8411],[75.7988,11.8195],[75.7729,11.8027],[75.75,11.8039],[75.7457,11.7992],[75.7576,11.7892],[75.7492,11.7834],[75.7381,11.7877],[75.7378,11.7822],[75.7292,11.7809],[75.7168,11.7974],[75.6917,11.7998],[75.6857,11.7788],[75.6692,11.7708],[75.6661,11.7588],[75.6553,11.7564],[75.6353,11.7363],[75.6268,11.7379],[75.6072,11.7186],[75.6064,11.7227],[75.5952,11.7131],[75.5875,11.7126],[75.593,11.7087],[75.5922,11.6983],[75.6032,11.6932],[75.6006,11.6869],[75.5875,11.6875],[75.5695,11.675],[75.5619,11.6815],[75.5637,11.6938],[75.5704,11.6983],[75.5781,11.7241],[75.574,11.7355],[75.5674,11.7379],[75.5685,11.7489],[75.5728,11.7521],[75.5715,11.7637],[75.5504,11.7709],[75.551,11.7805],[75.5437,11.7791],[75.5468,11.8011],[75.5377,11.793],[75.5327,11.7948],[75.5318,11.8008],[75.5409,11.8122],[75.5362,11.8296],[75.5294,11.8282],[75.5331,11.8397]]]},"properties":{"STATE":"KERALA","DISTRICT":"KANNUR","AC":"AC","AC_NAME":"KUTHUPARAMBA","YEAR":2026.0,"RES":"GEN","ELECTORS":205992.0,"VOTERS":164202.0,"TURNOUT":79.71,"MARGIN":1286.0,"MARGIN_PERCENTAGE":0.78,"MARGIN_PERCENTAGE2":null,"MARGIN_PERCENTAGE3":null,"PARTY_RANK1":"RJD","PARTY_RANK2":"IUML","PARTY_RANK3":"BJP","PARTY_RANK4":"IND","CANDIDATE_RANK1":"P K PRAVEEN","CANDIDATE_RANK2":"JAYANTHI RAJAN","CANDIDATE_RANK3":"ADV. SHIJILAL","CANDIDATE_RANK4":"JAYANTHI","COLOR":"#32CD32","VOTES_RANK1":70448.0,"VOTES_RANK1_PERCENTAGE":42.9,"VOTES_RANK2":69162.0,"VOTES_RANK2_PERCENTAGE":42.12,"VOTES_RANK3":22195.0,"VOTES_RANK3_PERCENTAGE":13.52,"VOTES_RANK4":671.0,"VOTES_RANK4_PERCENTAGE":0.41,"CANDIDATE_RANK1_GENDER":null,"CANDIDATE_RANK2_GENDER":null,"CANDIDATE_RANK3_GENDER":null,"CANDIDATE_RANK4_GENDER":null,"HORSE_RACE":null,"GENERAL_ELECTORS_TOTAL":null,"GENERAL_ELECTORS_MALE":null,"GENERAL_ELECTORS_FEMALE":null,"GENERAL_ELECTORS_THIRD_GENDER":null,"GENERAL_VOTERS_TOTAL":null,"GENERAL_VOTERS_MALE":null,"GENERAL_VOTERS_FEMALE":null,"GENERAL_VOTERS_THIRD_GENDER":null,"GENERAL_TURNOUT_MALE":null,"GENERAL_TURNOUT_FEMALE":null,"GENERAL_TURNOUT_THIRD_GENDER":null,"RES_COLOR":null,"HORSE_RACE_COLOR":null,"GENDER_COLOR":null,"ID":26992}},{"type":"Feature","geometry":{"type":"Polygon","coordinates":[[[75.6605,12.0207],[75.6435,11.9889],[75.6296,11.9873],[75.6199,11.9924],[75.6208,11.9814],[75.6003,11.974],[75.601,11.9669],[75.5949,11.9642],[75.5891,11.9477],[75.5898,11.9405],[75.5991,11.9369],[75.6165,11.9404],[75.6308,11.9292],[75.636,11.9347],[75.6363,11.946],[75.6518,11.9548],[75.6817,11.9434],[75.684,11.9281],[75.6791,11.9264],[75.6802,11.9182],[75.6736,11.9177],[75.6719,11.9089],[75.695,11.9074],[75.6954,11.8916],[75.7079,11.8904],[75.7076,11.8871],[75.7146,11.8843],[75.7242,11.8854],[75.7384,11.8735],[75.7535,11.8796],[75.7543,11.8689],[75.7622,11.8638],[75.7499,11.8532],[75.7311,11.8496],[75.737,11.8373],[75.7217,11.8509],[75.7094,11.848],[75.7058,11.8526],[75.6994,11.8522],[75.7006,11.8489],[75.6963,11.8523],[75.6862,11.8434],[75.6797,11.8417],[75.6757,11.846],[75.6692,11.8429],[75.6737,11.8352],[75.6682,11.8395],[75.6641,11.8353],[75.6635,11.841],[75.6546,11.8375],[75.6517,11.8443],[75.6491,11.8393],[75.6361,11.8391],[75.6326,11.8329],[75.6007,11.8224],[75.5957,11.8326],[75.5917,11.8323],[75.594,11.8381],[75.5812,11.8319],[75.5771,11.8352],[75.5815,11.8482],[75.5729,11.8477],[75.5712,11.8565],[75.5512,11.8539],[75.5556,11.8384],[75.5522,11.8331],[75.5331,11.8397],[75.524,11.8687],[75.5291,11.8711],[75.5346,11.8669],[75.5364,11.8715],[75.5482,11.8736],[75.5426,11.8859],[75.5466,11.8898],[75.5212,11.8945],[75.5088,11.9122],[75.4927,11.9142],[75.4858,11.9071],[75.4763,11.9073],[75.4618,11.9305],[75.468,11.9311],[75.4779,11.9409],[75.4945,11.9389],[75.4967,11.9527],[75.5049,11.9572],[75.5009,11.969],[75.5087,11.9807],[75.5055,11.9892],[75.513,11.992],[75.5311,11.9849],[75.5389,11.9937],[75.5466,11.9945],[75.5484,11.9801],[75.5431,11.9744],[75.5505,11.9673],[75.5639,11.9837],[75.5546,12.0148],[75.5642,12.017],[75.5633,12.0213],[75.5733,12.027],[75.569,12.0318],[75.582,12.041],[75.5943,12.0422],[75.6067,12.0336],[75.6178,12.0355],[75.6163,12.0279],[75.626,12.0216],[75.6457,12.0234],[75.6483,12.0295],[75.6605,12.0207]]]},"properties":{"STATE":"KERALA","DISTRICT":"KANNUR","AC":"AC","AC_NAME":"MATTANNUR","YEAR":2026.0,"RES":"GEN","ELECTORS":202524.0,"VOTERS":169858.0,"TURNOUT":83.87,"MARGIN":14168.0,"MARGIN_PERCENTAGE":8.34,"MARGIN_PERCENTAGE2":null,"MARGIN_PERCENTAGE3":null,"PARTY_RANK1":"CPI(M)","PARTY_RANK2":"INC","PARTY_RANK3":"BJP","PARTY_RANK4":"SDPI","CANDIDATE_RANK1":"V K SANOJ","CANDIDATE_RANK2":"CHANDRAN THILLANKERI","CANDIDATE_RANK3":"BIJU ELAKKUZHI","CANDIDATE_RANK4":"BASHEER PUNNAD","COLOR":"#FF0000","VOTES_RANK1":81456.0,"VOTES_RANK1_PERCENTAGE":47.96,"VOTES_RANK2":67288.0,"VOTES_RANK2_PERCENTAGE":39.61,"VOTES_RANK3":17815.0,"VOTES_RANK3_PERCENTAGE":10.49,"VOTES_RANK4":2171.0,"VOTES_RANK4_PERCENTAGE":1.28,"CANDIDATE_RANK1_GENDER":null,"CANDIDATE_RANK2_GENDER":null,"CANDIDATE_RANK3_GENDER":null,"CANDIDATE_RANK4_GENDER":null,"HORSE_RACE":null,"GENERAL_ELECTORS_TOTAL":null,"GENERAL_ELECTORS_MALE":null,"GENERAL_ELECTORS_FEMALE":null,"GENERAL_ELECTORS_THIRD_GENDER":null,"GENERAL_VOTERS_TOTAL":null,"GENERAL_VOTERS_MALE":null,"GENERAL_VOTERS_FEMALE":null,"GENERAL_VOTERS_THIRD_GENDER":null,"GENERAL_TURNOUT_MALE":null,"GENERAL_TURNOUT_FEMALE":null,"GENERAL_TURNOUT_THIRD_GENDER":null,"RES_COLOR":null,"HORSE_RACE_COLOR":null,"GENDER_COLOR":null,"ID":27003}},{"type":"Feature","geometry":{"type":"Polygon","coordinates":[[[75.4144,12.2928],[75.4212,12.2922],[75.431,12.299],[75.4607,12.2945],[75.4702,12.3014],[75.4863,12.2897],[75.4931,12.2742],[75.4758,12.2789],[75.4661,12.2687],[75.4559,12.2685],[75.4464,12.2521],[75.4479,12.2462],[75.4393,12.2379],[75.4243,12.2377],[75.4193,12.2334],[75.4206,12.226],[75.4161,12.2239],[75.4132,12.2364],[75.3973,12.2443],[75.3861,12.2458],[75.3848,12.2498],[75.376,12.249],[75.3711,12.2439],[75.3695,12.2356],[75.3766,12.23],[75.3722,12.2002],[75.3745,12.1884],[75.3825,12.1753],[75.3957,12.1787],[75.3875,12.1637],[75.392,12.1622],[75.3948,12.153],[75.3941,12.1504],[75.3708,12.1544],[75.3678,12.1433],[75.3571,12.1413],[75.3471,12.147],[75.3402,12.1458],[75.3346,12.152],[75.3188,12.149],[75.3091,12.1365],[75.3116,12.1329],[75.308,12.1281],[75.283,12.1198],[75.2789,12.1072],[75.2736,12.1042],[75.2606,12.1129],[75.2453,12.108],[75.2388,12.1146],[75.2307,12.1104],[75.2254,12.1132],[75.2188,12.1052],[75.2199,12.0821],[75.2244,12.077],[75.2195,12.0696],[75.2279,12.0495],[75.2249,12.037],[75.2313,12.0317],[75.2234,12.0243],[75.228,12.0229],[75.2212,12.0126],[75.2012,12.0064],[75.1647,12.0914],[75.1761,12.1013],[75.1832,12.0959],[75.1903,12.0974],[75.1939,12.1194],[75.1883,12.1302],[75.1966,12.1406],[75.1913,12.1473],[75.1877,12.1663],[75.1727,12.19],[75.204,12.1916],[75.2314,12.222],[75.2374,12.2183],[75.2519,12.2197],[75.2881,12.2335],[75.2916,12.2436],[75.2872,12.2601],[75.2982,12.2695],[75.3199,12.2744],[75.3286,12.2675],[75.3449,12.2677],[75.3644,12.2775],[75.3707,12.2861],[75.3821,12.2856],[75.3904,12.2969],[75.3943,12.2912],[75.4101,12.2954],[75.4144,12.2928]]]},"properties":{"STATE":"KERALA","DISTRICT":"KANNUR","AC":"AC","AC_NAME":"PAYYANNUR","YEAR":2026.0,"RES":"GEN","ELECTORS":189889.0,"VOTERS":155970.0,"TURNOUT":82.14,"MARGIN":7487.0,"MARGIN_PERCENTAGE":4.8,"MARGIN_PERCENTAGE2":null,"MARGIN_PERCENTAGE3":null,"PARTY_RANK1":"IND","PARTY_RANK2":"CPI(M)","PARTY_RANK3":"BJP","PARTY_RANK4":"NOTA","CANDIDATE_RANK1":"V. KUNHIKRISHNAN","CANDIDATE_RANK2":"T. I. MADHUSOODANAN","CANDIDATE_RANK3":"A. P. GANGADHARAN","CANDIDATE_RANK4":"NOTA","COLOR":"#757575","VOTES_RANK1":76640.0,"VOTES_RANK1_PERCENTAGE":49.14,"VOTES_RANK2":69153.0,"VOTES_RANK2_PERCENTAGE":44.34,"VOTES_RANK3":8432.0,"VOTES_RANK3_PERCENTAGE":5.41,"VOTES_RANK4":1193.0,"VOTES_RANK4_PERCENTAGE":0.76,"CANDIDATE_RANK1_GENDER":null,"CANDIDATE_RANK2_GENDER":null,"CANDIDATE_RANK3_GENDER":null,"CANDIDATE_RANK4_GENDER":null,"HORSE_RACE":null,"GENERAL_ELECTORS_TOTAL":null,"GENERAL_ELECTORS_MALE":null,"GENERAL_ELECTORS_FEMALE":null,"GENERAL_ELECTORS_THIRD_GENDER":null,"GENERAL_VOTERS_TOTAL":null,"GENERAL_VOTERS_MALE":null,"GENERAL_VOTERS_FEMALE":null,"GENERAL_VOTERS_THIRD_GENDER":null,"GENERAL_TURNOUT_MALE":null,"GENERAL_TURNOUT_FEMALE":null,"GENERAL_TURNOUT_THIRD_GENDER":null,"RES_COLOR":null,"HORSE_RACE_COLOR":null,"GENDER_COLOR":null,"ID":27021}},{"type":"Feature","geometry":{"type":"Polygon","coordinates":[[[75.7148,12.0705],[75.7358,12.0791],[75.7469,12.0785],[75.753,12.0847],[75.7853,12.0844],[75.8023,12.0791],[75.7982,12.0562],[75.7938,12.0551],[75.8004,12.0456],[75.8009,12.0365],[75.8108,12.0292],[75.8096,12.0226],[75.8228,12.0125],[75.82,12.0029],[75.825,12.0022],[75.8303,11.9838],[75.8463,11.9816],[75.853,11.9647],[75.8707,11.9523],[75.8856,11.9515],[75.897,11.9455],[75.9136,11.9475],[75.9293,11.9405],[75.9403,11.9436],[75.9363,11.935],[75.9288,11.935],[75.9252,11.9303],[75.9251,11.9202],[75.9393,11.9035],[75.9364,11.8909],[75.9308,11.8828],[75.9116,11.8753],[75.9313,11.8585],[75.9255,11.8486],[75.9268,11.8471],[75.9271,11.8429],[75.9263,11.8475],[75.9238,11.8468],[75.9215,11.8476],[75.9179,11.8449],[75.912,11.8463],[75.9095,11.8438],[75.8925,11.8429],[75.8719,11.8492],[75.8544,11.848],[75.8422,11.8564],[75.8282,11.8514],[75.8196,11.8588],[75.8079,11.8561],[75.8053,11.8503],[75.7926,11.8487],[75.797,11.8515],[75.788,11.8527],[75.7848,11.8435],[75.776,11.8404],[75.7603,11.8505],[75.7532,11.848],[75.7499,11.8532],[75.7622,11.8638],[75.7543,11.8689],[75.7535,11.8796],[75.7384,11.8735],[75.7242,11.8854],[75.7146,11.8843],[75.7076,11.8871],[75.7079,11.8904],[75.6954,11.8916],[75.695,11.9074],[75.6719,11.9089],[75.6736,11.9177],[75.6802,11.9182],[75.6791,11.9264],[75.684,11.9281],[75.6817,11.9434],[75.6518,11.9548],[75.6363,11.946],[75.636,11.9347],[75.6308,11.9292],[75.6165,11.9404],[75.5991,11.9369],[75.5898,11.9405],[75.5891,11.9477],[75.5949,11.9642],[75.601,11.9669],[75.6003,11.974],[75.6208,11.9814],[75.6199,11.9924],[75.6296,11.9873],[75.6435,11.9889],[75.6605,12.0207],[75.6692,12.0166],[75.6778,12.0352],[75.6821,12.0356],[75.6785,12.0427],[75.7148,12.0705]]]},"properties":{"STATE":"KERALA","DISTRICT":"KANNUR","AC":"AC","AC_NAME":"PERAVOOR","YEAR":2026.0,"RES":"GEN","ELECTORS":182947.0,"VOTERS":147244.0,"TURNOUT":80.48,"MARGIN":14453.0,"MARGIN_PERCENTAGE":9.82,"MARGIN_PERCENTAGE2":null,"MARGIN_PERCENTAGE3":null,"PARTY_RANK1":"INC","PARTY_RANK2":"CPI(M)","PARTY_RANK3":"BDJS","PARTY_RANK4":"AAAP","CANDIDATE_RANK1":"ADV. SUNNY JOSEPH","CANDIDATE_RANK2":"K K SHAILAJA TEACHER","CANDIDATE_RANK3":"PAILY VATHIYATTU","CANDIDATE_RANK4":"ADV. HENSTION GEORGE","COLOR":"#00BFFF","VOTES_RANK1":76140.0,"VOTES_RANK1_PERCENTAGE":51.71,"VOTES_RANK2":61687.0,"VOTES_RANK2_PERCENTAGE":41.89,"VOTES_RANK3":8020.0,"VOTES_RANK3_PERCENTAGE":5.45,"VOTES_RANK4":431.0,"VOTES_RANK4_PERCENTAGE":0.29,"CANDIDATE_RANK1_GENDER":null,"CANDIDATE_RANK2_GENDER":null,"CANDIDATE_RANK3_GENDER":null,"CANDIDATE_RANK4_GENDER":null,"HORSE_RACE":null,"GENERAL_ELECTORS_TOTAL":null,"GENERAL_ELECTORS_MALE":null,"GENERAL_ELECTORS_FEMALE":null,"GENERAL_ELECTORS_THIRD_GENDER":null,"GENERAL_VOTERS_TOTAL":null,"GENERAL_VOTERS_MALE":null,"GENERAL_VOTERS_FEMALE":null,"GENERAL_VOTERS_THIRD_GENDER":null,"GENERAL_TURNOUT_MALE":null,"GENERAL_TURNOUT_FEMALE":null,"GENERAL_TURNOUT_THIRD_GENDER":null,"RES_COLOR":null,"HORSE_RACE_COLOR":null,"GENDER_COLOR":null,"ID":27024}},{"type":"Feature","geometry":{"type":"Polygon","coordinates":[[[75.3948,12.153],[75.4166,12.156],[75.4249,12.1496],[75.4302,12.152],[75.4337,12.1456],[75.4378,12.1519],[75.4476,12.1415],[75.4553,12.1396],[75.4487,12.1293],[75.4423,12.1272],[75.4427,12.1151],[75.4377,12.118],[75.4351,12.113],[75.4343,12.0987],[75.438,12.0949],[75.4282,12.0716],[75.4316,12.0631],[75.4228,12.0573],[75.4233,12.0522],[75.4357,12.0518],[75.436,12.0445],[75.4291,12.0376],[75.436,12.022],[75.4334,12.0179],[75.4446,12.021],[75.4604,12.0052],[75.4681,12.003],[75.4713,12.0064],[75.4698,12.0196],[75.4765,12.0217],[75.4908,12.0412],[75.4992,12.0393],[75.4973,12.029],[75.5006,12.024],[75.5205,12.02],[75.5333,12.0125],[75.5303,12.0037],[75.5158,12.0026],[75.513,11.992],[75.5055,11.9892],[75.5087,11.9807],[75.5009,11.969],[75.5049,11.9572],[75.4967,11.9527],[75.4945,11.9389],[75.4779,11.9409],[75.468,11.9311],[75.4618,11.9305],[75.459,11.9364],[75.4465,11.9369],[75.4419,11.9473],[75.4374,11.9485],[75.4296,11.9429],[75.4283,11.9242],[75.4192,11.9261],[75.4133,11.9194],[75.4103,11.9268],[75.4136,11.9465],[75.4007,11.9492],[75.3964,11.9716],[75.3832,11.9594],[75.3773,11.9593],[75.3846,11.9707],[75.3814,11.9751],[75.3764,11.9747],[75.3778,11.9849],[75.3707,11.9865],[75.3376,11.9745],[75.3404,11.987],[75.333,11.9913],[75.3332,12.0088],[75.341,12.0043],[75.3551,12.008],[75.3461,12.0209],[75.348,12.0265],[75.3408,12.0287],[75.3385,12.0382],[75.3321,12.0403],[75.3392,12.0531],[75.3358,12.0602],[75.3248,12.0603],[75.3157,12.0536],[75.2975,12.0642],[75.3143,12.0936],[75.3109,12.0952],[75.3115,12.1089],[75.3279,12.1126],[75.331,12.1058],[75.3384,12.1041],[75.3612,12.1245],[75.4019,12.1381],[75.4015,12.1454],[75.3941,12.1504],[75.3948,12.153]]]},"properties":{"STATE":"KERALA","DISTRICT":"KANNUR","AC":"AC","AC_NAME":"TALIPARAMBA","YEAR":2026.0,"RES":"GEN","ELECTORS":233210.0,"VOTERS":192175.0,"TURNOUT":82.4,"MARGIN":12551.0,"MARGIN_PERCENTAGE":6.53,"MARGIN_PERCENTAGE2":null,"MARGIN_PERCENTAGE3":null,"PARTY_RANK1":"IND","PARTY_RANK2":"CPI(M)","PARTY_RANK3":"BJP","PARTY_RANK4":"NOTA","CANDIDATE_RANK1":"T K GOVINDAN MASTER S/O KUNHIKKANNAN NAMBIAR","CANDIDATE_RANK2":"P K SHYAMALA TEACHER","CANDIDATE_RANK3":"N HARIDAS","CANDIDATE_RANK4":"NOTA","COLOR":"#757575","VOTES_RANK1":91339.0,"VOTES_RANK1_PERCENTAGE":47.53,"VOTES_RANK2":78788.0,"VOTES_RANK2_PERCENTAGE":41.0,"VOTES_RANK3":16089.0,"VOTES_RANK3_PERCENTAGE":8.37,"VOTES_RANK4":1798.0,"VOTES_RANK4_PERCENTAGE":0.94,"CANDIDATE_RANK1_GENDER":null,"CANDIDATE_RANK2_GENDER":null,"CANDIDATE_RANK3_GENDER":null,"CANDIDATE_RANK4_GENDER":null,"HORSE_RACE":null,"GENERAL_ELECTORS_TOTAL":null,"GENERAL_ELECTORS_MALE":null,"GENERAL_ELECTORS_FEMALE":null,"GENERAL_ELECTORS_THIRD_GENDER":null,"GENERAL_VOTERS_TOTAL":null,"GENERAL_VOTERS_MALE":null,"GENERAL_VOTERS_FEMALE":null,"GENERAL_VOTERS_THIRD_GENDER":null,"GENERAL_TURNOUT_MALE":null,"GENERAL_TURNOUT_FEMALE":null,"GENERAL_TURNOUT_THIRD_GENDER":null,"RES_COLOR":null,"HORSE_RACE_COLOR":null,"GENDER_COLOR":null,"ID":27037}},{"type":"Feature","geometry":{"type":"Polygon","coordinates":[[[75.5318,11.8008],[75.5327,11.7948],[75.5377,11.793],[75.5468,11.8011],[75.5437,11.7791],[75.551,11.7805],[75.5504,11.7709],[75.5715,11.7637],[75.5728,11.7521],[75.5685,11.7489],[75.5674,11.7379],[75.574,11.7355],[75.5781,11.7241],[75.5704,11.6983],[75.5637,11.6938],[75.5532,11.7031],[75.5443,11.7046],[75.5359,11.7099],[75.5306,11.704],[75.5172,11.7165],[75.5086,11.732],[75.4982,11.7345],[75.4855,11.7484],[75.4715,11.7704],[75.4855,11.7816],[75.4817,11.7852],[75.4905,11.7946],[75.5015,11.7988],[75.5199,11.7952],[75.5318,11.8008]],[[75.5312,11.7084],[75.5375,11.7122],[75.5325,11.7158],[75.5366,11.7194],[75.5378,11.716],[75.5479,11.7154],[75.5555,11.7217],[75.5558,11.7277],[75.5433,11.7344],[75.5462,11.7563],[75.5382,11.7627],[75.5313,11.7586],[75.5406,11.7486],[75.5416,11.7388],[75.5403,11.7347],[75.5319,11.7345],[75.5266,11.7261],[75.5312,11.7084]]]},"properties":{"STATE":"KERALA","DISTRICT":"KANNUR","AC":"AC","AC_NAME":"THALASSERY","YEAR":2026.0,"RES":"GEN","ELECTORS":186116.0,"VOTERS":144287.0,"TURNOUT":77.53,"MARGIN":20523.0,"MARGIN_PERCENTAGE":14.22,"MARGIN_PERCENTAGE2":null,"MARGIN_PERCENTAGE3":null,"PARTY_RANK1":"CPI(M)","PARTY_RANK2":"INC","PARTY_RANK3":"BJP","PARTY_RANK4":"SDPI","CANDIDATE_RANK1":"KARAYI RAJAN","CANDIDATE_RANK2":"SAJU K P","CANDIDATE_RANK3":"O NIDHEESH","CANDIDATE_RANK4":"A C JALALUDDHEEN","COLOR":"#FF0000","VOTES_RANK1":69743.0,"VOTES_RANK1_PERCENTAGE":48.34,"VOTES_RANK2":49220.0,"VOTES_RANK2_PERCENTAGE":34.11,"VOTES_RANK3":22754.0,"VOTES_RANK3_PERCENTAGE":15.77,"VOTES_RANK4":1444.0,"VOTES_RANK4_PERCENTAGE":1.0,"CANDIDATE_RANK1_GENDER":null,"CANDIDATE_RANK2_GENDER":null,"CANDIDATE_RANK3_GENDER":null,"CANDIDATE_RANK4_GENDER":null,"HORSE_RACE":null,"GENERAL_ELECTORS_TOTAL":null,"GENERAL_ELECTORS_MALE":null,"GENERAL_ELECTORS_FEMALE":null,"GENERAL_ELECTORS_THIRD_GENDER":null,"GENERAL_VOTERS_TOTAL":null,"GENERAL_VOTERS_MALE":null,"GENERAL_VOTERS_FEMALE":null,"GENERAL_VOTERS_THIRD_GENDER":null,"GENERAL_TURNOUT_MALE":null,"GENERAL_TURNOUT_FEMALE":null,"GENERAL_TURNOUT_THIRD_GENDER":null,"RES_COLOR":null,"HORSE_RACE_COLOR":null,"GENDER_COLOR":null,"ID":27040}},{"type":"Feature","geometry":{"type":"Polygon","coordinates":[[[75.3456,12.4628],[75.3593,12.4642],[75.3717,12.4756],[75.3677,12.4912],[75.3825,12.5017],[75.3918,12.4998],[75.3982,12.5039],[75.4039,12.4977],[75.4162,12.501],[75.4238,12.4673],[75.4153,12.4663],[75.4133,12.4587],[75.3935,12.4515],[75.3866,12.4588],[75.3656,12.4572],[75.3713,12.4379],[75.3662,12.4123],[75.3727,12.4006],[75.3794,12.3927],[75.3925,12.3898],[75.3983,12.3817],[75.4132,12.3804],[75.4221,12.3723],[75.4188,12.3558],[75.4105,12.3467],[75.39,12.3461],[75.3706,12.3683],[75.3593,12.3651],[75.3598,12.3592],[75.3459,12.3693],[75.3119,12.362],[75.2961,12.3628],[75.2946,12.3524],[75.2825,12.3473],[75.2918,12.3376],[75.2868,12.3311],[75.289,12.3277],[75.2811,12.3237],[75.2681,12.2871],[75.2537,12.271],[75.2255,12.268],[75.2221,12.2811],[75.2144,12.2759],[75.2053,12.282],[75.1776,12.2715],[75.1636,12.2813],[75.1508,12.2759],[75.1403,12.2785],[75.1318,12.2696],[75.1345,12.2659],[75.1293,12.2641],[75.1199,12.2701],[75.1189,12.2549],[75.104,12.2424],[75.0519,12.365],[75.0607,12.3711],[75.059,12.3784],[75.0753,12.3898],[75.0856,12.3907],[75.0913,12.3862],[75.0931,12.3668],[75.0865,12.3556],[75.0826,12.3564],[75.084,12.352],[75.0779,12.3492],[75.1052,12.3475],[75.1105,12.3522],[75.1154,12.3485],[75.12,12.3569],[75.1308,12.359],[75.1352,12.3839],[75.1549,12.3934],[75.1602,12.3934],[75.1629,12.3847],[75.1682,12.3874],[75.1703,12.3998],[75.1622,12.4076],[75.1681,12.4138],[75.1704,12.428],[75.1825,12.4355],[75.1854,12.4319],[75.1926,12.4331],[75.196,12.4265],[75.2094,12.4349],[75.2197,12.4355],[75.2232,12.44],[75.221,12.4639],[75.2264,12.4702],[75.2331,12.4699],[75.2351,12.4621],[75.243,12.4623],[75.2469,12.4683],[75.2464,12.4604],[75.2544,12.4588],[75.2581,12.4665],[75.265,12.4591],[75.2718,12.4589],[75.2791,12.472],[75.2922,12.4698],[75.3034,12.4941],[75.3146,12.4985],[75.3246,12.4962],[75.3325,12.4993],[75.3376,12.4884],[75.3358,12.4778],[75.3417,12.4701],[75.3368,12.4643],[75.3456,12.4628]]]},"properties":{"STATE":"KERALA","DISTRICT":"KASARAGOD","AC":"AC","AC_NAME":"KANHANGAD","YEAR":2026.0,"RES":"GEN","ELECTORS":224409.0,"VOTERS":175777.0,"TURNOUT":78.33,"MARGIN":15316.0,"MARGIN_PERCENTAGE":8.71,"MARGIN_PERCENTAGE2":null,"MARGIN_PERCENTAGE3":null,"PARTY_RANK1":"CPI","PARTY_RANK2":"KEC","PARTY_RANK3":"BJP","PARTY_RANK4":"BSP","CANDIDATE_RANK1":"ADV. GOVINDAN PALLIKAPPIL","CANDIDATE_RANK2":"SHAIJI OTTAPALLI","CANDIDATE_RANK3":"M BALRAJ","CANDIDATE_RANK4":"VIJAYAKUMAR B","COLOR":"#FF0001","VOTES_RANK1":79920.0,"VOTES_RANK1_PERCENTAGE":45.47,"VOTES_RANK2":64604.0,"VOTES_RANK2_PERCENTAGE":36.75,"VOTES_RANK3":27063.0,"VOTES_RANK3_PERCENTAGE":15.4,"VOTES_RANK4":3132.0,"VOTES_RANK4_PERCENTAGE":1.78,"CANDIDATE_RANK1_GENDER":null,"CANDIDATE_RANK2_GENDER":null,"CANDIDATE_RANK3_GENDER":null,"CANDIDATE_RANK4_GENDER":null,"HORSE_RACE":null,"GENERAL_ELECTORS_TOTAL":null,"GENERAL_ELECTORS_MALE":null,"GENERAL_ELECTORS_FEMALE":null,"GENERAL_ELECTORS_THIRD_GENDER":null,"GENERAL_VOTERS_TOTAL":null,"GENERAL_VOTERS_MALE":null,"GENERAL_VOTERS_FEMALE":null,"GENERAL_VOTERS_THIRD_GENDER":null,"GENERAL_TURNOUT_MALE":null,"GENERAL_TURNOUT_FEMALE":null,"GENERAL_TURNOUT_THIRD_GENDER":null,"RES_COLOR":null,"HORSE_RACE_COLOR":null,"GENDER_COLOR":null,"ID":26965}},{"type":"Feature","geometry":{"type":"Polygon","coordinates":[[[75.1454,12.6345],[75.1477,12.6344],[75.1541,12.6243],[75.1607,12.6222],[75.1715,12.6232],[75.1822,12.6327],[75.2016,12.6302],[75.1992,12.611],[75.2054,12.609],[75.2096,12.5999],[75.2016,12.5932],[75.2009,12.5874],[75.2094,12.5908],[75.2124,12.5785],[75.22,12.5695],[75.2238,12.5704],[75.2174,12.5681],[75.2176,12.5585],[75.2088,12.5558],[75.2047,12.547],[75.1909,12.5495],[75.1865,12.5383],[75.1812,12.5528],[75.1684,12.5508],[75.1666,12.5464],[75.1719,12.546],[75.1676,12.5412],[75.1713,12.5412],[75.1646,12.5404],[75.1658,12.5452],[75.1621,12.5434],[75.1596,12.5273],[75.14,12.5301],[75.1424,12.5229],[75.1479,12.5274],[75.1455,12.5209],[75.1335,12.5227],[75.114,12.5382],[75.103,12.5303],[75.0885,12.531],[75.0892,12.5231],[75.0806,12.5157],[75.0652,12.5225],[75.0617,12.516],[75.0729,12.5033],[75.0632,12.4937],[75.0352,12.4933],[75.0252,12.5073],[75.0126,12.5025],[75.0027,12.5051],[74.9975,12.4936],[75.0029,12.4752],[74.9919,12.4669],[74.9559,12.5468],[74.9639,12.5295],[74.9553,12.559],[74.9622,12.5662],[74.9756,12.5708],[74.9844,12.5616],[75.0136,12.604],[75.0279,12.614],[75.0414,12.6098],[75.0481,12.6172],[75.0467,12.6226],[75.0533,12.6264],[75.057,12.6263],[75.0596,12.6185],[75.0821,12.6296],[75.1052,12.629],[75.1113,12.6219],[75.1111,12.6152],[75.1273,12.6161],[75.1328,12.6035],[75.1459,12.6029],[75.154,12.606],[75.1557,12.6199],[75.1468,12.6268],[75.1454,12.6345]]]},"properties":{"STATE":"KERALA","DISTRICT":"KASARAGOD","AC":"AC","AC_NAME":"KASARAGOD","YEAR":2026.0,"RES":"GEN","ELECTORS":210980.0,"VOTERS":169203.0,"TURNOUT":80.2,"MARGIN":22698.0,"MARGIN_PERCENTAGE":13.41,"MARGIN_PERCENTAGE2":null,"MARGIN_PERCENTAGE3":null,"PARTY_RANK1":"IUML","PARTY_RANK2":"BJP","PARTY_RANK3":"IND","PARTY_RANK4":"IND","CANDIDATE_RANK1":"KALLATRA MAHIN","CANDIDATE_RANK2":"ASHWINI M L","CANDIDATE_RANK3":"SHANAVAS PADHOOR","CANDIDATE_RANK4":"SHANAVAS A A","COLOR":"#228B22","VOTES_RANK1":76396.0,"VOTES_RANK1_PERCENTAGE":45.15,"VOTES_RANK2":53698.0,"VOTES_RANK2_PERCENTAGE":31.74,"VOTES_RANK3":36678.0,"VOTES_RANK3_PERCENTAGE":21.68,"VOTES_RANK4":893.0,"VOTES_RANK4_PERCENTAGE":0.53,"CANDIDATE_RANK1_GENDER":null,"CANDIDATE_RANK2_GENDER":null,"CANDIDATE_RANK3_GENDER":null,"CANDIDATE_RANK4_GENDER":null,"HORSE_RACE":null,"GENERAL_ELECTORS_TOTAL":null,"GENERAL_ELECTORS_MALE":null,"GENERAL_ELECTORS_FEMALE":null,"GENERAL_ELECTORS_THIRD_GENDER":null,"GENERAL_VOTERS_TOTAL":null,"GENERAL_VOTERS_MALE":null,"GENERAL_VOTERS_FEMALE":null,"GENERAL_VOTERS_THIRD_GENDER":null,"GENERAL_TURNOUT_MALE":null,"GENERAL_TURNOUT_FEMALE":null,"GENERAL_TURNOUT_THIRD_GENDER":null,"RES_COLOR":null,"HORSE_RACE_COLOR":null,"GENDER_COLOR":null,"ID":26969}},{"type":"Feature","geometry":{"type":"Polygon","coordinates":[[[75.0014,12.7919],[75.0056,12.7908],[75.004,12.7774],[75.0099,12.7678],[74.9874,12.7423],[74.9842,12.7444],[74.9839,12.7365],[74.9862,12.7339],[74.9922,12.7398],[75.0131,12.7277],[75.0008,12.7164],[75.0151,12.7143],[75.0185,12.7209],[75.0391,12.724],[75.0523,12.72],[75.0521,12.7133],[75.054,12.7071],[75.0499,12.7041],[75.055,12.6923],[75.0437,12.6926],[75.0403,12.6851],[75.0465,12.6676],[75.0541,12.6701],[75.0576,12.6657],[75.0593,12.6719],[75.0687,12.6647],[75.074,12.6723],[75.0859,12.6756],[75.0851,12.6956],[75.0808,12.699],[75.0858,12.704],[75.1063,12.6964],[75.1111,12.6818],[75.122,12.6789],[75.1248,12.6817],[75.1325,12.6761],[75.1515,12.683],[75.1496,12.6735],[75.1618,12.672],[75.1506,12.6499],[75.138,12.6432],[75.1477,12.6344],[75.1454,12.6345],[75.1468,12.6268],[75.1557,12.6199],[75.154,12.606],[75.1459,12.6029],[75.1328,12.6035],[75.1273,12.6161],[75.1111,12.6152],[75.1113,12.6219],[75.1052,12.629],[75.0821,12.6296],[75.0596,12.6185],[75.057,12.6263],[75.0533,12.6264],[75.0467,12.6226],[75.0481,12.6172],[75.0414,12.6098],[75.0279,12.614],[75.0136,12.604],[74.9844,12.5616],[74.9756,12.5708],[74.9599,12.5663],[74.9538,12.5584],[74.9546,12.5493],[74.9385,12.5914],[74.942,12.5865],[74.9403,12.5954],[74.9478,12.6061],[74.9541,12.6052],[74.9418,12.6075],[74.9395,12.5957],[74.9321,12.6146],[74.9417,12.6324],[74.95,12.6363],[74.9424,12.6374],[74.9281,12.6118],[74.888,12.7077],[74.8969,12.6972],[74.9064,12.6953],[74.8989,12.6983],[74.8937,12.7113],[74.8915,12.7124],[74.8983,12.7143],[74.8867,12.7126],[74.8851,12.7106],[74.887,12.7089],[74.8847,12.7104],[74.8677,12.7514],[74.8697,12.7608],[74.8744,12.7552],[74.8825,12.7543],[74.9331,12.7808],[74.9584,12.7849],[74.9602,12.7791],[74.9646,12.7819],[74.9686,12.7766],[74.9875,12.7832],[74.9923,12.7885],[74.9892,12.7957],[74.9985,12.7862],[75.0028,12.7886],[75.0014,12.7919]]]},"properties":{"STATE":"KERALA","DISTRICT":"KASARAGOD","AC":"AC","AC_NAME":"MANJESHWAR","YEAR":2026.0,"RES":"GEN","ELECTORS":230144.0,"VOTERS":187801.0,"TURNOUT":81.6,"MARGIN":29252.0,"MARGIN_PERCENTAGE":15.58,"MARGIN_PERCENTAGE2":null,"MARGIN_PERCENTAGE3":null,"PARTY_RANK1":"IUML","PARTY_RANK2":"BJP","PARTY_RANK3":"CPI(M)","PARTY_RANK4":"IND","CANDIDATE_RANK1":"A K M ASHRAF","CANDIDATE_RANK2":"K SURENDRAN","CANDIDATE_RANK3":"K R JAYANANDA","CANDIDATE_RANK4":"GEAN LAVINA MONTEIRO","COLOR":"#228B22","VOTES_RANK1":96948.0,"VOTES_RANK1_PERCENTAGE":51.62,"VOTES_RANK2":67696.0,"VOTES_RANK2_PERCENTAGE":36.05,"VOTES_RANK3":21212.0,"VOTES_RANK3_PERCENTAGE":11.29,"VOTES_RANK4":523.0,"VOTES_RANK4_PERCENTAGE":0.28,"CANDIDATE_RANK1_GENDER":null,"CANDIDATE_RANK2_GENDER":null,"CANDIDATE_RANK3_GENDER":null,"CANDIDATE_RANK4_GENDER":null,"HORSE_RACE":null,"GENERAL_ELECTORS_TOTAL":null,"GENERAL_ELECTORS_MALE":null,"GENERAL_ELECTORS_FEMALE":null,"GENERAL_ELECTORS_THIRD_GENDER":null,"GENERAL_VOTERS_TOTAL":null,"GENERAL_VOTERS_MALE":null,"GENERAL_VOTERS_FEMALE":null,"GENERAL_VOTERS_THIRD_GENDER":null,"GENERAL_TURNOUT_MALE":null,"GENERAL_TURNOUT_FEMALE":null,"GENERAL_TURNOUT_THIRD_GENDER":null,"RES_COLOR":null,"HORSE_RACE_COLOR":null,"GENDER_COLOR":null,"ID":27000}},{"type":"Feature","geometry":{"type":"Polygon","coordinates":[[[75.4105,12.3467],[75.4203,12.3192],[75.4322,12.3098],[75.4144,12.2928],[75.4101,12.2954],[75.3943,12.2912],[75.3904,12.2969],[75.3821,12.2856],[75.3707,12.2861],[75.3644,12.2775],[75.3449,12.2677],[75.3286,12.2675],[75.3199,12.2744],[75.2982,12.2695],[75.2872,12.2601],[75.2916,12.2436],[75.2881,12.2335],[75.2519,12.2197],[75.2374,12.2183],[75.2314,12.222],[75.204,12.1916],[75.1727,12.19],[75.1877,12.1663],[75.1913,12.1473],[75.1966,12.1406],[75.1883,12.1302],[75.1939,12.1194],[75.1903,12.0974],[75.1832,12.0959],[75.1761,12.1013],[75.1647,12.0914],[75.1269,12.2024],[75.1182,12.2061],[75.104,12.2424],[75.1189,12.2549],[75.1199,12.2701],[75.1293,12.2641],[75.1345,12.2659],[75.1318,12.2696],[75.1403,12.2785],[75.1508,12.2759],[75.1636,12.2813],[75.1776,12.2715],[75.2053,12.282],[75.2144,12.2759],[75.2221,12.2811],[75.2255,12.268],[75.2537,12.271],[75.2681,12.2871],[75.2811,12.3237],[75.289,12.3277],[75.2868,12.3311],[75.2918,12.3376],[75.2825,12.3473],[75.2946,12.3524],[75.2961,12.3628],[75.3119,12.362],[75.3459,12.3693],[75.3598,12.3592],[75.3593,12.3651],[75.3706,12.3683],[75.39,12.3461],[75.4105,12.3467]]]},"properties":{"STATE":"KERALA","DISTRICT":"KASARAGOD","AC":"AC","AC_NAME":"TRIKARIPUR","YEAR":2026.0,"RES":"GEN","ELECTORS":210941.0,"VOTERS":170904.0,"TURNOUT":81.02,"MARGIN":4431.0,"MARGIN_PERCENTAGE":2.59,"MARGIN_PERCENTAGE2":null,"MARGIN_PERCENTAGE3":null,"PARTY_RANK1":"INC","PARTY_RANK2":"CPI(M)","PARTY_RANK3":"TTPty","PARTY_RANK4":"NOTA","CANDIDATE_RANK1":"SANDEEP VARIER","CANDIDATE_RANK2":"DR. V P P MUSTAFA","CANDIDATE_RANK3":"RAVI KULANGARA","CANDIDATE_RANK4":"NOTA","COLOR":"#00BFFF","VOTES_RANK1":83109.0,"VOTES_RANK1_PERCENTAGE":48.63,"VOTES_RANK2":78678.0,"VOTES_RANK2_PERCENTAGE":46.04,"VOTES_RANK3":7837.0,"VOTES_RANK3_PERCENTAGE":4.59,"VOTES_RANK4":710.0,"VOTES_RANK4_PERCENTAGE":0.42,"CANDIDATE_RANK1_GENDER":null,"CANDIDATE_RANK2_GENDER":null,"CANDIDATE_RANK3_GENDER":null,"CANDIDATE_RANK4_GENDER":null,"HORSE_RACE":null,"GENERAL_ELECTORS_TOTAL":null,"GENERAL_ELECTORS_MALE":null,"GENERAL_ELECTORS_FEMALE":null,"GENERAL_ELECTORS_THIRD_GENDER":null,"GENERAL_VOTERS_TOTAL":null,"GENERAL_VOTERS_MALE":null,"GENERAL_VOTERS_FEMALE":null,"GENERAL_VOTERS_THIRD_GENDER":null,"GENERAL_TURNOUT_MALE":null,"GENERAL_TURNOUT_FEMALE":null,"GENERAL_TURNOUT_THIRD_GENDER":null,"RES_COLOR":null,"HORSE_RACE_COLOR":null,"GENDER_COLOR":null,"ID":27052}},{"type":"Feature","geometry":{"type":"Polygon","coordinates":[[[75.2299,12.5686],[75.2376,12.5698],[75.2385,12.5809],[75.2501,12.5846],[75.261,12.5976],[75.2672,12.6145],[75.2789,12.6166],[75.2893,12.6102],[75.2916,12.6017],[75.3021,12.6049],[75.3122,12.5892],[75.3275,12.5916],[75.3281,12.5842],[75.3156,12.5723],[75.2905,12.5825],[75.2859,12.5703],[75.2728,12.5686],[75.27,12.5582],[75.274,12.5347],[75.2794,12.5258],[75.3034,12.5237],[75.3039,12.5049],[75.3136,12.5033],[75.3146,12.4985],[75.3034,12.4941],[75.2922,12.4698],[75.2791,12.472],[75.2718,12.4589],[75.265,12.4591],[75.2581,12.4665],[75.2544,12.4588],[75.2464,12.4604],[75.2469,12.4683],[75.243,12.4623],[75.2351,12.4621],[75.2331,12.4699],[75.2264,12.4702],[75.221,12.4639],[75.2232,12.44],[75.2197,12.4355],[75.2094,12.4349],[75.196,12.4265],[75.1926,12.4331],[75.1854,12.4319],[75.1825,12.4355],[75.1704,12.428],[75.1681,12.4138],[75.1622,12.4076],[75.1703,12.3998],[75.1682,12.3874],[75.1629,12.3847],[75.1602,12.3934],[75.1549,12.3934],[75.1352,12.3839],[75.1308,12.359],[75.12,12.3569],[75.1154,12.3485],[75.1105,12.3522],[75.1052,12.3475],[75.0779,12.3492],[75.084,12.352],[75.0826,12.3564],[75.0865,12.3556],[75.0931,12.3668],[75.0913,12.3862],[75.0856,12.3907],[75.0753,12.3898],[75.059,12.3784],[75.0607,12.3711],[75.0519,12.365],[75.0418,12.3886],[75.0317,12.3918],[75.022,12.4137],[75.015,12.4181],[74.9919,12.4669],[75.0029,12.4752],[74.9975,12.4936],[75.0027,12.5051],[75.0126,12.5025],[75.0252,12.5073],[75.0352,12.4933],[75.0632,12.4937],[75.0729,12.5033],[75.0617,12.516],[75.0652,12.5225],[75.0806,12.5157],[75.0892,12.5231],[75.0885,12.531],[75.103,12.5303],[75.114,12.5382],[75.1335,12.5227],[75.1455,12.5209],[75.1479,12.5274],[75.1424,12.5229],[75.14,12.5301],[75.1596,12.5273],[75.1621,12.5434],[75.1658,12.5452],[75.1646,12.5404],[75.1713,12.5412],[75.1676,12.5412],[75.1719,12.546],[75.1666,12.5464],[75.1684,12.5508],[75.1812,12.5528],[75.1865,12.5383],[75.1909,12.5495],[75.2047,12.547],[75.2088,12.5558],[75.2176,12.5585],[75.2174,12.5681],[75.2238,12.5704],[75.2299,12.5686]]]},"properties":{"STATE":"KERALA","DISTRICT":"KASARAGOD","AC":"AC","AC_NAME":"UDMA","YEAR":2026.0,"RES":"GEN","ELECTORS":228689.0,"VOTERS":180816.0,"TURNOUT":79.07,"MARGIN":4847.0,"MARGIN_PERCENTAGE":2.68,"MARGIN_PERCENTAGE2":null,"MARGIN_PERCENTAGE3":null,"PARTY_RANK1":"INC","PARTY_RANK2":"CPI(M)","PARTY_RANK3":"BJP","PARTY_RANK4":"NOTA","CANDIDATE_RANK1":"NEELAKANDAN","CANDIDATE_RANK2":"C H KUNHAMBU","CANDIDATE_RANK3":"MANULAL M","CANDIDATE_RANK4":"NOTA","COLOR":"#00BFFF","VOTES_RANK1":78910.0,"VOTES_RANK1_PERCENTAGE":43.64,"VOTES_RANK2":74063.0,"VOTES_RANK2_PERCENTAGE":40.96,"VOTES_RANK3":26899.0,"VOTES_RANK3_PERCENTAGE":14.88,"VOTES_RANK4":504.0,"VOTES_RANK4_PERCENTAGE":0.28,"CANDIDATE_RANK1_GENDER":null,"CANDIDATE_RANK2_GENDER":null,"CANDIDATE_RANK3_GENDER":null,"CANDIDATE_RANK4_GENDER":null,"HORSE_RACE":null,"GENERAL_ELECTORS_TOTAL":null,"GENERAL_ELECTORS_MALE":null,"GENERAL_ELECTORS_FEMALE":null,"GENERAL_ELECTORS_THIRD_GENDER":null,"GENERAL_VOTERS_TOTAL":null,"GENERAL_VOTERS_MALE":null,"GENERAL_VOTERS_FEMALE":null,"GENERAL_VOTERS_THIRD_GENDER":null,"GENERAL_TURNOUT_MALE":null,"GENERAL_TURNOUT_FEMALE":null,"GENERAL_TURNOUT_THIRD_GENDER":null,"RES_COLOR":null,"HORSE_RACE_COLOR":null,"GENDER_COLOR":null,"ID":27053}},{"type":"Feature","geometry":{"type":"Polygon","coordinates":[[[76.8092,8.9378],[76.8342,8.9235],[76.8388,8.9098],[76.8561,8.9032],[76.846,8.8876],[76.8657,8.8785],[76.8629,8.8898],[76.8654,8.8882],[76.8735,8.8976],[76.8702,8.9038],[76.8786,8.91],[76.8811,8.9069],[76.9146,8.9121],[76.9176,8.917],[76.9127,8.9188],[76.9126,8.9284],[76.9292,8.9295],[76.9338,8.9155],[76.9396,8.916],[76.9388,8.9062],[76.9444,8.9075],[76.9445,8.9021],[76.9555,8.9134],[76.9521,8.9234],[76.9552,8.9277],[76.979,8.9157],[76.9831,8.917],[76.9818,8.9221],[76.9884,8.9209],[77.0038,8.8839],[77.0189,8.8724],[77.0484,8.8603],[77.0479,8.8464],[77.0325,8.8429],[77.0198,8.8282],[77.021,8.8171],[77.0088,8.8133],[77.0111,8.7959],[77.0249,8.7756],[77.0031,8.7713],[76.999,8.7783],[76.9936,8.7867],[76.9798,8.7897],[76.9727,8.7754],[76.9636,8.7713],[76.9467,8.7714],[76.9333,8.7618],[76.9153,8.7769],[76.9152,8.782],[76.9213,8.7866],[76.9002,8.8115],[76.8903,8.8115],[76.8829,8.8058],[76.8529,8.8177],[76.8456,8.8281],[76.8481,8.8347],[76.8326,8.8436],[76.8249,8.8437],[76.8164,8.8597],[76.8115,8.8549],[76.8068,8.8574],[76.8015,8.8487],[76.7946,8.8566],[76.7896,8.8534],[76.7832,8.8624],[76.7809,8.8605],[76.7665,8.8547],[76.764,8.8588],[76.7819,8.8914],[76.7889,8.8969],[76.7871,8.906],[76.7875,8.9147],[76.7944,8.9182],[76.7917,8.9294],[76.7991,8.9271],[76.8006,8.9328],[76.8092,8.9378]]]},"properties":{"STATE":"KERALA","DISTRICT":"KOLLAM","AC":"AC","AC_NAME":"CHADAYAMANGALAM","YEAR":2026.0,"RES":"GEN","ELECTORS":202399.0,"VOTERS":153260.0,"TURNOUT":75.72,"MARGIN":7486.0,"MARGIN_PERCENTAGE":4.88,"MARGIN_PERCENTAGE2":null,"MARGIN_PERCENTAGE3":null,"PARTY_RANK1":"INC","PARTY_RANK2":"CPI","PARTY_RANK3":"BJP","PARTY_RANK4":"SDPI","CANDIDATE_RANK1":"M. M. NASEER","CANDIDATE_RANK2":"J. CHINCHURANI","CANDIDATE_RANK3":"R.S. ARUNRAJ","CANDIDATE_RANK4":"SHARAFATH MALLAM","COLOR":"#00BFFF","VOTES_RANK1":68281.0,"VOTES_RANK1_PERCENTAGE":44.55,"VOTES_RANK2":60795.0,"VOTES_RANK2_PERCENTAGE":39.67,"VOTES_RANK3":20971.0,"VOTES_RANK3_PERCENTAGE":13.68,"VOTES_RANK4":1674.0,"VOTES_RANK4_PERCENTAGE":1.09,"CANDIDATE_RANK1_GENDER":null,"CANDIDATE_RANK2_GENDER":null,"CANDIDATE_RANK3_GENDER":null,"CANDIDATE_RANK4_GENDER":null,"HORSE_RACE":null,"GENERAL_ELECTORS_TOTAL":null,"GENERAL_ELECTORS_MALE":null,"GENERAL_ELECTORS_FEMALE":null,"GENERAL_ELECTORS_THIRD_GENDER":null,"GENERAL_VOTERS_TOTAL":null,"GENERAL_VOTERS_MALE":null,"GENERAL_VOTERS_FEMALE":null,"GENERAL_VOTERS_THIRD_GENDER":null,"GENERAL_TURNOUT_MALE":null,"GENERAL_TURNOUT_FEMALE":null,"GENERAL_TURNOUT_THIRD_GENDER":null,"RES_COLOR":null,"HORSE_RACE_COLOR":null,"GENDER_COLOR":null,"ID":26938}},{"type":"Feature","geometry":{"type":"Polygon","coordinates":[[[76.7411,8.917],[76.7372,8.9143],[76.7394,8.912],[76.7585,8.9168],[76.7711,8.9082],[76.7871,8.906],[76.7889,8.8969],[76.7819,8.8914],[76.764,8.8588],[76.7665,8.8547],[76.7809,8.8605],[76.7819,8.8521],[76.7755,8.8438],[76.7817,8.8428],[76.7943,8.8282],[76.7913,8.8223],[76.7829,8.8195],[76.7887,8.8192],[76.7925,8.8137],[76.771,8.8112],[76.7681,8.8041],[76.7708,8.8],[76.7611,8.8003],[76.7604,8.7916],[76.7583,8.7955],[76.742,8.7958],[76.7226,8.804],[76.7094,8.7955],[76.7097,8.7914],[76.6928,8.7919],[76.6898,8.779],[76.6818,8.7763],[76.6773,8.7889],[76.6731,8.7818],[76.6456,8.8183],[76.6555,8.8255],[76.6583,8.8388],[76.6705,8.848],[76.6716,8.8713],[76.6753,8.8744],[76.6931,8.8706],[76.6898,8.8785],[76.6985,8.8818],[76.6999,8.8879],[76.7204,8.8892],[76.7288,8.8832],[76.7421,8.8843],[76.7488,8.9021],[76.7404,8.8976],[76.731,8.8995],[76.7263,8.9035],[76.7299,8.9091],[76.7411,8.917]]]},"properties":{"STATE":"KERALA","DISTRICT":"KOLLAM","AC":"AC","AC_NAME":"CHATHANNUR","YEAR":2026.0,"RES":"GEN","ELECTORS":177538.0,"VOTERS":136507.0,"TURNOUT":76.89,"MARGIN":4398.0,"MARGIN_PERCENTAGE":3.22,"MARGIN_PERCENTAGE2":null,"MARGIN_PERCENTAGE3":null,"PARTY_RANK1":"BJP","PARTY_RANK2":"CPI","PARTY_RANK3":"INC","PARTY_RANK4":"NOTA","CANDIDATE_RANK1":"B.B.GOPAKUMAR","CANDIDATE_RANK2":"ADV.R.RAJENDRAN","CANDIDATE_RANK3":"SOORAJ RAVI","CANDIDATE_RANK4":"NOTA","COLOR":"#20C646","VOTES_RANK1":51923.0,"VOTES_RANK1_PERCENTAGE":38.04,"VOTES_RANK2":47525.0,"VOTES_RANK2_PERCENTAGE":34.82,"VOTES_RANK3":35276.0,"VOTES_RANK3_PERCENTAGE":25.84,"VOTES_RANK4":728.0,"VOTES_RANK4_PERCENTAGE":0.53,"CANDIDATE_RANK1_GENDER":null,"CANDIDATE_RANK2_GENDER":null,"CANDIDATE_RANK3_GENDER":null,"CANDIDATE_RANK4_GENDER":null,"HORSE_RACE":null,"GENERAL_ELECTORS_TOTAL":null,"GENERAL_ELECTORS_MALE":null,"GENERAL_ELECTORS_FEMALE":null,"GENERAL_ELECTORS_THIRD_GENDER":null,"GENERAL_VOTERS_TOTAL":null,"GENERAL_VOTERS_MALE":null,"GENERAL_VOTERS_FEMALE":null,"GENERAL_VOTERS_THIRD_GENDER":null,"GENERAL_TURNOUT_MALE":null,"GENERAL_TURNOUT_FEMALE":null,"GENERAL_TURNOUT_THIRD_GENDER":null,"RES_COLOR":null,"HORSE_RACE_COLOR":null,"GENDER_COLOR":null,"ID":26941}},{"type":"Feature","geometry":{"type":"Polygon","coordinates":[[[76.5645,9.034],[76.5788,9.017],[76.5917,9.0175],[76.6039,9.0235],[76.6053,9.0105],[76.5865,9.0008],[76.5853,8.977],[76.5858,8.9637],[76.5678,8.9413],[76.5696,8.9289],[76.561,8.9254],[76.5676,8.913],[76.5687,8.8948],[76.5545,8.8942],[76.5424,8.9134],[76.5403,8.9323],[76.5355,8.934],[76.5441,8.9363],[76.5408,8.9393],[76.5356,8.9363],[76.5167,9.0178],[76.5297,9.0143],[76.5395,9.0283],[76.5378,9.0412],[76.5442,9.0518],[76.5496,9.0489],[76.5525,9.0402],[76.5492,9.0376],[76.5545,9.0303],[76.5645,9.034]]]},"properties":{"STATE":"KERALA","DISTRICT":"KOLLAM","AC":"AC","AC_NAME":"CHAVARA","YEAR":2026.0,"RES":"GEN","ELECTORS":179434.0,"VOTERS":142344.0,"TURNOUT":79.33,"MARGIN":18573.0,"MARGIN_PERCENTAGE":13.05,"MARGIN_PERCENTAGE2":null,"MARGIN_PERCENTAGE3":null,"PARTY_RANK1":"RSP","PARTY_RANK2":"IND","PARTY_RANK3":"BJP","PARTY_RANK4":"NOTA","CANDIDATE_RANK1":"SHIBU BABY JOHN","CANDIDATE_RANK2":"DR.SUJITH VIJAYANPILLAI","CANDIDATE_RANK3":"K.R.RAJESH","CANDIDATE_RANK4":"NOTA","COLOR":"#dc1430","VOTES_RANK1":74308.0,"VOTES_RANK1_PERCENTAGE":52.2,"VOTES_RANK2":55735.0,"VOTES_RANK2_PERCENTAGE":39.16,"VOTES_RANK3":11012.0,"VOTES_RANK3_PERCENTAGE":7.74,"VOTES_RANK4":1289.0,"VOTES_RANK4_PERCENTAGE":0.91,"CANDIDATE_RANK1_GENDER":null,"CANDIDATE_RANK2_GENDER":null,"CANDIDATE_RANK3_GENDER":null,"CANDIDATE_RANK4_GENDER":null,"HORSE_RACE":null,"GENERAL_ELECTORS_TOTAL":null,"GENERAL_ELECTORS_MALE":null,"GENERAL_ELECTORS_FEMALE":null,"GENERAL_ELECTORS_THIRD_GENDER":null,"GENERAL_VOTERS_TOTAL":null,"GENERAL_VOTERS_MALE":null,"GENERAL_VOTERS_FEMALE":null,"GENERAL_VOTERS_THIRD_GENDER":null,"GENERAL_TURNOUT_MALE":null,"GENERAL_TURNOUT_FEMALE":null,"GENERAL_TURNOUT_THIRD_GENDER":null,"RES_COLOR":null,"HORSE_RACE_COLOR":null,"GENDER_COLOR":null,"ID":26942}},{"type":"Feature","geometry":{"type":"Polygon","coordinates":[[[76.6347,8.9122],[76.6373,8.8964],[76.6466,8.8965],[76.6477,8.8868],[76.6384,8.8752],[76.6443,8.8705],[76.6488,8.8754],[76.6716,8.8713],[76.6705,8.848],[76.6583,8.8388],[76.6555,8.8255],[76.6456,8.8183],[76.6181,8.8518],[76.5911,8.8753],[76.5934,8.8869],[76.6212,8.9037],[76.6321,8.9152],[76.6347,8.9122]]]},"properties":{"STATE":"KERALA","DISTRICT":"KOLLAM","AC":"AC","AC_NAME":"ERAVIPURAM","YEAR":2026.0,"RES":"GEN","ELECTORS":169085.0,"VOTERS":132384.0,"TURNOUT":78.29,"MARGIN":8803.0,"MARGIN_PERCENTAGE":6.65,"MARGIN_PERCENTAGE2":null,"MARGIN_PERCENTAGE3":null,"PARTY_RANK1":"RSP","PARTY_RANK2":"CPI(M)","PARTY_RANK3":"BDJS","PARTY_RANK4":"NOTA","CANDIDATE_RANK1":"ADV.VISHNU MOHAN","CANDIDATE_RANK2":"M.NOUSHAD","CANDIDATE_RANK3":"SAJEE D ANAND","CANDIDATE_RANK4":"NOTA","COLOR":"#dc1430","VOTES_RANK1":64383.0,"VOTES_RANK1_PERCENTAGE":48.63,"VOTES_RANK2":55580.0,"VOTES_RANK2_PERCENTAGE":41.98,"VOTES_RANK3":10469.0,"VOTES_RANK3_PERCENTAGE":7.91,"VOTES_RANK4":912.0,"VOTES_RANK4_PERCENTAGE":0.69,"CANDIDATE_RANK1_GENDER":null,"CANDIDATE_RANK2_GENDER":null,"CANDIDATE_RANK3_GENDER":null,"CANDIDATE_RANK4_GENDER":null,"HORSE_RACE":null,"GENERAL_ELECTORS_TOTAL":null,"GENERAL_ELECTORS_MALE":null,"GENERAL_ELECTORS_FEMALE":null,"GENERAL_ELECTORS_THIRD_GENDER":null,"GENERAL_VOTERS_TOTAL":null,"GENERAL_VOTERS_MALE":null,"GENERAL_VOTERS_FEMALE":null,"GENERAL_VOTERS_THIRD_GENDER":null,"GENERAL_TURNOUT_MALE":null,"GENERAL_TURNOUT_FEMALE":null,"GENERAL_TURNOUT_THIRD_GENDER":null,"RES_COLOR":null,"HORSE_RACE_COLOR":null,"GENDER_COLOR":null,"ID":26953}},{"type":"Feature","geometry":{"type":"Polygon","coordinates":[[[76.6031,9.1307],[76.5987,9.0863],[76.5744,9.064],[76.5669,9.0651],[76.5704,9.0488],[76.5601,9.0427],[76.5645,9.034],[76.5545,9.0303],[76.5492,9.0376],[76.5525,9.0402],[76.5496,9.0489],[76.5442,9.0518],[76.5378,9.0412],[76.5395,9.0283],[76.5297,9.0143],[76.5167,9.0178],[76.485,9.0901],[76.4884,9.0921],[76.4767,9.1176],[76.4783,9.124],[76.5066,9.1251],[76.5025,9.1352],[76.509,9.137],[76.5422,9.1359],[76.5496,9.1141],[76.5564,9.1103],[76.5683,9.112],[76.5737,9.1176],[76.5844,9.1171],[76.592,9.1319],[76.6031,9.1307]]]},"properties":{"STATE":"KERALA","DISTRICT":"KOLLAM","AC":"AC","AC_NAME":"KARUNAGAPPALLY","YEAR":2026.0,"RES":"GEN","ELECTORS":215785.0,"VOTERS":172736.0,"TURNOUT":80.05,"MARGIN":26618.0,"MARGIN_PERCENTAGE":15.41,"MARGIN_PERCENTAGE2":null,"MARGIN_PERCENTAGE3":null,"PARTY_RANK1":"INC","PARTY_RANK2":"CPI","PARTY_RANK3":"BJP","PARTY_RANK4":"SDPI","CANDIDATE_RANK1":"C.R. MAHESH","CANDIDATE_RANK2":"ADV.M.S. THARA","CANDIDATE_RANK3":"V.S. JITHIN DEV","CANDIDATE_RANK4":"LATHEEF","COLOR":"#00BFFF","VOTES_RANK1":82593.0,"VOTES_RANK1_PERCENTAGE":47.81,"VOTES_RANK2":55975.0,"VOTES_RANK2_PERCENTAGE":32.4,"VOTES_RANK3":32121.0,"VOTES_RANK3_PERCENTAGE":18.6,"VOTES_RANK4":1227.0,"VOTES_RANK4_PERCENTAGE":0.71,"CANDIDATE_RANK1_GENDER":null,"CANDIDATE_RANK2_GENDER":null,"CANDIDATE_RANK3_GENDER":null,"CANDIDATE_RANK4_GENDER":null,"HORSE_RACE":null,"GENERAL_ELECTORS_TOTAL":null,"GENERAL_ELECTORS_MALE":null,"GENERAL_ELECTORS_FEMALE":null,"GENERAL_ELECTORS_THIRD_GENDER":null,"GENERAL_VOTERS_TOTAL":null,"GENERAL_VOTERS_MALE":null,"GENERAL_VOTERS_FEMALE":null,"GENERAL_VOTERS_THIRD_GENDER":null,"GENERAL_TURNOUT_MALE":null,"GENERAL_TURNOUT_FEMALE":null,"GENERAL_TURNOUT_THIRD_GENDER":null,"RES_COLOR":null,"HORSE_RACE_COLOR":null,"GENDER_COLOR":null,"ID":26968}},{"type":"Feature","geometry":{"type":"Polygon","coordinates":[[[76.6253,8.9721],[76.6273,8.9482],[76.6331,8.9408],[76.6276,8.9379],[76.6391,8.9282],[76.6321,8.9152],[76.6212,8.9037],[76.5934,8.8869],[76.5911,8.8753],[76.5719,8.8834],[76.566,8.88],[76.5545,8.8942],[76.5687,8.8948],[76.5676,8.913],[76.561,8.9254],[76.5696,8.9289],[76.5678,8.9413],[76.5858,8.9637],[76.5853,8.977],[76.6067,8.9774],[76.6035,8.9748],[76.6064,8.9708],[76.6159,8.9743],[76.6176,8.9794],[76.6248,8.9779],[76.6253,8.9721]]]},"properties":{"STATE":"KERALA","DISTRICT":"KOLLAM","AC":"AC","AC_NAME":"KOLLAM","YEAR":2026.0,"RES":"GEN","ELECTORS":165073.0,"VOTERS":129690.0,"TURNOUT":78.57,"MARGIN":16830.0,"MARGIN_PERCENTAGE":12.98,"MARGIN_PERCENTAGE2":null,"MARGIN_PERCENTAGE3":null,"PARTY_RANK1":"INC","PARTY_RANK2":"CPI(M)","PARTY_RANK3":"BJP","PARTY_RANK4":"NOTA","CANDIDATE_RANK1":"ADV. BINDHU KRISHNA","CANDIDATE_RANK2":"S. JAYAMOHAN","CANDIDATE_RANK3":"DR. PRATHAP KUMAR N","CANDIDATE_RANK4":"NOTA","COLOR":"#00BFFF","VOTES_RANK1":63416.0,"VOTES_RANK1_PERCENTAGE":48.9,"VOTES_RANK2":46586.0,"VOTES_RANK2_PERCENTAGE":35.92,"VOTES_RANK3":18537.0,"VOTES_RANK3_PERCENTAGE":14.29,"VOTES_RANK4":715.0,"VOTES_RANK4_PERCENTAGE":0.55,"CANDIDATE_RANK1_GENDER":null,"CANDIDATE_RANK2_GENDER":null,"CANDIDATE_RANK3_GENDER":null,"CANDIDATE_RANK4_GENDER":null,"HORSE_RACE":null,"GENERAL_ELECTORS_TOTAL":null,"GENERAL_ELECTORS_MALE":null,"GENERAL_ELECTORS_FEMALE":null,"GENERAL_ELECTORS_THIRD_GENDER":null,"GENERAL_VOTERS_TOTAL":null,"GENERAL_VOTERS_MALE":null,"GENERAL_VOTERS_FEMALE":null,"GENERAL_VOTERS_THIRD_GENDER":null,"GENERAL_TURNOUT_MALE":null,"GENERAL_TURNOUT_FEMALE":null,"GENERAL_TURNOUT_THIRD_GENDER":null,"RES_COLOR":null,"HORSE_RACE_COLOR":null,"GENDER_COLOR":null,"ID":26976}},{"type":"Feature","geometry":{"type":"Polygon","coordinates":[[[76.7125,9.0842],[76.7114,9.0864],[76.7352,9.0829],[76.7402,9.0877],[76.749,9.083],[76.7548,9.0887],[76.7583,9.0729],[76.7711,9.0752],[76.772,9.0682],[76.7804,9.0608],[76.7865,9.0624],[76.799,9.0557],[76.8066,9.0584],[76.8059,9.0441],[76.8001,9.0387],[76.8047,9.0371],[76.8058,9.0279],[76.7976,9.0236],[76.8019,9.0166],[76.7947,9.0096],[76.8012,9.0062],[76.8069,9.0084],[76.7895,8.9997],[76.7879,8.9921],[76.7948,8.985],[76.792,8.9752],[76.8027,8.9777],[76.8034,8.9705],[76.8168,8.9608],[76.8313,8.9687],[76.8435,8.959],[76.8551,8.9315],[76.8561,8.9032],[76.8388,8.9098],[76.8342,8.9235],[76.8092,8.9378],[76.8006,8.9328],[76.7991,8.9271],[76.7917,8.9294],[76.7944,8.9182],[76.7875,8.9147],[76.7871,8.906],[76.7711,8.9082],[76.7585,8.9168],[76.7394,8.912],[76.7372,8.9143],[76.7411,8.917],[76.7299,8.9091],[76.7275,8.9211],[76.7073,8.9367],[76.7033,8.9428],[76.7047,8.9503],[76.6974,8.9522],[76.6938,8.9701],[76.7066,8.98],[76.706,8.9855],[76.6956,8.9869],[76.6843,8.997],[76.7074,9.0069],[76.7282,9.0064],[76.7077,9.0188],[76.7062,9.026],[76.698,9.0329],[76.701,9.0538],[76.7087,9.0599],[76.7125,9.0584],[76.7164,9.0662],[76.724,9.0656],[76.7125,9.0842]]]},"properties":{"STATE":"KERALA","DISTRICT":"KOLLAM","AC":"AC","AC_NAME":"KOTTARAKKARA","YEAR":2026.0,"RES":"GEN","ELECTORS":194471.0,"VOTERS":148854.0,"TURNOUT":76.54,"MARGIN":1012.0,"MARGIN_PERCENTAGE":0.68,"MARGIN_PERCENTAGE2":null,"MARGIN_PERCENTAGE3":null,"PARTY_RANK1":"CPI(M)","PARTY_RANK2":"INC","PARTY_RANK3":"BJP","PARTY_RANK4":"NOTA","CANDIDATE_RANK1":"K.N. BALAGOPAL","CANDIDATE_RANK2":"ADV.P. AISHA POTTY","CANDIDATE_RANK3":"R. RESMI","CANDIDATE_RANK4":"NOTA","COLOR":"#FF0000","VOTES_RANK1":63926.0,"VOTES_RANK1_PERCENTAGE":42.95,"VOTES_RANK2":62914.0,"VOTES_RANK2_PERCENTAGE":42.27,"VOTES_RANK3":20664.0,"VOTES_RANK3_PERCENTAGE":13.88,"VOTES_RANK4":611.0,"VOTES_RANK4_PERCENTAGE":0.41,"CANDIDATE_RANK1_GENDER":null,"CANDIDATE_RANK2_GENDER":null,"CANDIDATE_RANK3_GENDER":null,"CANDIDATE_RANK4_GENDER":null,"HORSE_RACE":null,"GENERAL_ELECTORS_TOTAL":null,"GENERAL_ELECTORS_MALE":null,"GENERAL_ELECTORS_FEMALE":null,"GENERAL_ELECTORS_THIRD_GENDER":null,"GENERAL_VOTERS_TOTAL":null,"GENERAL_VOTERS_MALE":null,"GENERAL_VOTERS_FEMALE":null,"GENERAL_VOTERS_THIRD_GENDER":null,"GENERAL_TURNOUT_MALE":null,"GENERAL_TURNOUT_FEMALE":null,"GENERAL_TURNOUT_THIRD_GENDER":null,"RES_COLOR":null,"HORSE_RACE_COLOR":null,"GENDER_COLOR":null,"ID":26982}},{"type":"Feature","geometry":{"type":"Polygon","coordinates":[[[76.6843,8.997],[76.6956,8.9869],[76.706,8.9855],[76.7066,8.98],[76.6938,8.9701],[76.6974,8.9522],[76.7047,8.9503],[76.7033,8.9428],[76.7073,8.9367],[76.7275,8.9211],[76.7299,8.9091],[76.7263,8.9035],[76.731,8.8995],[76.7404,8.8976],[76.7488,8.9021],[76.7421,8.8843],[76.7288,8.8832],[76.7204,8.8892],[76.6999,8.8879],[76.6985,8.8818],[76.6898,8.8785],[76.6931,8.8706],[76.6753,8.8744],[76.6716,8.8713],[76.6488,8.8754],[76.6443,8.8705],[76.6384,8.8752],[76.6477,8.8868],[76.6466,8.8965],[76.6373,8.8964],[76.6347,8.9122],[76.6321,8.9152],[76.6391,8.9282],[76.6276,8.9379],[76.6331,8.9408],[76.6273,8.9482],[76.6253,8.9721],[76.6248,8.9779],[76.6176,8.9794],[76.6328,8.998],[76.64,8.9963],[76.6377,9.0012],[76.6415,9.0026],[76.6462,9.0014],[76.6455,8.9917],[76.6525,9.0007],[76.655,8.9974],[76.6648,8.999],[76.6714,9.004],[76.6831,9.0011],[76.6843,8.997]]]},"properties":{"STATE":"KERALA","DISTRICT":"KOLLAM","AC":"AC","AC_NAME":"KUNDARA","YEAR":2026.0,"RES":"GEN","ELECTORS":207203.0,"VOTERS":164414.0,"TURNOUT":79.35,"MARGIN":32564.0,"MARGIN_PERCENTAGE":19.81,"MARGIN_PERCENTAGE2":null,"MARGIN_PERCENTAGE3":null,"PARTY_RANK1":"INC","PARTY_RANK2":"CPI(M)","PARTY_RANK3":"BJP","PARTY_RANK4":"IND","CANDIDATE_RANK1":"P. C. VISHNUNADH","CANDIDATE_RANK2":"S. L. SAJIKUMAR","CANDIDATE_RANK3":"DR. ROBIN RADHAKRISHNAN","CANDIDATE_RANK4":"RIYAS KANNANALLOOR","COLOR":"#00BFFF","VOTES_RANK1":87862.0,"VOTES_RANK1_PERCENTAGE":53.44,"VOTES_RANK2":55298.0,"VOTES_RANK2_PERCENTAGE":33.63,"VOTES_RANK3":18996.0,"VOTES_RANK3_PERCENTAGE":11.55,"VOTES_RANK4":722.0,"VOTES_RANK4_PERCENTAGE":0.44,"CANDIDATE_RANK1_GENDER":null,"CANDIDATE_RANK2_GENDER":null,"CANDIDATE_RANK3_GENDER":null,"CANDIDATE_RANK4_GENDER":null,"HORSE_RACE":null,"GENERAL_ELECTORS_TOTAL":null,"GENERAL_ELECTORS_MALE":null,"GENERAL_ELECTORS_FEMALE":null,"GENERAL_ELECTORS_THIRD_GENDER":null,"GENERAL_VOTERS_TOTAL":null,"GENERAL_VOTERS_MALE":null,"GENERAL_VOTERS_FEMALE":null,"GENERAL_VOTERS_THIRD_GENDER":null,"GENERAL_TURNOUT_MALE":null,"GENERAL_TURNOUT_FEMALE":null,"GENERAL_TURNOUT_THIRD_GENDER":null,"RES_COLOR":null,"HORSE_RACE_COLOR":null,"GENDER_COLOR":null,"ID":26987}},{"type":"Feature","geometry":{"type":"Polygon","coordinates":[[[76.6374,9.1404],[76.6345,9.1216],[76.6451,9.1237],[76.6549,9.1132],[76.6724,9.1184],[76.6762,9.1143],[76.678,9.0895],[76.6715,9.0816],[76.6758,9.0777],[76.6839,9.0808],[76.6859,9.0878],[76.693,9.0921],[76.7114,9.0864],[76.7125,9.0842],[76.724,9.0656],[76.7164,9.0662],[76.7125,9.0584],[76.7087,9.0599],[76.701,9.0538],[76.698,9.0329],[76.7062,9.026],[76.7077,9.0188],[76.7282,9.0064],[76.7074,9.0069],[76.6843,8.997],[76.6831,9.0011],[76.6714,9.004],[76.6648,8.999],[76.655,8.9974],[76.6525,9.0007],[76.6455,8.9917],[76.6462,9.0014],[76.6415,9.0026],[76.6377,9.0012],[76.64,8.9963],[76.6328,8.998],[76.6176,8.9794],[76.6159,8.9743],[76.6064,8.9708],[76.6035,8.9748],[76.6067,8.9774],[76.5853,8.977],[76.5865,9.0008],[76.6053,9.0105],[76.6039,9.0235],[76.5917,9.0175],[76.5788,9.017],[76.5645,9.034],[76.5601,9.0427],[76.5704,9.0488],[76.5669,9.0651],[76.5744,9.064],[76.5987,9.0863],[76.6031,9.1307],[76.6146,9.1304],[76.6349,9.1422],[76.6374,9.1404]]]},"properties":{"STATE":"KERALA","DISTRICT":"KOLLAM","AC":"AC","AC_NAME":"KUNNATHUR","YEAR":2026.0,"RES":"SC","ELECTORS":207234.0,"VOTERS":164101.0,"TURNOUT":79.19,"MARGIN":25314.0,"MARGIN_PERCENTAGE":15.43,"MARGIN_PERCENTAGE2":null,"MARGIN_PERCENTAGE3":null,"PARTY_RANK1":"RSP","PARTY_RANK2":"KRSPLM","PARTY_RANK3":"BJP","PARTY_RANK4":"NOTA","CANDIDATE_RANK1":"ULLAS KOVUR","CANDIDATE_RANK2":"KOVOOR KUNJUMON","CANDIDATE_RANK3":"RAJI PRASAD","CANDIDATE_RANK4":"NOTA","COLOR":"#dc1430","VOTES_RANK1":81488.0,"VOTES_RANK1_PERCENTAGE":49.66,"VOTES_RANK2":56174.0,"VOTES_RANK2_PERCENTAGE":34.23,"VOTES_RANK3":24841.0,"VOTES_RANK3_PERCENTAGE":15.14,"VOTES_RANK4":828.0,"VOTES_RANK4_PERCENTAGE":0.5,"CANDIDATE_RANK1_GENDER":null,"CANDIDATE_RANK2_GENDER":null,"CANDIDATE_RANK3_GENDER":null,"CANDIDATE_RANK4_GENDER":null,"HORSE_RACE":null,"GENERAL_ELECTORS_TOTAL":null,"GENERAL_ELECTORS_MALE":null,"GENERAL_ELECTORS_FEMALE":null,"GENERAL_ELECTORS_THIRD_GENDER":null,"GENERAL_VOTERS_TOTAL":null,"GENERAL_VOTERS_MALE":null,"GENERAL_VOTERS_FEMALE":null,"GENERAL_VOTERS_THIRD_GENDER":null,"GENERAL_TURNOUT_MALE":null,"GENERAL_TURNOUT_FEMALE":null,"GENERAL_TURNOUT_THIRD_GENDER":null,"RES_COLOR":null,"HORSE_RACE_COLOR":null,"GENDER_COLOR":null,"ID":26991}},{"type":"Feature","geometry":{"type":"Polygon","coordinates":[[[77.0472,9.1234],[77.0244,9.1257],[77.0256,9.1085],[77.0194,9.1009],[77.0212,9.0906],[77.0128,9.0783],[77.0135,9.0722],[76.9935,9.0729],[76.9847,9.0582],[76.9729,9.0566],[76.9673,9.0598],[76.9652,9.0564],[76.9472,9.0615],[76.9436,9.055],[76.9511,9.0476],[76.9481,9.0446],[76.9577,9.0425],[76.9636,9.0346],[76.9619,9.0311],[76.9534,9.0374],[76.9364,9.0374],[76.929,9.0455],[76.9153,9.0358],[76.9054,9.0396],[76.9072,9.035],[76.8993,9.0299],[76.8891,9.035],[76.881,9.0304],[76.8748,9.0324],[76.8911,9.0233],[76.9101,9.0195],[76.9122,9.0088],[76.8934,9.0106],[76.8969,8.9995],[76.8817,8.99],[76.8819,8.9754],[76.8598,8.978],[76.8599,8.9715],[76.8435,8.959],[76.8313,8.9687],[76.8168,8.9608],[76.8034,8.9705],[76.8027,8.9777],[76.792,8.9752],[76.7948,8.985],[76.7879,8.9921],[76.7895,8.9997],[76.8069,9.0084],[76.8012,9.0062],[76.7947,9.0096],[76.8019,9.0166],[76.7976,9.0236],[76.8058,9.0279],[76.8047,9.0371],[76.8001,9.0387],[76.8059,9.0441],[76.8066,9.0584],[76.799,9.0557],[76.7865,9.0624],[76.7804,9.0608],[76.772,9.0682],[76.7711,9.0752],[76.7659,9.0946],[76.7824,9.1139],[76.7882,9.1132],[76.7933,9.1091],[76.809,9.1085],[76.823,9.0935],[76.8413,9.0921],[76.852,9.0997],[76.8515,9.1126],[76.8588,9.1179],[76.8657,9.1156],[76.8759,9.1309],[76.8849,9.122],[76.8944,9.1239],[76.8983,9.1304],[76.9022,9.1252],[76.9239,9.1229],[76.9253,9.1188],[76.9488,9.1175],[76.9601,9.1299],[76.9484,9.1312],[76.9407,9.1388],[76.9363,9.1359],[76.9268,9.1389],[76.9306,9.1734],[76.9623,9.1525],[76.9889,9.1453],[76.9939,9.1399],[77.0093,9.1404],[77.0184,9.1307],[77.0472,9.1234]]]},"properties":{"STATE":"KERALA","DISTRICT":"KOLLAM","AC":"AC","AC_NAME":"PATHANAPURAM","YEAR":2026.0,"RES":"GEN","ELECTORS":180512.0,"VOTERS":137623.0,"TURNOUT":76.24,"MARGIN":8310.0,"MARGIN_PERCENTAGE":6.04,"MARGIN_PERCENTAGE2":null,"MARGIN_PERCENTAGE3":null,"PARTY_RANK1":"INC","PARTY_RANK2":"KEC(B)","PARTY_RANK3":"TTPty","PARTY_RANK4":"BSP","CANDIDATE_RANK1":"JYOTHI KUMAR CHAMAKKALA","CANDIDATE_RANK2":"K B GANESH KUMAR","CANDIDATE_RANK3":"ANIL PILLAI","CANDIDATE_RANK4":"VIPIN KANIKONATHU","COLOR":"#00BFFF","VOTES_RANK1":68275.0,"VOTES_RANK1_PERCENTAGE":49.61,"VOTES_RANK2":59965.0,"VOTES_RANK2_PERCENTAGE":43.57,"VOTES_RANK3":7031.0,"VOTES_RANK3_PERCENTAGE":5.11,"VOTES_RANK4":629.0,"VOTES_RANK4_PERCENTAGE":0.46,"CANDIDATE_RANK1_GENDER":null,"CANDIDATE_RANK2_GENDER":null,"CANDIDATE_RANK3_GENDER":null,"CANDIDATE_RANK4_GENDER":null,"HORSE_RACE":null,"GENERAL_ELECTORS_TOTAL":null,"GENERAL_ELECTORS_MALE":null,"GENERAL_ELECTORS_FEMALE":null,"GENERAL_ELECTORS_THIRD_GENDER":null,"GENERAL_VOTERS_TOTAL":null,"GENERAL_VOTERS_MALE":null,"GENERAL_VOTERS_FEMALE":null,"GENERAL_VOTERS_THIRD_GENDER":null,"GENERAL_TURNOUT_MALE":null,"GENERAL_TURNOUT_FEMALE":null,"GENERAL_TURNOUT_THIRD_GENDER":null,"RES_COLOR":null,"HORSE_RACE_COLOR":null,"GENDER_COLOR":null,"ID":27019}},{"type":"Feature","geometry":{"type":"Polygon","coordinates":[[[77.0472,9.1234],[77.0545,9.1273],[77.0579,9.1172],[77.0648,9.1194],[77.0679,9.1141],[77.0788,9.1135],[77.111,9.0934],[77.1207,9.0948],[77.1452,9.0835],[77.1542,9.0875],[77.1541,9.082],[77.2077,9.0722],[77.1968,9.0567],[77.1976,9.0471],[77.1913,9.0435],[77.1823,9.0475],[77.168,9.0456],[77.1605,9.0359],[77.161,9.0293],[77.1539,9.0225],[77.1467,9.022],[77.1494,9.0098],[77.1569,9.0076],[77.1616,8.9955],[77.1735,8.9915],[77.1782,8.9693],[77.1883,8.9681],[77.1965,8.9543],[77.1939,8.9435],[77.1971,8.9353],[77.1932,8.9259],[77.2183,8.9184],[77.2183,8.9182],[77.2216,8.9038],[77.2385,8.8977],[77.2385,8.8847],[77.2563,8.8783],[77.2585,8.8654],[77.2554,8.8608],[77.2613,8.8564],[77.2584,8.8504],[77.2624,8.8417],[77.2469,8.8235],[77.2469,8.8147],[77.2321,8.8078],[77.2299,8.7852],[77.2132,8.7791],[77.218,8.7683],[77.2095,8.7655],[77.1998,8.77],[77.1565,8.7969],[77.1548,8.7946],[77.1408,8.8067],[77.1275,8.8108],[77.107,8.8306],[77.0982,8.8304],[77.0826,8.8401],[77.0479,8.8464],[77.0484,8.8603],[77.0189,8.8724],[77.0038,8.8839],[76.9884,8.9209],[76.9818,8.9221],[76.9831,8.917],[76.979,8.9157],[76.9552,8.9277],[76.9521,8.9234],[76.9555,8.9134],[76.9445,8.9021],[76.9444,8.9075],[76.9388,8.9062],[76.9396,8.916],[76.9338,8.9155],[76.9292,8.9295],[76.9126,8.9284],[76.9127,8.9188],[76.9176,8.917],[76.9146,8.9121],[76.8811,8.9069],[76.8786,8.91],[76.8702,8.9038],[76.8735,8.8976],[76.8654,8.8882],[76.8629,8.8898],[76.8657,8.8785],[76.846,8.8876],[76.8561,8.9032],[76.8551,8.9315],[76.8435,8.959],[76.8599,8.9715],[76.8598,8.978],[76.8819,8.9754],[76.8817,8.99],[76.8969,8.9995],[76.8934,9.0106],[76.9122,9.0088],[76.9101,9.0195],[76.8911,9.0233],[76.8748,9.0324],[76.881,9.0304],[76.8891,9.035],[76.8993,9.0299],[76.9072,9.035],[76.9054,9.0396],[76.9153,9.0358],[76.929,9.0455],[76.9364,9.0374],[76.9534,9.0374],[76.9619,9.0311],[76.9636,9.0346],[76.9577,9.0425],[76.9481,9.0446],[76.9511,9.0476],[76.9436,9.055],[76.9472,9.0615],[76.9652,9.0564],[76.9673,9.0598],[76.9729,9.0566],[76.9847,9.0582],[76.9935,9.0729],[77.0135,9.0722],[77.0128,9.0783],[77.0212,9.0906],[77.0194,9.1009],[77.0256,9.1085],[77.0244,9.1257],[77.0472,9.1234]]]},"properties":{"STATE":"KERALA","DISTRICT":"KOLLAM","AC":"AC","AC_NAME":"PUNALUR","YEAR":2026.0,"RES":"GEN","ELECTORS":197948.0,"VOTERS":142556.0,"TURNOUT":72.02,"MARGIN":21529.0,"MARGIN_PERCENTAGE":15.1,"MARGIN_PERCENTAGE2":null,"MARGIN_PERCENTAGE3":null,"PARTY_RANK1":"CPI","PARTY_RANK2":"IUML","PARTY_RANK3":"TTPty","PARTY_RANK4":"EPI","CANDIDATE_RANK1":"C. AJAYAPRASAD","CANDIDATE_RANK2":"NOUSHAD YOUNUS","CANDIDATE_RANK3":"ADV. REGHUNADH KAMUKUMCHERY","CANDIDATE_RANK4":"NEDUMONCAVU GOPALAKRISHNAN","COLOR":"#FF0001","VOTES_RANK1":71944.0,"VOTES_RANK1_PERCENTAGE":50.47,"VOTES_RANK2":50415.0,"VOTES_RANK2_PERCENTAGE":35.37,"VOTES_RANK3":15393.0,"VOTES_RANK3_PERCENTAGE":10.8,"VOTES_RANK4":1538.0,"VOTES_RANK4_PERCENTAGE":1.08,"CANDIDATE_RANK1_GENDER":null,"CANDIDATE_RANK2_GENDER":null,"CANDIDATE_RANK3_GENDER":null,"CANDIDATE_RANK4_GENDER":null,"HORSE_RACE":null,"GENERAL_ELECTORS_TOTAL":null,"GENERAL_ELECTORS_MALE":null,"GENERAL_ELECTORS_FEMALE":null,"GENERAL_ELECTORS_THIRD_GENDER":null,"GENERAL_VOTERS_TOTAL":null,"GENERAL_VOTERS_MALE":null,"GENERAL_VOTERS_FEMALE":null,"GENERAL_VOTERS_THIRD_GENDER":null,"GENERAL_TURNOUT_MALE":null,"GENERAL_TURNOUT_FEMALE":null,"GENERAL_TURNOUT_THIRD_GENDER":null,"RES_COLOR":null,"HORSE_RACE_COLOR":null,"GENDER_COLOR":null,"ID":27030}},{"type":"Feature","geometry":{"type":"Polygon","coordinates":[[[76.5096,9.5175],[76.5189,9.5095],[76.5391,9.5098],[76.5539,9.4942],[76.5694,9.4824],[76.5781,9.4867],[76.5778,9.4976],[76.5983,9.5105],[76.6063,9.5061],[76.6089,9.5102],[76.6153,9.5071],[76.6171,9.4897],[76.612,9.4715],[76.6154,9.4615],[76.6091,9.46],[76.6089,9.4544],[76.6023,9.4584],[76.6037,9.4507],[76.5908,9.4455],[76.5915,9.4285],[76.5965,9.4195],[76.5938,9.4145],[76.5793,9.4226],[76.5651,9.4111],[76.5587,9.4113],[76.553,9.4237],[76.5439,9.4226],[76.5373,9.4145],[76.5313,9.417],[76.5242,9.4085],[76.5159,9.409],[76.5136,9.4008],[76.5064,9.4038],[76.5055,9.4106],[76.5113,9.419],[76.5051,9.4293],[76.5118,9.4362],[76.4951,9.4444],[76.5088,9.4774],[76.5079,9.4865],[76.5159,9.4894],[76.5099,9.5008],[76.4895,9.5069],[76.4934,9.5164],[76.5096,9.5175]]]},"properties":{"STATE":"KERALA","DISTRICT":"KOTTAYAM","AC":"AC","AC_NAME":"CHANGANASSERY","YEAR":2026.0,"RES":"GEN","ELECTORS":163119.0,"VOTERS":121150.0,"TURNOUT":74.27,"MARGIN":8368.0,"MARGIN_PERCENTAGE":6.91,"MARGIN_PERCENTAGE2":null,"MARGIN_PERCENTAGE3":null,"PARTY_RANK1":"KEC","PARTY_RANK2":"KEC(M)","PARTY_RANK3":"BJP","PARTY_RANK4":"BSP","CANDIDATE_RANK1":"VINU JOB KUZHIMANNIL","CANDIDATE_RANK2":"ADV. JOB MAICHIL","CANDIDATE_RANK3":"B RADHAKRISHNA MENON","CANDIDATE_RANK4":"USHA JOHNSON","COLOR":"#FF6347","VOTES_RANK1":55991.0,"VOTES_RANK1_PERCENTAGE":46.22,"VOTES_RANK2":47623.0,"VOTES_RANK2_PERCENTAGE":39.31,"VOTES_RANK3":14803.0,"VOTES_RANK3_PERCENTAGE":12.22,"VOTES_RANK4":883.0,"VOTES_RANK4_PERCENTAGE":0.73,"CANDIDATE_RANK1_GENDER":null,"CANDIDATE_RANK2_GENDER":null,"CANDIDATE_RANK3_GENDER":null,"CANDIDATE_RANK4_GENDER":null,"HORSE_RACE":null,"GENERAL_ELECTORS_TOTAL":null,"GENERAL_ELECTORS_MALE":null,"GENERAL_ELECTORS_FEMALE":null,"GENERAL_ELECTORS_THIRD_GENDER":null,"GENERAL_VOTERS_TOTAL":null,"GENERAL_VOTERS_MALE":null,"GENERAL_VOTERS_FEMALE":null,"GENERAL_VOTERS_THIRD_GENDER":null,"GENERAL_TURNOUT_MALE":null,"GENERAL_TURNOUT_FEMALE":null,"GENERAL_TURNOUT_THIRD_GENDER":null,"RES_COLOR":null,"HORSE_RACE_COLOR":null,"GENDER_COLOR":null,"ID":26940}},{"type":"Feature","geometry":{"type":"Polygon","coordinates":[[[76.5958,9.6655],[76.5912,9.6611],[76.5935,9.6491],[76.5824,9.6511],[76.5783,9.6387],[76.5627,9.6273],[76.5468,9.627],[76.5342,9.6389],[76.5283,9.6375],[76.5214,9.6321],[76.5173,9.6155],[76.5081,9.6105],[76.5127,9.6106],[76.5084,9.6026],[76.5121,9.5979],[76.5042,9.5983],[76.4993,9.5908],[76.4937,9.5925],[76.4896,9.5871],[76.49,9.5711],[76.4637,9.5605],[76.4271,9.5491],[76.4144,9.5631],[76.4045,9.5592],[76.4048,9.5536],[76.3924,9.5487],[76.3955,9.5893],[76.3975,9.649],[76.4225,9.6461],[76.4457,9.658],[76.4534,9.6557],[76.4561,9.6765],[76.4781,9.677],[76.4794,9.686],[76.4924,9.6955],[76.4987,9.6949],[76.5041,9.7051],[76.5168,9.7069],[76.5231,9.7037],[76.5128,9.6939],[76.5247,9.6815],[76.5279,9.6811],[76.529,9.692],[76.5435,9.6924],[76.5447,9.6863],[76.5492,9.6862],[76.565,9.6929],[76.5772,9.6878],[76.582,9.6785],[76.5893,9.6876],[76.5958,9.6872],[76.5998,9.6811],[76.5958,9.6655]]]},"properties":{"STATE":"KERALA","DISTRICT":"KOTTAYAM","AC":"AC","AC_NAME":"ETTUMANOOR","YEAR":2026.0,"RES":"GEN","ELECTORS":158451.0,"VOTERS":122912.0,"TURNOUT":77.57,"MARGIN":19752.0,"MARGIN_PERCENTAGE":16.07,"MARGIN_PERCENTAGE2":null,"MARGIN_PERCENTAGE3":null,"PARTY_RANK1":"INC","PARTY_RANK2":"CPI(M)","PARTY_RANK3":"TTPty","PARTY_RANK4":"NOTA","CANDIDATE_RANK1":"NATTAKOM SURESH","CANDIDATE_RANK2":"V. N. VASAVAN","CANDIDATE_RANK3":"ATHIRA D NAIR","CANDIDATE_RANK4":"NOTA","COLOR":"#00BFFF","VOTES_RANK1":64077.0,"VOTES_RANK1_PERCENTAGE":52.13,"VOTES_RANK2":44325.0,"VOTES_RANK2_PERCENTAGE":36.06,"VOTES_RANK3":12975.0,"VOTES_RANK3_PERCENTAGE":10.56,"VOTES_RANK4":598.0,"VOTES_RANK4_PERCENTAGE":0.49,"CANDIDATE_RANK1_GENDER":null,"CANDIDATE_RANK2_GENDER":null,"CANDIDATE_RANK3_GENDER":null,"CANDIDATE_RANK4_GENDER":null,"HORSE_RACE":null,"GENERAL_ELECTORS_TOTAL":null,"GENERAL_ELECTORS_MALE":null,"GENERAL_ELECTORS_FEMALE":null,"GENERAL_ELECTORS_THIRD_GENDER":null,"GENERAL_VOTERS_TOTAL":null,"GENERAL_VOTERS_MALE":null,"GENERAL_VOTERS_FEMALE":null,"GENERAL_VOTERS_THIRD_GENDER":null,"GENERAL_TURNOUT_MALE":null,"GENERAL_TURNOUT_FEMALE":null,"GENERAL_TURNOUT_THIRD_GENDER":null,"RES_COLOR":null,"HORSE_RACE_COLOR":null,"GENDER_COLOR":null,"ID":26954}},{"type":"Feature","geometry":{"type":"Polygon","coordinates":[[[76.6294,9.8559],[76.6279,9.8511],[76.6328,9.8468],[76.6266,9.8373],[76.6297,9.8302],[76.6255,9.8315],[76.6268,9.8272],[76.6191,9.822],[76.6244,9.8111],[76.611,9.8008],[76.6168,9.8011],[76.6388,9.7812],[76.6306,9.7739],[76.6175,9.7778],[76.6104,9.7675],[76.6343,9.7415],[76.6327,9.7275],[76.6243,9.7226],[76.6286,9.7123],[76.6378,9.7109],[76.6362,9.7035],[76.6428,9.6941],[76.6364,9.6786],[76.6369,9.6676],[76.628,9.6681],[76.6282,9.6593],[76.6174,9.655],[76.6111,9.6623],[76.6041,9.6715],[76.5958,9.6655],[76.5998,9.6811],[76.5958,9.6872],[76.5893,9.6876],[76.582,9.6785],[76.5772,9.6878],[76.565,9.6929],[76.5492,9.6862],[76.5447,9.6863],[76.5435,9.6924],[76.529,9.692],[76.5279,9.6811],[76.5247,9.6815],[76.5128,9.6939],[76.5231,9.7037],[76.5168,9.7069],[76.5041,9.7051],[76.4987,9.6949],[76.4924,9.6955],[76.4793,9.7259],[76.4665,9.7258],[76.4593,9.7433],[76.4509,9.7515],[76.46,9.7647],[76.4625,9.7835],[76.471,9.7844],[76.4741,9.79],[76.4772,9.8092],[76.4733,9.8119],[76.4742,9.8427],[76.4586,9.8486],[76.476,9.8618],[76.4843,9.8602],[76.4874,9.8539],[76.4989,9.8607],[76.4989,9.8518],[76.515,9.8486],[76.5202,9.823],[76.5239,9.8266],[76.5392,9.822],[76.5391,9.8137],[76.544,9.8133],[76.5418,9.808],[76.5473,9.7995],[76.557,9.8037],[76.5611,9.8206],[76.5679,9.8243],[76.5754,9.8195],[76.5803,9.8221],[76.58,9.8434],[76.6023,9.8456],[76.606,9.8404],[76.6097,9.8427],[76.6167,9.8376],[76.6096,9.8514],[76.6198,9.8573],[76.6294,9.8559]]]},"properties":{"STATE":"KERALA","DISTRICT":"KOTTAYAM","AC":"AC","AC_NAME":"KADUTHURUTHY","YEAR":2026.0,"RES":"GEN","ELECTORS":176061.0,"VOTERS":124752.0,"TURNOUT":70.86,"MARGIN":31300.0,"MARGIN_PERCENTAGE":25.09,"MARGIN_PERCENTAGE2":null,"MARGIN_PERCENTAGE3":null,"PARTY_RANK1":"KEC","PARTY_RANK2":"KEC(M)","PARTY_RANK3":"BDJS","PARTY_RANK4":"BSP","CANDIDATE_RANK1":"ADV.MONS JOSEPH","CANDIDATE_RANK2":"NIRMALA JIMMY","CANDIDATE_RANK3":"SURESH ETTIKUNNEL","CANDIDATE_RANK4":"JIJITH K JOY","COLOR":"#FF6347","VOTES_RANK1":70353.0,"VOTES_RANK1_PERCENTAGE":56.39,"VOTES_RANK2":39053.0,"VOTES_RANK2_PERCENTAGE":31.3,"VOTES_RANK3":12228.0,"VOTES_RANK3_PERCENTAGE":9.8,"VOTES_RANK4":1324.0,"VOTES_RANK4_PERCENTAGE":1.06,"CANDIDATE_RANK1_GENDER":null,"CANDIDATE_RANK2_GENDER":null,"CANDIDATE_RANK3_GENDER":null,"CANDIDATE_RANK4_GENDER":null,"HORSE_RACE":null,"GENERAL_ELECTORS_TOTAL":null,"GENERAL_ELECTORS_MALE":null,"GENERAL_ELECTORS_FEMALE":null,"GENERAL_ELECTORS_THIRD_GENDER":null,"GENERAL_VOTERS_TOTAL":null,"GENERAL_VOTERS_MALE":null,"GENERAL_VOTERS_FEMALE":null,"GENERAL_VOTERS_THIRD_GENDER":null,"GENERAL_TURNOUT_MALE":null,"GENERAL_TURNOUT_FEMALE":null,"GENERAL_TURNOUT_THIRD_GENDER":null,"RES_COLOR":null,"HORSE_RACE_COLOR":null,"GENDER_COLOR":null,"ID":26960}},{"type":"Feature","geometry":{"type":"Polygon","coordinates":[[[76.7632,9.6216],[76.7746,9.6206],[76.79,9.599],[76.8079,9.5993],[76.8132,9.5853],[76.8181,9.5854],[76.8242,9.5776],[76.8162,9.5683],[76.8332,9.5366],[76.8301,9.5278],[76.835,9.5241],[76.8302,9.5196],[76.8412,9.5106],[76.8413,9.504],[76.8507,9.5031],[76.8539,9.495],[76.8382,9.4929],[76.8347,9.4853],[76.8307,9.4937],[76.8226,9.4862],[76.8201,9.4962],[76.8235,9.501],[76.8175,9.4991],[76.8085,9.511],[76.7983,9.5048],[76.7943,9.5068],[76.7981,9.5112],[76.7951,9.5124],[76.778,9.5017],[76.7944,9.4917],[76.7964,9.4677],[76.8251,9.4656],[76.8243,9.4565],[76.8299,9.4521],[76.8235,9.4457],[76.8181,9.4556],[76.8064,9.4549],[76.8004,9.46],[76.7994,9.4519],[76.7914,9.451],[76.7929,9.4447],[76.7818,9.4484],[76.7652,9.4365],[76.7559,9.4531],[76.7491,9.453],[76.7516,9.4634],[76.7488,9.4631],[76.7473,9.4742],[76.7425,9.4742],[76.7331,9.4747],[76.7313,9.4666],[76.7081,9.4544],[76.7,9.4685],[76.7005,9.4764],[76.6805,9.4835],[76.643,9.4794],[76.6416,9.4681],[76.6355,9.4623],[76.6301,9.4726],[76.6262,9.4611],[76.6154,9.4615],[76.612,9.4715],[76.6171,9.4897],[76.6153,9.5071],[76.6105,9.5197],[76.6164,9.5217],[76.622,9.5372],[76.6333,9.5289],[76.6436,9.5273],[76.6624,9.5307],[76.6744,9.5383],[76.6743,9.5551],[76.6812,9.5704],[76.6754,9.5794],[76.6729,9.577],[76.6772,9.5714],[76.672,9.5719],[76.6653,9.5957],[76.6699,9.5987],[76.6595,9.6058],[76.6578,9.6155],[76.6787,9.6116],[76.6929,9.6174],[76.7009,9.6147],[76.6994,9.6095],[76.7088,9.6052],[76.7267,9.576],[76.7362,9.5776],[76.7419,9.5828],[76.7412,9.5895],[76.7548,9.5857],[76.7571,9.5886],[76.7494,9.6029],[76.7536,9.6106],[76.7595,9.6084],[76.7625,9.6129],[76.7561,9.6208],[76.7632,9.6216]]]},"properties":{"STATE":"KERALA","DISTRICT":"KOTTAYAM","AC":"AC","AC_NAME":"KANJIRAPPALLY","YEAR":2026.0,"RES":"GEN","ELECTORS":177708.0,"VOTERS":135988.0,"TURNOUT":76.52,"MARGIN":5772.0,"MARGIN_PERCENTAGE":4.24,"MARGIN_PERCENTAGE2":null,"MARGIN_PERCENTAGE3":null,"PARTY_RANK1":"INC","PARTY_RANK2":"KEC(M)","PARTY_RANK3":"BJP","PARTY_RANK4":"NOTA","CANDIDATE_RANK1":"RONY K BABY","CANDIDATE_RANK2":"DR. N. JAYARAJ","CANDIDATE_RANK3":"ADV. GEORGE KURIAN","CANDIDATE_RANK4":"NOTA","COLOR":"#00BFFF","VOTES_RANK1":56646.0,"VOTES_RANK1_PERCENTAGE":41.66,"VOTES_RANK2":50874.0,"VOTES_RANK2_PERCENTAGE":37.41,"VOTES_RANK3":26984.0,"VOTES_RANK3_PERCENTAGE":19.84,"VOTES_RANK4":788.0,"VOTES_RANK4_PERCENTAGE":0.58,"CANDIDATE_RANK1_GENDER":null,"CANDIDATE_RANK2_GENDER":null,"CANDIDATE_RANK3_GENDER":null,"CANDIDATE_RANK4_GENDER":null,"HORSE_RACE":null,"GENERAL_ELECTORS_TOTAL":null,"GENERAL_ELECTORS_MALE":null,"GENERAL_ELECTORS_FEMALE":null,"GENERAL_ELECTORS_THIRD_GENDER":null,"GENERAL_VOTERS_TOTAL":null,"GENERAL_VOTERS_MALE":null,"GENERAL_VOTERS_FEMALE":null,"GENERAL_VOTERS_THIRD_GENDER":null,"GENERAL_TURNOUT_MALE":null,"GENERAL_TURNOUT_FEMALE":null,"GENERAL_TURNOUT_THIRD_GENDER":null,"RES_COLOR":null,"HORSE_RACE_COLOR":null,"GENDER_COLOR":null,"ID":26966}},{"type":"Feature","geometry":{"type":"Polygon","coordinates":[[[76.5627,9.6273],[76.5675,9.622],[76.5646,9.6123],[76.5723,9.6055],[76.5698,9.6007],[76.575,9.5868],[76.567,9.5773],[76.5638,9.5626],[76.5532,9.5584],[76.5489,9.5481],[76.5501,9.5425],[76.5626,9.5366],[76.5638,9.5247],[76.5576,9.5145],[76.5539,9.4942],[76.5391,9.5098],[76.5189,9.5095],[76.5096,9.5175],[76.4934,9.5164],[76.4895,9.5069],[76.4794,9.5065],[76.4797,9.5362],[76.4651,9.5413],[76.4637,9.5605],[76.49,9.5711],[76.4896,9.5871],[76.4937,9.5925],[76.4993,9.5908],[76.5042,9.5983],[76.5121,9.5979],[76.5084,9.6026],[76.5127,9.6106],[76.5081,9.6105],[76.5173,9.6155],[76.5214,9.6321],[76.5283,9.6375],[76.5342,9.6389],[76.5468,9.627],[76.5627,9.6273]]]},"properties":{"STATE":"KERALA","DISTRICT":"KOTTAYAM","AC":"AC","AC_NAME":"KOTTAYAM","YEAR":2026.0,"RES":"GEN","ELECTORS":149696.0,"VOTERS":113747.0,"TURNOUT":75.99,"MARGIN":35986.0,"MARGIN_PERCENTAGE":31.64,"MARGIN_PERCENTAGE2":null,"MARGIN_PERCENTAGE3":null,"PARTY_RANK1":"INC","PARTY_RANK2":"CPI(M)","PARTY_RANK3":"BDJS","PARTY_RANK4":"AAAP","CANDIDATE_RANK1":"THIRUVANCHOOR RADHAKRISHNAN","CANDIDATE_RANK2":"ADV.K. ANILKUMAR","CANDIDATE_RANK3":"P ANILKUMAR","CANDIDATE_RANK4":"DR .CELINE PHILIP","COLOR":"#00BFFF","VOTES_RANK1":68893.0,"VOTES_RANK1_PERCENTAGE":60.57,"VOTES_RANK2":32907.0,"VOTES_RANK2_PERCENTAGE":28.93,"VOTES_RANK3":9726.0,"VOTES_RANK3_PERCENTAGE":8.55,"VOTES_RANK4":1202.0,"VOTES_RANK4_PERCENTAGE":1.06,"CANDIDATE_RANK1_GENDER":null,"CANDIDATE_RANK2_GENDER":null,"CANDIDATE_RANK3_GENDER":null,"CANDIDATE_RANK4_GENDER":null,"HORSE_RACE":null,"GENERAL_ELECTORS_TOTAL":null,"GENERAL_ELECTORS_MALE":null,"GENERAL_ELECTORS_FEMALE":null,"GENERAL_ELECTORS_THIRD_GENDER":null,"GENERAL_VOTERS_TOTAL":null,"GENERAL_VOTERS_MALE":null,"GENERAL_VOTERS_FEMALE":null,"GENERAL_VOTERS_THIRD_GENDER":null,"GENERAL_TURNOUT_MALE":null,"GENERAL_TURNOUT_FEMALE":null,"GENERAL_TURNOUT_THIRD_GENDER":null,"RES_COLOR":null,"HORSE_RACE_COLOR":null,"GENDER_COLOR":null,"ID":26983}},{"type":"Feature","geometry":{"type":"Polygon","coordinates":[[[76.6328,9.8468],[76.6464,9.8406],[76.6635,9.8397],[76.6675,9.8446],[76.6823,9.8398],[76.6851,9.8333],[76.6958,9.8338],[76.6993,9.8257],[76.7424,9.8047],[76.7505,9.8067],[76.7492,9.8143],[76.7541,9.8178],[76.768,9.8112],[76.8081,9.7896],[76.8605,9.7301],[76.8666,9.7353],[76.8678,9.7293],[76.8817,9.7211],[76.8782,9.7151],[76.8831,9.7092],[76.8801,9.7017],[76.8593,9.7032],[76.8337,9.7228],[76.8264,9.7171],[76.8253,9.699],[76.8108,9.7016],[76.7682,9.7217],[76.7684,9.7055],[76.7646,9.7049],[76.7631,9.696],[76.7442,9.6964],[76.7406,9.7035],[76.7312,9.7006],[76.7378,9.6854],[76.751,9.6753],[76.7589,9.6542],[76.7564,9.6523],[76.7616,9.6399],[76.7582,9.6365],[76.7632,9.6216],[76.7561,9.6208],[76.7625,9.6129],[76.7595,9.6084],[76.7536,9.6106],[76.7494,9.6029],[76.7571,9.5886],[76.7548,9.5857],[76.7412,9.5895],[76.7419,9.5828],[76.7362,9.5776],[76.7267,9.576],[76.7088,9.6052],[76.7157,9.6243],[76.7065,9.6399],[76.7092,9.6456],[76.7052,9.6508],[76.6958,9.6449],[76.6868,9.6459],[76.6886,9.6379],[76.6853,9.6357],[76.6777,9.6435],[76.6702,9.6399],[76.6526,9.6627],[76.6469,9.6622],[76.641,9.6695],[76.6369,9.6676],[76.6364,9.6786],[76.6428,9.6941],[76.6362,9.7035],[76.6378,9.7109],[76.6286,9.7123],[76.6243,9.7226],[76.6327,9.7275],[76.6343,9.7415],[76.6104,9.7675],[76.6175,9.7778],[76.6306,9.7739],[76.6388,9.7812],[76.6168,9.8011],[76.611,9.8008],[76.6244,9.8111],[76.6191,9.822],[76.6268,9.8272],[76.6255,9.8315],[76.6297,9.8302],[76.6266,9.8373],[76.6328,9.8468]]]},"properties":{"STATE":"KERALA","DISTRICT":"KOTTAYAM","AC":"AC","AC_NAME":"PALA","YEAR":2026.0,"RES":"GEN","ELECTORS":176726.0,"VOTERS":135851.0,"TURNOUT":76.87,"MARGIN":2991.0,"MARGIN_PERCENTAGE":2.2,"MARGIN_PERCENTAGE2":null,"MARGIN_PERCENTAGE3":null,"PARTY_RANK1":"IND","PARTY_RANK2":"KEC(M)","PARTY_RANK3":"BJP","PARTY_RANK4":"NOTA","CANDIDATE_RANK1":"MANI C KAPPEN","CANDIDATE_RANK2":"JOSE K MANI","CANDIDATE_RANK3":"SHONE GEORGE","CANDIDATE_RANK4":"NOTA","COLOR":"#757575","VOTES_RANK1":50799.0,"VOTES_RANK1_PERCENTAGE":37.39,"VOTES_RANK2":47808.0,"VOTES_RANK2_PERCENTAGE":35.19,"VOTES_RANK3":35304.0,"VOTES_RANK3_PERCENTAGE":25.99,"VOTES_RANK4":583.0,"VOTES_RANK4_PERCENTAGE":0.43,"CANDIDATE_RANK1_GENDER":null,"CANDIDATE_RANK2_GENDER":null,"CANDIDATE_RANK3_GENDER":null,"CANDIDATE_RANK4_GENDER":null,"HORSE_RACE":null,"GENERAL_ELECTORS_TOTAL":null,"GENERAL_ELECTORS_MALE":null,"GENERAL_ELECTORS_FEMALE":null,"GENERAL_ELECTORS_THIRD_GENDER":null,"GENERAL_VOTERS_TOTAL":null,"GENERAL_VOTERS_MALE":null,"GENERAL_VOTERS_FEMALE":null,"GENERAL_VOTERS_THIRD_GENDER":null,"GENERAL_TURNOUT_MALE":null,"GENERAL_TURNOUT_FEMALE":null,"GENERAL_TURNOUT_THIRD_GENDER":null,"RES_COLOR":null,"HORSE_RACE_COLOR":null,"GENDER_COLOR":null,"ID":27015}},{"type":"Feature","geometry":{"type":"Polygon","coordinates":[[[76.8817,9.7211],[76.8897,9.7157],[76.8971,9.7005],[76.9026,9.6774],[76.9268,9.6536],[76.9182,9.6432],[76.935,9.6211],[76.9298,9.6148],[76.9033,9.6343],[76.8935,9.6314],[76.8936,9.6214],[76.8874,9.6191],[76.8919,9.6151],[76.8887,9.6094],[76.8924,9.6092],[76.8953,9.5862],[76.8828,9.582],[76.8888,9.546],[76.8867,9.5381],[76.9018,9.5371],[76.9041,9.5219],[76.9297,9.5023],[76.9352,9.5052],[76.9499,9.4908],[76.9548,9.4921],[76.9611,9.5084],[76.9754,9.5016],[76.9841,9.4882],[76.9849,9.4705],[76.9701,9.4648],[76.959,9.4616],[76.9505,9.449],[76.9409,9.4457],[76.9456,9.4355],[76.9401,9.4339],[76.9411,9.4208],[76.9277,9.4156],[76.9233,9.4165],[76.9229,9.425],[76.9117,9.4241],[76.8847,9.4436],[76.855,9.457],[76.8483,9.4457],[76.8299,9.4521],[76.8243,9.4565],[76.8251,9.4656],[76.7964,9.4677],[76.7944,9.4917],[76.778,9.5017],[76.7951,9.5124],[76.7981,9.5112],[76.7943,9.5068],[76.7983,9.5048],[76.8085,9.511],[76.8175,9.4991],[76.8235,9.501],[76.8201,9.4962],[76.8226,9.4862],[76.8307,9.4937],[76.8347,9.4853],[76.8382,9.4929],[76.8539,9.495],[76.8507,9.5031],[76.8413,9.504],[76.8412,9.5106],[76.8302,9.5196],[76.835,9.5241],[76.8301,9.5278],[76.8332,9.5366],[76.8162,9.5683],[76.8242,9.5776],[76.8181,9.5854],[76.8132,9.5853],[76.8079,9.5993],[76.79,9.599],[76.7746,9.6206],[76.7632,9.6216],[76.7582,9.6365],[76.7616,9.6399],[76.7564,9.6523],[76.7589,9.6542],[76.751,9.6753],[76.7378,9.6854],[76.7312,9.7006],[76.7406,9.7035],[76.7442,9.6964],[76.7631,9.696],[76.7646,9.7049],[76.7684,9.7055],[76.7682,9.7217],[76.8108,9.7016],[76.8253,9.699],[76.8264,9.7171],[76.8337,9.7228],[76.8593,9.7032],[76.8801,9.7017],[76.8831,9.7092],[76.8782,9.7151],[76.8817,9.7211]]]},"properties":{"STATE":"KERALA","DISTRICT":"KOTTAYAM","AC":"AC","AC_NAME":"POONJAR","YEAR":2026.0,"RES":"GEN","ELECTORS":184819.0,"VOTERS":144794.0,"TURNOUT":78.34,"MARGIN":6693.0,"MARGIN_PERCENTAGE":4.62,"MARGIN_PERCENTAGE2":null,"MARGIN_PERCENTAGE3":null,"PARTY_RANK1":"INC","PARTY_RANK2":"KEC(M)","PARTY_RANK3":"BJP","PARTY_RANK4":"BSP","CANDIDATE_RANK1":"ADV.SEBASTIAN M.J","CANDIDATE_RANK2":"ADV. SEBASTIAN KULATHUNKAL","CANDIDATE_RANK3":"P.C. GEORGE","CANDIDATE_RANK4":"SHINY A C","COLOR":"#00BFFF","VOTES_RANK1":56900.0,"VOTES_RANK1_PERCENTAGE":39.3,"VOTES_RANK2":50207.0,"VOTES_RANK2_PERCENTAGE":34.67,"VOTES_RANK3":36172.0,"VOTES_RANK3_PERCENTAGE":24.98,"VOTES_RANK4":603.0,"VOTES_RANK4_PERCENTAGE":0.42,"CANDIDATE_RANK1_GENDER":null,"CANDIDATE_RANK2_GENDER":null,"CANDIDATE_RANK3_GENDER":null,"CANDIDATE_RANK4_GENDER":null,"HORSE_RACE":null,"GENERAL_ELECTORS_TOTAL":null,"GENERAL_ELECTORS_MALE":null,"GENERAL_ELECTORS_FEMALE":null,"GENERAL_ELECTORS_THIRD_GENDER":null,"GENERAL_VOTERS_TOTAL":null,"GENERAL_VOTERS_MALE":null,"GENERAL_VOTERS_FEMALE":null,"GENERAL_VOTERS_THIRD_GENDER":null,"GENERAL_TURNOUT_MALE":null,"GENERAL_TURNOUT_FEMALE":null,"GENERAL_TURNOUT_THIRD_GENDER":null,"RES_COLOR":null,"HORSE_RACE_COLOR":null,"GENDER_COLOR":null,"ID":27029}},{"type":"Feature","geometry":{"type":"Polygon","coordinates":[[[76.6111,9.6623],[76.6174,9.655],[76.6282,9.6593],[76.628,9.6681],[76.6369,9.6676],[76.641,9.6695],[76.6469,9.6622],[76.6526,9.6627],[76.6702,9.6399],[76.6777,9.6435],[76.6853,9.6357],[76.6886,9.6379],[76.6868,9.6459],[76.6958,9.6449],[76.7052,9.6508],[76.7092,9.6456],[76.7065,9.6399],[76.7157,9.6243],[76.7088,9.6052],[76.6994,9.6095],[76.7009,9.6147],[76.6929,9.6174],[76.6787,9.6116],[76.6578,9.6155],[76.6595,9.6058],[76.6699,9.5987],[76.6653,9.5957],[76.672,9.5719],[76.6772,9.5714],[76.6729,9.577],[76.6754,9.5794],[76.6812,9.5704],[76.6743,9.5551],[76.6744,9.5383],[76.6624,9.5307],[76.6436,9.5273],[76.6333,9.5289],[76.622,9.5372],[76.6164,9.5217],[76.6105,9.5197],[76.6153,9.5071],[76.6089,9.5102],[76.6063,9.5061],[76.5983,9.5105],[76.5778,9.4976],[76.5781,9.4867],[76.5694,9.4824],[76.5539,9.4942],[76.5576,9.5145],[76.5638,9.5247],[76.5626,9.5366],[76.5501,9.5425],[76.5489,9.5481],[76.5532,9.5584],[76.5638,9.5626],[76.567,9.5773],[76.575,9.5868],[76.5698,9.6007],[76.5723,9.6055],[76.5646,9.6123],[76.5675,9.622],[76.5627,9.6273],[76.5783,9.6387],[76.5824,9.6511],[76.5935,9.6491],[76.5912,9.6611],[76.5958,9.6655],[76.6041,9.6715],[76.6111,9.6623]]]},"properties":{"STATE":"KERALA","DISTRICT":"KOTTAYAM","AC":"AC","AC_NAME":"PUTHUPPALLY","YEAR":2026.0,"RES":"GEN","ELECTORS":170381.0,"VOTERS":128180.0,"TURNOUT":75.23,"MARGIN":52907.0,"MARGIN_PERCENTAGE":41.28,"MARGIN_PERCENTAGE2":null,"MARGIN_PERCENTAGE3":null,"PARTY_RANK1":"INC","PARTY_RANK2":"CPI(M)","PARTY_RANK3":"BJP","PARTY_RANK4":"BSP","CANDIDATE_RANK1":"ADV. CHANDY OOMMEN","CANDIDATE_RANK2":"K. M. RADHAKRISHNAN","CANDIDATE_RANK3":"RAVEENDRANATH VAKATHANAM","CANDIDATE_RANK4":"PAUL P CHACKO (SHAJI KADAYIL)","COLOR":"#00BFFF","VOTES_RANK1":84031.0,"VOTES_RANK1_PERCENTAGE":65.56,"VOTES_RANK2":31124.0,"VOTES_RANK2_PERCENTAGE":24.28,"VOTES_RANK3":11544.0,"VOTES_RANK3_PERCENTAGE":9.01,"VOTES_RANK4":663.0,"VOTES_RANK4_PERCENTAGE":0.52,"CANDIDATE_RANK1_GENDER":null,"CANDIDATE_RANK2_GENDER":null,"CANDIDATE_RANK3_GENDER":null,"CANDIDATE_RANK4_GENDER":null,"HORSE_RACE":null,"GENERAL_ELECTORS_TOTAL":null,"GENERAL_ELECTORS_MALE":null,"GENERAL_ELECTORS_FEMALE":null,"GENERAL_ELECTORS_THIRD_GENDER":null,"GENERAL_VOTERS_TOTAL":null,"GENERAL_VOTERS_MALE":null,"GENERAL_VOTERS_FEMALE":null,"GENERAL_VOTERS_THIRD_GENDER":null,"GENERAL_TURNOUT_MALE":null,"GENERAL_TURNOUT_FEMALE":null,"GENERAL_TURNOUT_THIRD_GENDER":null,"RES_COLOR":null,"HORSE_RACE_COLOR":null,"GENDER_COLOR":null,"ID":27032}},{"type":"Feature","geometry":{"type":"Polygon","coordinates":[[[76.4742,9.8427],[76.4733,9.8119],[76.4772,9.8092],[76.4741,9.79],[76.471,9.7844],[76.4625,9.7835],[76.46,9.7647],[76.4509,9.7515],[76.4593,9.7433],[76.4665,9.7258],[76.4793,9.7259],[76.4924,9.6955],[76.4794,9.686],[76.4781,9.677],[76.4561,9.6765],[76.4534,9.6557],[76.4457,9.658],[76.4225,9.6461],[76.3975,9.649],[76.4029,9.6858],[76.3761,9.6968],[76.3808,9.7515],[76.3647,9.7928],[76.3816,9.8182],[76.3726,9.8368],[76.3881,9.8442],[76.3935,9.8315],[76.406,9.8302],[76.4136,9.8228],[76.4285,9.8248],[76.4465,9.8348],[76.4586,9.8486],[76.4742,9.8427]]]},"properties":{"STATE":"KERALA","DISTRICT":"KOTTAYAM","AC":"AC","AC_NAME":"VAIKOM","YEAR":2026.0,"RES":"SC","ELECTORS":156228.0,"VOTERS":126238.0,"TURNOUT":80.8,"MARGIN":1360.0,"MARGIN_PERCENTAGE":1.08,"MARGIN_PERCENTAGE2":null,"MARGIN_PERCENTAGE3":null,"PARTY_RANK1":"INC","PARTY_RANK2":"CPI","PARTY_RANK3":"BJP","PARTY_RANK4":"NOTA","CANDIDATE_RANK1":"K BINIMON","CANDIDATE_RANK2":"P PRADEEP","CANDIDATE_RANK3":"K AJITH","CANDIDATE_RANK4":"NOTA","COLOR":"#00BFFF","VOTES_RANK1":52944.0,"VOTES_RANK1_PERCENTAGE":41.94,"VOTES_RANK2":51584.0,"VOTES_RANK2_PERCENTAGE":40.86,"VOTES_RANK3":20297.0,"VOTES_RANK3_PERCENTAGE":16.08,"VOTES_RANK4":737.0,"VOTES_RANK4_PERCENTAGE":0.58,"CANDIDATE_RANK1_GENDER":null,"CANDIDATE_RANK2_GENDER":null,"CANDIDATE_RANK3_GENDER":null,"CANDIDATE_RANK4_GENDER":null,"HORSE_RACE":null,"GENERAL_ELECTORS_TOTAL":null,"GENERAL_ELECTORS_MALE":null,"GENERAL_ELECTORS_FEMALE":null,"GENERAL_ELECTORS_THIRD_GENDER":null,"GENERAL_VOTERS_TOTAL":null,"GENERAL_VOTERS_MALE":null,"GENERAL_VOTERS_FEMALE":null,"GENERAL_VOTERS_THIRD_GENDER":null,"GENERAL_TURNOUT_MALE":null,"GENERAL_TURNOUT_FEMALE":null,"GENERAL_TURNOUT_THIRD_GENDER":null,"RES_COLOR":null,"HORSE_RACE_COLOR":null,"GENDER_COLOR":null,"ID":27056}},{"type":"Feature","geometry":{"type":"Polygon","coordinates":[[[75.9804,11.541],[75.9368,11.502],[75.9169,11.5119],[75.893,11.5033],[75.9085,11.4889],[75.8996,11.4622],[75.9083,11.4498],[75.9048,11.4482],[75.9025,11.4329],[75.9129,11.4178],[75.8966,11.417],[75.883,11.4045],[75.8631,11.4148],[75.8578,11.407],[75.8467,11.4134],[75.853,11.42],[75.8354,11.4302],[75.8409,11.4437],[75.8345,11.4467],[75.8313,11.4402],[75.8244,11.439],[75.8175,11.426],[75.8093,11.4261],[75.8029,11.415],[75.7983,11.4198],[75.7859,11.4179],[75.7855,11.4227],[75.7789,11.4247],[75.7835,11.4188],[75.7786,11.3936],[75.7825,11.3853],[75.7742,11.3785],[75.762,11.3792],[75.7616,11.3706],[75.7563,11.3667],[75.7472,11.3682],[75.7432,11.3761],[75.7511,11.4078],[75.7464,11.4152],[75.7507,11.4204],[75.7309,11.4322],[75.7294,11.4458],[75.742,11.4659],[75.7328,11.477],[75.7364,11.4875],[75.7312,11.4993],[75.7363,11.507],[75.7523,11.5101],[75.7571,11.5151],[75.7696,11.5143],[75.7733,11.5079],[75.7783,11.5077],[75.7856,11.5183],[75.7921,11.5159],[75.788,11.5263],[75.7922,11.5308],[75.7842,11.5331],[75.7912,11.5451],[75.8038,11.5536],[75.7983,11.5569],[75.8157,11.557],[75.8213,11.5609],[75.8251,11.5522],[75.839,11.5489],[75.8397,11.5549],[75.8431,11.5515],[75.8516,11.5575],[75.8636,11.5547],[75.8842,11.5802],[75.8807,11.5874],[75.8912,11.6152],[75.9012,11.617],[75.9092,11.601],[75.9521,11.5811],[75.9574,11.5756],[75.958,11.5609],[75.9804,11.541]]]},"properties":{"STATE":"KERALA","DISTRICT":"KOZHIKODE","AC":"AC","AC_NAME":"BALUSSERI","YEAR":2026.0,"RES":"SC","ELECTORS":229613.0,"VOTERS":191315.0,"TURNOUT":83.32,"MARGIN":16980.0,"MARGIN_PERCENTAGE":8.88,"MARGIN_PERCENTAGE2":null,"MARGIN_PERCENTAGE3":null,"PARTY_RANK1":"INC","PARTY_RANK2":"CPI(M)","PARTY_RANK3":"BJP","PARTY_RANK4":"NOTA","CANDIDATE_RANK1":"V.T. SOORAJ","CANDIDATE_RANK2":"ADV. K.M. SACHINDEV","CANDIDATE_RANK3":"C.P. SATHEESH","CANDIDATE_RANK4":"NOTA","COLOR":"#00BFFF","VOTES_RANK1":94804.0,"VOTES_RANK1_PERCENTAGE":49.55,"VOTES_RANK2":77824.0,"VOTES_RANK2_PERCENTAGE":40.68,"VOTES_RANK3":17669.0,"VOTES_RANK3_PERCENTAGE":9.24,"VOTES_RANK4":516.0,"VOTES_RANK4_PERCENTAGE":0.27,"CANDIDATE_RANK1_GENDER":null,"CANDIDATE_RANK2_GENDER":null,"CANDIDATE_RANK3_GENDER":null,"CANDIDATE_RANK4_GENDER":null,"HORSE_RACE":null,"GENERAL_ELECTORS_TOTAL":null,"GENERAL_ELECTORS_MALE":null,"GENERAL_ELECTORS_FEMALE":null,"GENERAL_ELECTORS_THIRD_GENDER":null,"GENERAL_VOTERS_TOTAL":null,"GENERAL_VOTERS_MALE":null,"GENERAL_VOTERS_FEMALE":null,"GENERAL_VOTERS_THIRD_GENDER":null,"GENERAL_TURNOUT_MALE":null,"GENERAL_TURNOUT_FEMALE":null,"GENERAL_TURNOUT_THIRD_GENDER":null,"RES_COLOR":null,"HORSE_RACE_COLOR":null,"GENDER_COLOR":null,"ID":26936}},{"type":"Feature","geometry":{"type":"Polygon","coordinates":[[[75.8097,11.2181],[75.8219,11.2237],[75.8226,11.2084],[75.8311,11.2057],[75.8396,11.2102],[75.8326,11.196],[75.8441,11.2083],[75.8577,11.2079],[75.8557,11.2019],[75.8604,11.1974],[75.857,11.1944],[75.8615,11.1894],[75.8747,11.1867],[75.8766,11.1824],[75.8844,11.1851],[75.8882,11.1787],[75.887,11.1709],[75.8819,11.1722],[75.8759,11.1643],[75.8702,11.1726],[75.865,11.1717],[75.8592,11.1582],[75.8524,11.1544],[75.8612,11.1369],[75.8485,11.1428],[75.8261,11.1245],[75.8147,11.1493],[75.8045,11.1565],[75.8093,11.163],[75.8016,11.1664],[75.7857,11.2095],[75.7994,11.2103],[75.8043,11.2185],[75.8097,11.2181]]]},"properties":{"STATE":"KERALA","DISTRICT":"KOZHIKODE","AC":"AC","AC_NAME":"BEYPORE","YEAR":2026.0,"RES":"GEN","ELECTORS":218705.0,"VOTERS":185150.0,"TURNOUT":84.66,"MARGIN":7487.0,"MARGIN_PERCENTAGE":4.04,"MARGIN_PERCENTAGE2":null,"MARGIN_PERCENTAGE3":null,"PARTY_RANK1":"CPI(M)","PARTY_RANK2":"IND","PARTY_RANK3":"BJP","PARTY_RANK4":"NOTA","CANDIDATE_RANK1":"P.A MOHAMED RIYAS","CANDIDATE_RANK2":"P V ANVAR S/O SHOUKATHALI","CANDIDATE_RANK3":"ADV. PRAKASHBABU","CANDIDATE_RANK4":"NOTA","COLOR":"#FF0000","VOTES_RANK1":81849.0,"VOTES_RANK1_PERCENTAGE":44.21,"VOTES_RANK2":74362.0,"VOTES_RANK2_PERCENTAGE":40.16,"VOTES_RANK3":26543.0,"VOTES_RANK3_PERCENTAGE":14.34,"VOTES_RANK4":583.0,"VOTES_RANK4_PERCENTAGE":0.31,"CANDIDATE_RANK1_GENDER":null,"CANDIDATE_RANK2_GENDER":null,"CANDIDATE_RANK3_GENDER":null,"CANDIDATE_RANK4_GENDER":null,"HORSE_RACE":null,"GENERAL_ELECTORS_TOTAL":null,"GENERAL_ELECTORS_MALE":null,"GENERAL_ELECTORS_FEMALE":null,"GENERAL_ELECTORS_THIRD_GENDER":null,"GENERAL_VOTERS_TOTAL":null,"GENERAL_VOTERS_MALE":null,"GENERAL_VOTERS_FEMALE":null,"GENERAL_VOTERS_THIRD_GENDER":null,"GENERAL_TURNOUT_MALE":null,"GENERAL_TURNOUT_FEMALE":null,"GENERAL_TURNOUT_THIRD_GENDER":null,"RES_COLOR":null,"HORSE_RACE_COLOR":null,"GENDER_COLOR":null,"ID":26937}},{"type":"Feature","geometry":{"type":"Polygon","coordinates":[[[75.8578,11.407],[75.8543,11.4019],[75.857,11.3986],[75.8521,11.3947],[75.8572,11.3769],[75.8513,11.3741],[75.8494,11.3664],[75.8361,11.3613],[75.8284,11.3647],[75.8229,11.3581],[75.8254,11.3549],[75.835,11.3563],[75.8377,11.3439],[75.8459,11.3426],[75.8474,11.3383],[75.8504,11.3388],[75.847,11.3418],[75.8568,11.3386],[75.8612,11.3306],[75.8734,11.3241],[75.8788,11.3204],[75.878,11.3158],[75.8758,11.3187],[75.8662,11.3153],[75.8559,11.3014],[75.8412,11.3066],[75.8304,11.2987],[75.8238,11.3045],[75.8157,11.3031],[75.8092,11.3141],[75.8044,11.3148],[75.8002,11.3161],[75.7964,11.3109],[75.7801,11.3135],[75.776,11.3104],[75.7671,11.3127],[75.7606,11.3072],[75.7517,11.3091],[75.7468,11.3212],[75.7367,11.325],[75.732,11.3562],[75.7424,11.3555],[75.7472,11.3682],[75.7563,11.3667],[75.7616,11.3706],[75.762,11.3792],[75.7742,11.3785],[75.7825,11.3853],[75.7786,11.3936],[75.7835,11.4188],[75.7789,11.4247],[75.7855,11.4227],[75.7859,11.4179],[75.7983,11.4198],[75.8029,11.415],[75.8093,11.4261],[75.8175,11.426],[75.8244,11.439],[75.8313,11.4402],[75.8345,11.4467],[75.8409,11.4437],[75.8354,11.4302],[75.853,11.42],[75.8467,11.4134],[75.8578,11.407]]]},"properties":{"STATE":"KERALA","DISTRICT":"KOZHIKODE","AC":"AC","AC_NAME":"ELATHUR","YEAR":2026.0,"RES":"GEN","ELECTORS":211797.0,"VOTERS":177765.0,"TURNOUT":83.93,"MARGIN":12162.0,"MARGIN_PERCENTAGE":6.84,"MARGIN_PERCENTAGE2":null,"MARGIN_PERCENTAGE3":null,"PARTY_RANK1":"INC","PARTY_RANK2":"NCPSP","PARTY_RANK3":"BJP","PARTY_RANK4":"NOTA","CANDIDATE_RANK1":"ADV.VIDYA BALAKRISHNAN","CANDIDATE_RANK2":"A.K.SASEENDRAN S/O KUNJAMBU","CANDIDATE_RANK3":"DEVADAS T","CANDIDATE_RANK4":"NOTA","COLOR":"#00BFFF","VOTES_RANK1":77662.0,"VOTES_RANK1_PERCENTAGE":43.69,"VOTES_RANK2":65500.0,"VOTES_RANK2_PERCENTAGE":36.85,"VOTES_RANK3":31510.0,"VOTES_RANK3_PERCENTAGE":17.73,"VOTES_RANK4":729.0,"VOTES_RANK4_PERCENTAGE":0.41,"CANDIDATE_RANK1_GENDER":null,"CANDIDATE_RANK2_GENDER":null,"CANDIDATE_RANK3_GENDER":null,"CANDIDATE_RANK4_GENDER":null,"HORSE_RACE":null,"GENERAL_ELECTORS_TOTAL":null,"GENERAL_ELECTORS_MALE":null,"GENERAL_ELECTORS_FEMALE":null,"GENERAL_ELECTORS_THIRD_GENDER":null,"GENERAL_VOTERS_TOTAL":null,"GENERAL_VOTERS_MALE":null,"GENERAL_VOTERS_FEMALE":null,"GENERAL_VOTERS_THIRD_GENDER":null,"GENERAL_TURNOUT_MALE":null,"GENERAL_TURNOUT_FEMALE":null,"GENERAL_TURNOUT_THIRD_GENDER":null,"RES_COLOR":null,"HORSE_RACE_COLOR":null,"GENDER_COLOR":null,"ID":26950}},{"type":"Feature","geometry":{"type":"Polygon","coordinates":[[[75.9804,11.541],[75.9477,11.4922],[75.9478,11.4853],[75.9232,11.4737],[75.9322,11.4629],[75.9284,11.4529],[75.938,11.4508],[75.9383,11.4454],[75.9574,11.437],[75.958,11.4327],[75.9723,11.427],[75.9775,11.4469],[75.9828,11.4512],[76.0001,11.442],[76.0018,11.4339],[75.9964,11.4275],[75.9927,11.4321],[75.9878,11.4296],[75.9967,11.4139],[75.99,11.4074],[75.9928,11.4005],[75.9852,11.3956],[75.9835,11.3865],[75.9912,11.3798],[75.9786,11.3741],[75.9725,11.3759],[75.9751,11.3633],[75.962,11.3604],[75.9594,11.3543],[75.9659,11.3521],[75.9603,11.3488],[75.956,11.3503],[75.9448,11.3419],[75.942,11.345],[75.9383,11.3425],[75.9397,11.3466],[75.9322,11.3463],[75.9278,11.3348],[75.9229,11.3334],[75.9071,11.3394],[75.891,11.3365],[75.8898,11.3324],[75.875,11.3294],[75.8734,11.3241],[75.8612,11.3306],[75.8568,11.3386],[75.847,11.3418],[75.8504,11.3388],[75.8474,11.3383],[75.8459,11.3426],[75.8377,11.3439],[75.835,11.3563],[75.8254,11.3549],[75.8229,11.3581],[75.8284,11.3647],[75.8361,11.3613],[75.8494,11.3664],[75.8513,11.3741],[75.8572,11.3769],[75.8521,11.3947],[75.857,11.3986],[75.8543,11.4019],[75.8578,11.407],[75.8631,11.4148],[75.883,11.4045],[75.8966,11.417],[75.9129,11.4178],[75.9025,11.4329],[75.9048,11.4482],[75.9083,11.4498],[75.8996,11.4622],[75.9085,11.4889],[75.893,11.5033],[75.9169,11.5119],[75.9368,11.502],[75.9804,11.541]]]},"properties":{"STATE":"KERALA","DISTRICT":"KOZHIKODE","AC":"AC","AC_NAME":"KODUVALLY","YEAR":2026.0,"RES":"GEN","ELECTORS":201824.0,"VOTERS":165988.0,"TURNOUT":82.24,"MARGIN":36682.0,"MARGIN_PERCENTAGE":22.1,"MARGIN_PERCENTAGE2":null,"MARGIN_PERCENTAGE3":null,"PARTY_RANK1":"IUML","PARTY_RANK2":"IND","PARTY_RANK3":"BDJS","PARTY_RANK4":"NOTA","CANDIDATE_RANK1":"P K FIROS","CANDIDATE_RANK2":"SALEEM MADAVOOR","CANDIDATE_RANK3":"GIRI PAMPANAL","CANDIDATE_RANK4":"NOTA","COLOR":"#228B22","VOTES_RANK1":95164.0,"VOTES_RANK1_PERCENTAGE":57.33,"VOTES_RANK2":58482.0,"VOTES_RANK2_PERCENTAGE":35.23,"VOTES_RANK3":9832.0,"VOTES_RANK3_PERCENTAGE":5.92,"VOTES_RANK4":490.0,"VOTES_RANK4_PERCENTAGE":0.3,"CANDIDATE_RANK1_GENDER":null,"CANDIDATE_RANK2_GENDER":null,"CANDIDATE_RANK3_GENDER":null,"CANDIDATE_RANK4_GENDER":null,"HORSE_RACE":null,"GENERAL_ELECTORS_TOTAL":null,"GENERAL_ELECTORS_MALE":null,"GENERAL_ELECTORS_FEMALE":null,"GENERAL_ELECTORS_THIRD_GENDER":null,"GENERAL_VOTERS_TOTAL":null,"GENERAL_VOTERS_MALE":null,"GENERAL_VOTERS_FEMALE":null,"GENERAL_VOTERS_THIRD_GENDER":null,"GENERAL_TURNOUT_MALE":null,"GENERAL_TURNOUT_FEMALE":null,"GENERAL_TURNOUT_THIRD_GENDER":null,"RES_COLOR":null,"HORSE_RACE_COLOR":null,"GENDER_COLOR":null,"ID":26975}},{"type":"Feature","geometry":{"type":"Polygon","coordinates":[[[75.8044,11.3148],[75.8092,11.3141],[75.8157,11.3031],[75.8238,11.3045],[75.8304,11.2987],[75.8412,11.3066],[75.8559,11.3014],[75.867,11.289],[75.8728,11.2891],[75.8655,11.285],[75.8638,11.275],[75.8513,11.2705],[75.8378,11.2706],[75.8341,11.2807],[75.8257,11.2686],[75.8073,11.2706],[75.8066,11.258],[75.795,11.2373],[75.7882,11.2379],[75.7838,11.2514],[75.7715,11.2501],[75.7517,11.3091],[75.7606,11.3072],[75.7671,11.3127],[75.776,11.3104],[75.7801,11.3135],[75.7964,11.3109],[75.8002,11.3161],[75.8044,11.3148]]]},"properties":{"STATE":"KERALA","DISTRICT":"KOZHIKODE","AC":"AC","AC_NAME":"KOZHIKODE NORTH","YEAR":2026.0,"RES":"GEN","ELECTORS":173473.0,"VOTERS":141535.0,"TURNOUT":81.59,"MARGIN":1483.0,"MARGIN_PERCENTAGE":1.05,"MARGIN_PERCENTAGE2":null,"MARGIN_PERCENTAGE3":null,"PARTY_RANK1":"INC","PARTY_RANK2":"CPI(M)","PARTY_RANK3":"BJP","PARTY_RANK4":"NOTA","CANDIDATE_RANK1":"ADV.K JAYANTH","CANDIDATE_RANK2":"THOTTATHIL RAVINDRAN","CANDIDATE_RANK3":"NAVYA HARIDAS","CANDIDATE_RANK4":"NOTA","COLOR":"#00BFFF","VOTES_RANK1":50636.0,"VOTES_RANK1_PERCENTAGE":35.78,"VOTES_RANK2":49153.0,"VOTES_RANK2_PERCENTAGE":34.73,"VOTES_RANK3":39899.0,"VOTES_RANK3_PERCENTAGE":28.19,"VOTES_RANK4":667.0,"VOTES_RANK4_PERCENTAGE":0.47,"CANDIDATE_RANK1_GENDER":null,"CANDIDATE_RANK2_GENDER":null,"CANDIDATE_RANK3_GENDER":null,"CANDIDATE_RANK4_GENDER":null,"HORSE_RACE":null,"GENERAL_ELECTORS_TOTAL":null,"GENERAL_ELECTORS_MALE":null,"GENERAL_ELECTORS_FEMALE":null,"GENERAL_ELECTORS_THIRD_GENDER":null,"GENERAL_VOTERS_TOTAL":null,"GENERAL_VOTERS_MALE":null,"GENERAL_VOTERS_FEMALE":null,"GENERAL_VOTERS_THIRD_GENDER":null,"GENERAL_TURNOUT_MALE":null,"GENERAL_TURNOUT_FEMALE":null,"GENERAL_TURNOUT_THIRD_GENDER":null,"RES_COLOR":null,"HORSE_RACE_COLOR":null,"GENDER_COLOR":null,"ID":26985}},{"type":"Feature","geometry":{"type":"Polygon","coordinates":[[[75.8513,11.2705],[75.8555,11.2552],[75.8347,11.2537],[75.8298,11.2443],[75.8242,11.2437],[75.8237,11.2302],[75.8143,11.2259],[75.8069,11.23],[75.8097,11.2181],[75.8043,11.2185],[75.7994,11.2103],[75.7857,11.2095],[75.7715,11.2501],[75.7838,11.2514],[75.7882,11.2379],[75.795,11.2373],[75.8066,11.258],[75.8073,11.2706],[75.8257,11.2686],[75.8341,11.2807],[75.8378,11.2706],[75.8513,11.2705]]]},"properties":{"STATE":"KERALA","DISTRICT":"KOZHIKODE","AC":"AC","AC_NAME":"KOZHIKODE SOUTH","YEAR":2026.0,"RES":"GEN","ELECTORS":156085.0,"VOTERS":127866.0,"TURNOUT":81.92,"MARGIN":10795.0,"MARGIN_PERCENTAGE":8.44,"MARGIN_PERCENTAGE2":null,"MARGIN_PERCENTAGE3":null,"PARTY_RANK1":"IUML","PARTY_RANK2":"INL","PARTY_RANK3":"BJP","PARTY_RANK4":"NOTA","CANDIDATE_RANK1":"ADV. FYZAL BABU","CANDIDATE_RANK2":"AHAMMAD DEVARKOVIL","CANDIDATE_RANK3":"T. RANEESH","CANDIDATE_RANK4":"NOTA","COLOR":"#228B22","VOTES_RANK1":52680.0,"VOTES_RANK1_PERCENTAGE":41.2,"VOTES_RANK2":41885.0,"VOTES_RANK2_PERCENTAGE":32.76,"VOTES_RANK3":32463.0,"VOTES_RANK3_PERCENTAGE":25.39,"VOTES_RANK4":838.0,"VOTES_RANK4_PERCENTAGE":0.66,"CANDIDATE_RANK1_GENDER":null,"CANDIDATE_RANK2_GENDER":null,"CANDIDATE_RANK3_GENDER":null,"CANDIDATE_RANK4_GENDER":null,"HORSE_RACE":null,"GENERAL_ELECTORS_TOTAL":null,"GENERAL_ELECTORS_MALE":null,"GENERAL_ELECTORS_FEMALE":null,"GENERAL_ELECTORS_THIRD_GENDER":null,"GENERAL_VOTERS_TOTAL":null,"GENERAL_VOTERS_MALE":null,"GENERAL_VOTERS_FEMALE":null,"GENERAL_VOTERS_THIRD_GENDER":null,"GENERAL_TURNOUT_MALE":null,"GENERAL_TURNOUT_FEMALE":null,"GENERAL_TURNOUT_THIRD_GENDER":null,"RES_COLOR":null,"HORSE_RACE_COLOR":null,"GENDER_COLOR":null,"ID":26986}},{"type":"Feature","geometry":{"type":"Polygon","coordinates":[[[75.956,11.3503],[75.9603,11.3488],[75.9571,11.327],[75.9506,11.324],[75.9523,11.3145],[75.9601,11.312],[75.9666,11.2975],[75.9784,11.2882],[75.977,11.2678],[75.9685,11.265],[75.9582,11.2525],[75.9259,11.2459],[75.9175,11.2364],[75.9012,11.2427],[75.8971,11.2299],[75.8779,11.2233],[75.8697,11.2073],[75.8607,11.2048],[75.8577,11.2079],[75.8441,11.2083],[75.8326,11.196],[75.8396,11.2102],[75.8311,11.2057],[75.8226,11.2084],[75.8219,11.2237],[75.8097,11.2181],[75.8069,11.23],[75.8143,11.2259],[75.8237,11.2302],[75.8242,11.2437],[75.8298,11.2443],[75.8347,11.2537],[75.8555,11.2552],[75.8513,11.2705],[75.8638,11.275],[75.8655,11.285],[75.8728,11.2891],[75.867,11.289],[75.8559,11.3014],[75.8662,11.3153],[75.8758,11.3187],[75.878,11.3158],[75.8788,11.3204],[75.8734,11.3241],[75.875,11.3294],[75.8898,11.3324],[75.891,11.3365],[75.9071,11.3394],[75.9229,11.3334],[75.9278,11.3348],[75.9322,11.3463],[75.9397,11.3466],[75.9383,11.3425],[75.942,11.345],[75.9448,11.3419],[75.956,11.3503]]]},"properties":{"STATE":"KERALA","DISTRICT":"KOZHIKODE","AC":"AC","AC_NAME":"KUNNAMANGALAM","YEAR":2026.0,"RES":"GEN","ELECTORS":242379.0,"VOTERS":208949.0,"TURNOUT":86.21,"MARGIN":13313.0,"MARGIN_PERCENTAGE":6.37,"MARGIN_PERCENTAGE2":null,"MARGIN_PERCENTAGE3":null,"PARTY_RANK1":"IUML","PARTY_RANK2":"IND","PARTY_RANK3":"BJP","PARTY_RANK4":"IND","CANDIDATE_RANK1":"M.A. RAZAK MASTER","CANDIDATE_RANK2":"ADV. P T A RAHIM","CANDIDATE_RANK3":"ADV.V. K. SAJEEVAN","CANDIDATE_RANK4":"RAHIM S/O MUHAMMED KOYA","COLOR":"#228B22","VOTES_RANK1":91598.0,"VOTES_RANK1_PERCENTAGE":43.84,"VOTES_RANK2":78285.0,"VOTES_RANK2_PERCENTAGE":37.47,"VOTES_RANK3":34435.0,"VOTES_RANK3_PERCENTAGE":16.48,"VOTES_RANK4":2110.0,"VOTES_RANK4_PERCENTAGE":1.01,"CANDIDATE_RANK1_GENDER":null,"CANDIDATE_RANK2_GENDER":null,"CANDIDATE_RANK3_GENDER":null,"CANDIDATE_RANK4_GENDER":null,"HORSE_RACE":null,"GENERAL_ELECTORS_TOTAL":null,"GENERAL_ELECTORS_MALE":null,"GENERAL_ELECTORS_FEMALE":null,"GENERAL_ELECTORS_THIRD_GENDER":null,"GENERAL_VOTERS_TOTAL":null,"GENERAL_VOTERS_MALE":null,"GENERAL_VOTERS_FEMALE":null,"GENERAL_VOTERS_THIRD_GENDER":null,"GENERAL_TURNOUT_MALE":null,"GENERAL_TURNOUT_FEMALE":null,"GENERAL_TURNOUT_THIRD_GENDER":null,"RES_COLOR":null,"HORSE_RACE_COLOR":null,"GENDER_COLOR":null,"ID":26988}},{"type":"Feature","geometry":{"type":"Polygon","coordinates":[[[75.62,11.6534],[75.6243,11.6537],[75.6245,11.6596],[75.6317,11.6585],[75.6303,11.6657],[75.6272,11.6646],[75.6264,11.6826],[75.6431,11.6814],[75.6437,11.67],[75.6577,11.6668],[75.6582,11.6596],[75.6779,11.6668],[75.6862,11.6642],[75.6906,11.6759],[75.6831,11.6815],[75.7002,11.6834],[75.7067,11.6896],[75.7058,11.6944],[75.7213,11.6978],[75.7292,11.6952],[75.7199,11.6839],[75.7308,11.6836],[75.7361,11.6772],[75.7372,11.6707],[75.7326,11.6642],[75.7388,11.6628],[75.7393,11.6567],[75.7442,11.6546],[75.7501,11.6606],[75.755,11.6586],[75.7567,11.6511],[75.754,11.6389],[75.7401,11.6166],[75.7425,11.5945],[75.7027,11.6026],[75.6892,11.5746],[75.6731,11.5603],[75.6784,11.5536],[75.6749,11.5429],[75.6646,11.5316],[75.6476,11.5292],[75.6261,11.5393],[75.6194,11.5504],[75.6221,11.5603],[75.6148,11.5661],[75.6259,11.584],[75.6233,11.5861],[75.6218,11.5815],[75.6156,11.5803],[75.6118,11.5842],[75.6197,11.599],[75.6201,11.6113],[75.6079,11.6098],[75.6038,11.6163],[75.6246,11.6309],[75.6261,11.6368],[75.6231,11.6378],[75.6285,11.6473],[75.62,11.6534]]]},"properties":{"STATE":"KERALA","DISTRICT":"KOZHIKODE","AC":"AC","AC_NAME":"KUTTIADI","YEAR":2026.0,"RES":"GEN","ELECTORS":216244.0,"VOTERS":178106.0,"TURNOUT":82.36,"MARGIN":10922.0,"MARGIN_PERCENTAGE":6.13,"MARGIN_PERCENTAGE2":null,"MARGIN_PERCENTAGE3":null,"PARTY_RANK1":"IUML","PARTY_RANK2":"CPI(M)","PARTY_RANK3":"BJP","PARTY_RANK4":"NOTA","CANDIDATE_RANK1":"PARAKKAL ABDULLA","CANDIDATE_RANK2":"K. P. KUNHAMMEDKUTTY MASTER","CANDIDATE_RANK3":"RAMADAS MANALERI","CANDIDATE_RANK4":"NOTA","COLOR":"#228B22","VOTES_RANK1":88197.0,"VOTES_RANK1_PERCENTAGE":49.52,"VOTES_RANK2":77275.0,"VOTES_RANK2_PERCENTAGE":43.39,"VOTES_RANK3":12035.0,"VOTES_RANK3_PERCENTAGE":6.76,"VOTES_RANK4":390.0,"VOTES_RANK4_PERCENTAGE":0.22,"CANDIDATE_RANK1_GENDER":null,"CANDIDATE_RANK2_GENDER":null,"CANDIDATE_RANK3_GENDER":null,"CANDIDATE_RANK4_GENDER":null,"HORSE_RACE":null,"GENERAL_ELECTORS_TOTAL":null,"GENERAL_ELECTORS_MALE":null,"GENERAL_ELECTORS_FEMALE":null,"GENERAL_ELECTORS_THIRD_GENDER":null,"GENERAL_VOTERS_TOTAL":null,"GENERAL_VOTERS_MALE":null,"GENERAL_VOTERS_FEMALE":null,"GENERAL_VOTERS_THIRD_GENDER":null,"GENERAL_TURNOUT_MALE":null,"GENERAL_TURNOUT_FEMALE":null,"GENERAL_TURNOUT_THIRD_GENDER":null,"RES_COLOR":null,"HORSE_RACE_COLOR":null,"GENDER_COLOR":null,"ID":26994}},{"type":"Feature","geometry":{"type":"Polygon","coordinates":[[[75.7729,11.8027],[75.7938,11.7907],[75.7921,11.7788],[75.7874,11.7752],[75.7881,11.7653],[75.7831,11.7614],[75.7993,11.7535],[75.7984,11.7477],[75.791,11.7436],[75.8102,11.743],[75.8316,11.7207],[75.8457,11.7143],[75.8454,11.707],[75.8506,11.7029],[75.8726,11.7015],[75.8753,11.7045],[75.8825,11.699],[75.9003,11.6992],[75.9151,11.6907],[75.9027,11.6789],[75.843,11.6582],[75.8448,11.6542],[75.8258,11.6385],[75.8163,11.6404],[75.8072,11.6354],[75.8012,11.6239],[75.7849,11.6245],[75.7776,11.6396],[75.7567,11.6511],[75.755,11.6586],[75.7501,11.6606],[75.7442,11.6546],[75.7393,11.6567],[75.7388,11.6628],[75.7326,11.6642],[75.7372,11.6707],[75.7361,11.6772],[75.7308,11.6836],[75.7199,11.6839],[75.7292,11.6952],[75.7213,11.6978],[75.7058,11.6944],[75.7067,11.6896],[75.7002,11.6834],[75.6831,11.6815],[75.6906,11.6759],[75.6862,11.6642],[75.6779,11.6668],[75.6582,11.6596],[75.6577,11.6668],[75.6437,11.67],[75.6431,11.6814],[75.6264,11.6826],[75.6272,11.6646],[75.6303,11.6657],[75.6317,11.6585],[75.6245,11.6596],[75.6243,11.6537],[75.62,11.6534],[75.6061,11.6615],[75.6041,11.6735],[75.6082,11.6775],[75.6015,11.6801],[75.6006,11.6869],[75.6032,11.6932],[75.5922,11.6983],[75.593,11.7087],[75.5875,11.7126],[75.5952,11.7131],[75.6064,11.7227],[75.6072,11.7186],[75.6268,11.7379],[75.6353,11.7363],[75.6553,11.7564],[75.6661,11.7588],[75.6692,11.7708],[75.6857,11.7788],[75.6917,11.7998],[75.7168,11.7974],[75.7292,11.7809],[75.7378,11.7822],[75.7381,11.7877],[75.7492,11.7834],[75.7576,11.7892],[75.7457,11.7992],[75.75,11.8039],[75.7729,11.8027]]]},"properties":{"STATE":"KERALA","DISTRICT":"KOZHIKODE","AC":"AC","AC_NAME":"NADAPURAM","YEAR":2026.0,"RES":"GEN","ELECTORS":234036.0,"VOTERS":188712.0,"TURNOUT":80.63,"MARGIN":23600.0,"MARGIN_PERCENTAGE":12.51,"MARGIN_PERCENTAGE2":null,"MARGIN_PERCENTAGE3":null,"PARTY_RANK1":"INC","PARTY_RANK2":"CPI","PARTY_RANK3":"BJP","PARTY_RANK4":"IND","CANDIDATE_RANK1":"K.M. ABHIJITH","CANDIDATE_RANK2":"ADV.P. VASANTHAM","CANDIDATE_RANK3":"C.P. VIPIN CHANDRAN","CANDIDATE_RANK4":"VASANTHA","COLOR":"#00BFFF","VOTES_RANK1":99763.0,"VOTES_RANK1_PERCENTAGE":52.87,"VOTES_RANK2":76163.0,"VOTES_RANK2_PERCENTAGE":40.36,"VOTES_RANK3":11506.0,"VOTES_RANK3_PERCENTAGE":6.1,"VOTES_RANK4":314.0,"VOTES_RANK4_PERCENTAGE":0.17,"CANDIDATE_RANK1_GENDER":null,"CANDIDATE_RANK2_GENDER":null,"CANDIDATE_RANK3_GENDER":null,"CANDIDATE_RANK4_GENDER":null,"HORSE_RACE":null,"GENERAL_ELECTORS_TOTAL":null,"GENERAL_ELECTORS_MALE":null,"GENERAL_ELECTORS_FEMALE":null,"GENERAL_ELECTORS_THIRD_GENDER":null,"GENERAL_VOTERS_TOTAL":null,"GENERAL_VOTERS_MALE":null,"GENERAL_VOTERS_FEMALE":null,"GENERAL_VOTERS_THIRD_GENDER":null,"GENERAL_TURNOUT_MALE":null,"GENERAL_TURNOUT_FEMALE":null,"GENERAL_TURNOUT_THIRD_GENDER":null,"RES_COLOR":null,"HORSE_RACE_COLOR":null,"GENDER_COLOR":null,"ID":27006}},{"type":"Feature","geometry":{"type":"Polygon","coordinates":[[[75.9027,11.6789],[75.9002,11.6759],[75.9053,11.661],[75.8972,11.6429],[75.9012,11.617],[75.8912,11.6152],[75.8807,11.5874],[75.8842,11.5802],[75.8636,11.5547],[75.8516,11.5575],[75.8431,11.5515],[75.8397,11.5549],[75.839,11.5489],[75.8251,11.5522],[75.8213,11.5609],[75.8157,11.557],[75.7983,11.5569],[75.8038,11.5536],[75.7912,11.5451],[75.7842,11.5331],[75.7922,11.5308],[75.788,11.5263],[75.7921,11.5159],[75.7856,11.5183],[75.7783,11.5077],[75.7733,11.5079],[75.7696,11.5143],[75.7571,11.5151],[75.7523,11.5101],[75.7363,11.507],[75.7312,11.4993],[75.7364,11.4875],[75.7328,11.477],[75.742,11.4659],[75.7294,11.4458],[75.7247,11.4529],[75.7146,11.4554],[75.7132,11.4604],[75.6982,11.4681],[75.6988,11.4742],[75.6811,11.4873],[75.6681,11.5073],[75.6482,11.5142],[75.6476,11.5292],[75.6646,11.5316],[75.6749,11.5429],[75.6784,11.5536],[75.6731,11.5603],[75.6892,11.5746],[75.7027,11.6026],[75.7425,11.5945],[75.7401,11.6166],[75.754,11.6389],[75.7567,11.6511],[75.7776,11.6396],[75.7849,11.6245],[75.8012,11.6239],[75.8072,11.6354],[75.8163,11.6404],[75.8258,11.6385],[75.8448,11.6542],[75.843,11.6582],[75.9027,11.6789]]]},"properties":{"STATE":"KERALA","DISTRICT":"KOZHIKODE","AC":"AC","AC_NAME":"PERAMBRA","YEAR":2026.0,"RES":"GEN","ELECTORS":206700.0,"VOTERS":172086.0,"TURNOUT":83.25,"MARGIN":5087.0,"MARGIN_PERCENTAGE":2.96,"MARGIN_PERCENTAGE2":null,"MARGIN_PERCENTAGE3":null,"PARTY_RANK1":"IUML","PARTY_RANK2":"CPI(M)","PARTY_RANK3":"BJP","PARTY_RANK4":"NOTA","CANDIDATE_RANK1":"ADV. FATHIMA THAHILIYA","CANDIDATE_RANK2":"T. P. RAMAKRISHNAN","CANDIDATE_RANK3":"M. MOHANAN MASTER","CANDIDATE_RANK4":"NOTA","COLOR":"#228B22","VOTES_RANK1":81429.0,"VOTES_RANK1_PERCENTAGE":47.32,"VOTES_RANK2":76342.0,"VOTES_RANK2_PERCENTAGE":44.36,"VOTES_RANK3":13042.0,"VOTES_RANK3_PERCENTAGE":7.58,"VOTES_RANK4":507.0,"VOTES_RANK4_PERCENTAGE":0.29,"CANDIDATE_RANK1_GENDER":null,"CANDIDATE_RANK2_GENDER":null,"CANDIDATE_RANK3_GENDER":null,"CANDIDATE_RANK4_GENDER":null,"HORSE_RACE":null,"GENERAL_ELECTORS_TOTAL":null,"GENERAL_ELECTORS_MALE":null,"GENERAL_ELECTORS_FEMALE":null,"GENERAL_ELECTORS_THIRD_GENDER":null,"GENERAL_VOTERS_TOTAL":null,"GENERAL_VOTERS_MALE":null,"GENERAL_VOTERS_FEMALE":null,"GENERAL_VOTERS_THIRD_GENDER":null,"GENERAL_TURNOUT_MALE":null,"GENERAL_TURNOUT_FEMALE":null,"GENERAL_TURNOUT_THIRD_GENDER":null,"RES_COLOR":null,"HORSE_RACE_COLOR":null,"GENDER_COLOR":null,"ID":27023}},{"type":"Feature","geometry":{"type":"Polygon","coordinates":[[[75.6148,11.5661],[75.6221,11.5603],[75.6194,11.5504],[75.6261,11.5393],[75.6476,11.5292],[75.6482,11.5142],[75.6681,11.5073],[75.6811,11.4873],[75.6988,11.4742],[75.6982,11.4681],[75.7132,11.4604],[75.7146,11.4554],[75.7247,11.4529],[75.7294,11.4458],[75.7309,11.4322],[75.7507,11.4204],[75.7464,11.4152],[75.7511,11.4078],[75.7432,11.3761],[75.7472,11.3682],[75.7424,11.3555],[75.732,11.3562],[75.7157,11.3931],[75.6807,11.4509],[75.6753,11.4511],[75.6643,11.4626],[75.6475,11.4683],[75.634,11.4622],[75.6273,11.4734],[75.618,11.4774],[75.6186,11.4875],[75.5906,11.5618],[75.5927,11.5709],[75.6079,11.5637],[75.6148,11.5661]]]},"properties":{"STATE":"KERALA","DISTRICT":"KOZHIKODE","AC":"AC","AC_NAME":"QUILANDY","YEAR":2026.0,"RES":"GEN","ELECTORS":213866.0,"VOTERS":172425.0,"TURNOUT":80.62,"MARGIN":12070.0,"MARGIN_PERCENTAGE":7.0,"MARGIN_PERCENTAGE2":null,"MARGIN_PERCENTAGE3":null,"PARTY_RANK1":"INC","PARTY_RANK2":"CPI(M)","PARTY_RANK3":"BJP","PARTY_RANK4":"NOTA","CANDIDATE_RANK1":"ADV. K. PRAVEEN KUMAR","CANDIDATE_RANK2":"K. DASAN","CANDIDATE_RANK3":"PRAFUL KRISHNAN","CANDIDATE_RANK4":"NOTA","COLOR":"#00BFFF","VOTES_RANK1":79913.0,"VOTES_RANK1_PERCENTAGE":46.35,"VOTES_RANK2":67843.0,"VOTES_RANK2_PERCENTAGE":39.35,"VOTES_RANK3":23545.0,"VOTES_RANK3_PERCENTAGE":13.66,"VOTES_RANK4":442.0,"VOTES_RANK4_PERCENTAGE":0.26,"CANDIDATE_RANK1_GENDER":null,"CANDIDATE_RANK2_GENDER":null,"CANDIDATE_RANK3_GENDER":null,"CANDIDATE_RANK4_GENDER":null,"HORSE_RACE":null,"GENERAL_ELECTORS_TOTAL":null,"GENERAL_ELECTORS_MALE":null,"GENERAL_ELECTORS_FEMALE":null,"GENERAL_ELECTORS_THIRD_GENDER":null,"GENERAL_VOTERS_TOTAL":null,"GENERAL_VOTERS_MALE":null,"GENERAL_VOTERS_FEMALE":null,"GENERAL_VOTERS_THIRD_GENDER":null,"GENERAL_TURNOUT_MALE":null,"GENERAL_TURNOUT_FEMALE":null,"GENERAL_TURNOUT_THIRD_GENDER":null,"RES_COLOR":null,"HORSE_RACE_COLOR":null,"GENDER_COLOR":null,"ID":27033}},{"type":"Feature","geometry":{"type":"Polygon","coordinates":[[[75.9804,11.541],[76.0182,11.5145],[76.0322,11.5111],[76.0373,11.5028],[76.0452,11.5069],[76.0485,11.5038],[76.0562,11.506],[76.0759,11.5234],[76.0902,11.5111],[76.0931,11.4941],[76.0872,11.4876],[76.0924,11.4827],[76.1056,11.4827],[76.1114,11.4764],[76.1231,11.474],[76.1255,11.4672],[76.1429,11.4518],[76.1401,11.4397],[76.1462,11.4292],[76.1423,11.42],[76.1312,11.4272],[76.118,11.4087],[76.1057,11.4103],[76.1064,11.4026],[76.0996,11.396],[76.0976,11.3835],[76.1023,11.3687],[76.0959,11.3631],[76.0926,11.3517],[76.1001,11.3417],[76.1165,11.3376],[76.1191,11.323],[76.1139,11.3146],[76.0855,11.3089],[76.069,11.2939],[76.0724,11.2866],[76.0611,11.2822],[76.0493,11.2674],[76.0137,11.2681],[76.009,11.2597],[75.9958,11.2544],[75.977,11.2678],[75.9784,11.2882],[75.9666,11.2975],[75.9601,11.312],[75.9523,11.3145],[75.9506,11.324],[75.9571,11.327],[75.9603,11.3488],[75.9659,11.3521],[75.9594,11.3543],[75.962,11.3604],[75.9751,11.3633],[75.9725,11.3759],[75.9786,11.3741],[75.9912,11.3798],[75.9835,11.3865],[75.9852,11.3956],[75.9928,11.4005],[75.99,11.4074],[75.9967,11.4139],[75.9878,11.4296],[75.9927,11.4321],[75.9964,11.4275],[76.0018,11.4339],[76.0001,11.442],[75.9828,11.4512],[75.9775,11.4469],[75.9723,11.427],[75.958,11.4327],[75.9574,11.437],[75.9383,11.4454],[75.938,11.4508],[75.9284,11.4529],[75.9322,11.4629],[75.9232,11.4737],[75.9478,11.4853],[75.9477,11.4922],[75.9804,11.541]]]},"properties":{"STATE":"KERALA","DISTRICT":"KOZHIKODE","AC":"AC","AC_NAME":"THIRUVAMBADY","YEAR":2026.0,"RES":"GEN","ELECTORS":192188.0,"VOTERS":156680.0,"TURNOUT":81.52,"MARGIN":6741.0,"MARGIN_PERCENTAGE":4.3,"MARGIN_PERCENTAGE2":null,"MARGIN_PERCENTAGE3":null,"PARTY_RANK1":"IUML","PARTY_RANK2":"CPI(M)","PARTY_RANK3":"TTPty","PARTY_RANK4":"AAAP","CANDIDATE_RANK1":"C K KASIM","CANDIDATE_RANK2":"LINTO JOSEPH","CANDIDATE_RANK3":"SUNNY THOMAS","CANDIDATE_RANK4":"SUNNY V JOSEPH","COLOR":"#228B22","VOTES_RANK1":77140.0,"VOTES_RANK1_PERCENTAGE":49.23,"VOTES_RANK2":70399.0,"VOTES_RANK2_PERCENTAGE":44.93,"VOTES_RANK3":7380.0,"VOTES_RANK3_PERCENTAGE":4.71,"VOTES_RANK4":812.0,"VOTES_RANK4_PERCENTAGE":0.52,"CANDIDATE_RANK1_GENDER":null,"CANDIDATE_RANK2_GENDER":null,"CANDIDATE_RANK3_GENDER":null,"CANDIDATE_RANK4_GENDER":null,"HORSE_RACE":null,"GENERAL_ELECTORS_TOTAL":null,"GENERAL_ELECTORS_MALE":null,"GENERAL_ELECTORS_FEMALE":null,"GENERAL_ELECTORS_THIRD_GENDER":null,"GENERAL_VOTERS_TOTAL":null,"GENERAL_VOTERS_MALE":null,"GENERAL_VOTERS_FEMALE":null,"GENERAL_VOTERS_THIRD_GENDER":null,"GENERAL_TURNOUT_MALE":null,"GENERAL_TURNOUT_FEMALE":null,"GENERAL_TURNOUT_THIRD_GENDER":null,"RES_COLOR":null,"HORSE_RACE_COLOR":null,"GENDER_COLOR":null,"ID":27043}},{"type":"Feature","geometry":{"type":"Polygon","coordinates":[[[75.5443,11.7046],[75.5532,11.7031],[75.5637,11.6938],[75.5619,11.6815],[75.5695,11.675],[75.5875,11.6875],[75.6006,11.6869],[75.6015,11.6801],[75.6082,11.6775],[75.6041,11.6735],[75.6061,11.6615],[75.62,11.6534],[75.6285,11.6473],[75.6231,11.6378],[75.6261,11.6368],[75.6246,11.6309],[75.6038,11.6163],[75.6079,11.6098],[75.6201,11.6113],[75.6197,11.599],[75.6118,11.5842],[75.6156,11.5803],[75.6218,11.5815],[75.6233,11.5861],[75.6259,11.584],[75.6148,11.5661],[75.6079,11.5637],[75.5927,11.5709],[75.5906,11.5618],[75.5669,11.6294],[75.5366,11.6939],[75.542,11.6987],[75.5443,11.7046]]]},"properties":{"STATE":"KERALA","DISTRICT":"KOZHIKODE","AC":"AC","AC_NAME":"VADAKARA","YEAR":2026.0,"RES":"GEN","ELECTORS":177103.0,"VOTERS":143179.0,"TURNOUT":80.85,"MARGIN":14862.0,"MARGIN_PERCENTAGE":10.38,"MARGIN_PERCENTAGE2":null,"MARGIN_PERCENTAGE3":null,"PARTY_RANK1":"RMPI","PARTY_RANK2":"RJD","PARTY_RANK3":"BJP","PARTY_RANK4":"SDPI","CANDIDATE_RANK1":"K K REMA","CANDIDATE_RANK2":"M K BHASKARAN","CANDIDATE_RANK3":"ADV. K DILEEP","CANDIDATE_RANK4":"SHAMSEER CHOMBALA","COLOR":"#FF0003","VOTES_RANK1":70117.0,"VOTES_RANK1_PERCENTAGE":48.97,"VOTES_RANK2":55255.0,"VOTES_RANK2_PERCENTAGE":38.59,"VOTES_RANK3":14295.0,"VOTES_RANK3_PERCENTAGE":9.98,"VOTES_RANK4":2477.0,"VOTES_RANK4_PERCENTAGE":1.73,"CANDIDATE_RANK1_GENDER":null,"CANDIDATE_RANK2_GENDER":null,"CANDIDATE_RANK3_GENDER":null,"CANDIDATE_RANK4_GENDER":null,"HORSE_RACE":null,"GENERAL_ELECTORS_TOTAL":null,"GENERAL_ELECTORS_MALE":null,"GENERAL_ELECTORS_FEMALE":null,"GENERAL_ELECTORS_THIRD_GENDER":null,"GENERAL_VOTERS_TOTAL":null,"GENERAL_VOTERS_MALE":null,"GENERAL_VOTERS_FEMALE":null,"GENERAL_VOTERS_THIRD_GENDER":null,"GENERAL_TURNOUT_MALE":null,"GENERAL_TURNOUT_FEMALE":null,"GENERAL_TURNOUT_THIRD_GENDER":null,"RES_COLOR":null,"HORSE_RACE_COLOR":null,"GENDER_COLOR":null,"ID":27055}},{"type":"Feature","geometry":{"type":"Polygon","coordinates":[[[76.1165,11.3376],[76.115,11.344],[76.1197,11.3443],[76.123,11.3654],[76.1331,11.3689],[76.1323,11.3778],[76.1406,11.3852],[76.1465,11.3862],[76.1637,11.369],[76.1809,11.3718],[76.1928,11.3589],[76.2036,11.355],[76.2065,11.346],[76.2002,11.3429],[76.1954,11.3257],[76.1892,11.3235],[76.2013,11.3095],[76.1965,11.3044],[76.2028,11.301],[76.2016,11.2893],[76.1955,11.2782],[76.209,11.2767],[76.2029,11.2664],[76.1869,11.2574],[76.1843,11.2721],[76.1783,11.2757],[76.1602,11.2742],[76.1544,11.2646],[76.144,11.2685],[76.1398,11.2646],[76.1472,11.2418],[76.1518,11.2418],[76.157,11.2308],[76.1668,11.2358],[76.1777,11.2261],[76.1728,11.2129],[76.161,11.2094],[76.1543,11.1837],[76.1385,11.1798],[76.1188,11.1947],[76.1107,11.1858],[76.1021,11.1841],[76.0999,11.1915],[76.0954,11.1922],[76.0906,11.1895],[76.0939,11.1805],[76.0881,11.1777],[76.0979,11.1646],[76.0817,11.1611],[76.0643,11.1709],[76.0607,11.1666],[76.0493,11.1746],[76.052,11.179],[76.0436,11.1801],[76.0456,11.185],[76.04,11.1884],[76.0372,11.1728],[76.032,11.1677],[76.0207,11.1736],[76.0169,11.1588],[76.0092,11.1615],[76.0002,11.1589],[76.0001,11.1557],[75.9914,11.1588],[75.9879,11.1513],[75.9744,11.1573],[75.9785,11.1611],[75.9775,11.1714],[75.9807,11.1721],[75.9766,11.187],[75.9977,11.1809],[75.9982,11.1953],[76.0109,11.1921],[76.0113,11.1961],[76.0188,11.1966],[76.0218,11.2062],[76.0174,11.2114],[76.0249,11.2208],[76.0103,11.2282],[76.0195,11.2368],[76.001,11.2474],[75.9939,11.2422],[75.9958,11.2544],[76.009,11.2597],[76.0137,11.2681],[76.0493,11.2674],[76.0611,11.2822],[76.0724,11.2866],[76.069,11.2939],[76.0855,11.3089],[76.1139,11.3146],[76.1191,11.323],[76.1165,11.3376]]]},"properties":{"STATE":"KERALA","DISTRICT":"MALAPPURAM","AC":"AC","AC_NAME":"ERANAD","YEAR":2026.0,"RES":"GEN","ELECTORS":199718.0,"VOTERS":168681.0,"TURNOUT":84.46,"MARGIN":41289.0,"MARGIN_PERCENTAGE":24.48,"MARGIN_PERCENTAGE2":null,"MARGIN_PERCENTAGE3":null,"PARTY_RANK1":"IUML","PARTY_RANK2":"CPI","PARTY_RANK3":"BJP","PARTY_RANK4":"SDPI","CANDIDATE_RANK1":"P.K.BASHEER","CANDIDATE_RANK2":"ADV.SHAFEER KIZHISSERI","CANDIDATE_RANK3":"ADV.N.SREEPRAKASH","CANDIDATE_RANK4":"CHEMMALA YOOSUF ALI","COLOR":"#228B22","VOTES_RANK1":98547.0,"VOTES_RANK1_PERCENTAGE":58.42,"VOTES_RANK2":57258.0,"VOTES_RANK2_PERCENTAGE":33.94,"VOTES_RANK3":8728.0,"VOTES_RANK3_PERCENTAGE":5.17,"VOTES_RANK4":2530.0,"VOTES_RANK4_PERCENTAGE":1.5,"CANDIDATE_RANK1_GENDER":null,"CANDIDATE_RANK2_GENDER":null,"CANDIDATE_RANK3_GENDER":null,"CANDIDATE_RANK4_GENDER":null,"HORSE_RACE":null,"GENERAL_ELECTORS_TOTAL":null,"GENERAL_ELECTORS_MALE":null,"GENERAL_ELECTORS_FEMALE":null,"GENERAL_ELECTORS_THIRD_GENDER":null,"GENERAL_VOTERS_TOTAL":null,"GENERAL_VOTERS_MALE":null,"GENERAL_VOTERS_FEMALE":null,"GENERAL_VOTERS_THIRD_GENDER":null,"GENERAL_TURNOUT_MALE":null,"GENERAL_TURNOUT_FEMALE":null,"GENERAL_TURNOUT_THIRD_GENDER":null,"RES_COLOR":null,"HORSE_RACE_COLOR":null,"GENDER_COLOR":null,"ID":26951}},{"type":"Feature","geometry":{"type":"Polygon","coordinates":[[[75.9958,11.2544],[75.9939,11.2422],[76.001,11.2474],[76.0195,11.2368],[76.0103,11.2282],[76.0249,11.2208],[76.0174,11.2114],[76.0218,11.2062],[76.0188,11.1966],[76.0113,11.1961],[76.0109,11.1921],[75.9982,11.1953],[75.9977,11.1809],[75.9766,11.187],[75.9807,11.1721],[75.9775,11.1714],[75.9785,11.1611],[75.9744,11.1573],[75.9879,11.1513],[76.0077,11.1366],[76.006,11.1311],[76.01,11.1274],[76.0042,11.1177],[76.0124,11.1033],[76.0078,11.098],[75.9925,11.1096],[75.9702,11.1139],[75.9631,11.1179],[75.9655,11.1336],[75.9513,11.1372],[75.9396,11.1593],[75.9339,11.159],[75.9302,11.1517],[75.9328,11.1489],[75.9234,11.1442],[75.9219,11.1525],[75.9177,11.1512],[75.9032,11.1722],[75.8947,11.1728],[75.8882,11.1787],[75.8844,11.1851],[75.8766,11.1824],[75.8747,11.1867],[75.8615,11.1894],[75.857,11.1944],[75.8604,11.1974],[75.8557,11.2019],[75.8577,11.2079],[75.8607,11.2048],[75.8697,11.2073],[75.8779,11.2233],[75.8971,11.2299],[75.9012,11.2427],[75.9175,11.2364],[75.9259,11.2459],[75.9582,11.2525],[75.9685,11.265],[75.977,11.2678],[75.9958,11.2544]]]},"properties":{"STATE":"KERALA","DISTRICT":"MALAPPURAM","AC":"AC","AC_NAME":"KONDOTTY","YEAR":2026.0,"RES":"GEN","ELECTORS":229514.0,"VOTERS":191625.0,"TURNOUT":83.49,"MARGIN":56017.0,"MARGIN_PERCENTAGE":29.23,"MARGIN_PERCENTAGE2":null,"MARGIN_PERCENTAGE3":null,"PARTY_RANK1":"IUML","PARTY_RANK2":"CPI(M)","PARTY_RANK3":"BJP","PARTY_RANK4":"SDPI","CANDIDATE_RANK1":"T.P. ASHRAFALI","CANDIDATE_RANK2":"DR. P. JIJI","CANDIDATE_RANK3":"P. SUBRAHMANNIAN","CANDIDATE_RANK4":"ABDUL KHADAR BICHAVA","COLOR":"#228B22","VOTES_RANK1":114997.0,"VOTES_RANK1_PERCENTAGE":60.01,"VOTES_RANK2":58980.0,"VOTES_RANK2_PERCENTAGE":30.78,"VOTES_RANK3":13994.0,"VOTES_RANK3_PERCENTAGE":7.3,"VOTES_RANK4":2231.0,"VOTES_RANK4_PERCENTAGE":1.16,"CANDIDATE_RANK1_GENDER":null,"CANDIDATE_RANK2_GENDER":null,"CANDIDATE_RANK3_GENDER":null,"CANDIDATE_RANK4_GENDER":null,"HORSE_RACE":null,"GENERAL_ELECTORS_TOTAL":null,"GENERAL_ELECTORS_MALE":null,"GENERAL_ELECTORS_FEMALE":null,"GENERAL_ELECTORS_THIRD_GENDER":null,"GENERAL_VOTERS_TOTAL":null,"GENERAL_VOTERS_MALE":null,"GENERAL_VOTERS_FEMALE":null,"GENERAL_VOTERS_THIRD_GENDER":null,"GENERAL_TURNOUT_MALE":null,"GENERAL_TURNOUT_FEMALE":null,"GENERAL_TURNOUT_THIRD_GENDER":null,"RES_COLOR":null,"HORSE_RACE_COLOR":null,"GENDER_COLOR":null,"ID":26977}},{"type":"Feature","geometry":{"type":"Polygon","coordinates":[[[76.0917,10.9986],[76.0844,10.9753],[76.0713,10.9677],[76.0682,10.9589],[76.0846,10.9558],[76.1032,10.9407],[76.1176,10.9432],[76.1211,10.9388],[76.1196,10.928],[76.115,10.927],[76.1174,10.9065],[76.1247,10.8974],[76.1317,10.8966],[76.1312,10.8789],[76.1153,10.8818],[76.1124,10.8667],[76.1033,10.8714],[76.1029,10.8597],[76.1026,10.8463],[76.096,10.8411],[76.069,10.8379],[76.0446,10.8485],[76.0323,10.8315],[76.0237,10.837],[76.0195,10.8562],[76.006,10.8635],[75.995,10.8624],[75.9964,10.8705],[75.9881,10.8733],[75.998,10.883],[76.0143,10.8888],[76.0306,10.8801],[76.0403,10.882],[76.0427,10.8877],[76.0391,10.8921],[76.0441,10.8944],[76.038,10.9066],[76.0414,10.9272],[76.0256,10.9296],[76.0228,10.9425],[76.0044,10.9481],[76.0078,10.9698],[76.0109,10.9698],[76.0038,10.978],[75.9972,10.9796],[75.987,11.0016],[75.997,11.003],[75.999,11.0078],[76.0084,11.0052],[76.0226,10.9931],[76.0224,10.9993],[76.0302,11.0068],[76.0381,11.0032],[76.0377,11.0084],[76.0313,11.0092],[76.036,11.017],[76.0293,11.0223],[76.0371,11.0391],[76.0414,11.0402],[76.0471,11.0357],[76.0464,11.0292],[76.0529,11.0231],[76.0567,11.015],[76.0545,11.01],[76.0623,10.999],[76.0917,10.9986]]]},"properties":{"STATE":"KERALA","DISTRICT":"MALAPPURAM","AC":"AC","AC_NAME":"KOTTAKKAL","YEAR":2026.0,"RES":"GEN","ELECTORS":243058.0,"VOTERS":191211.0,"TURNOUT":78.67,"MARGIN":62638.0,"MARGIN_PERCENTAGE":32.76,"MARGIN_PERCENTAGE2":null,"MARGIN_PERCENTAGE3":null,"PARTY_RANK1":"IUML","PARTY_RANK2":"CPI(M)","PARTY_RANK3":"BDJS","PARTY_RANK4":"SDPI","CANDIDATE_RANK1":"PROF. ABID HUSSAIN THANGAL","CANDIDATE_RANK2":"PREETHI KONCHATH","CANDIDATE_RANK3":"SUBRAMANNIAN C","CANDIDATE_RANK4":"ADV. ABDUL MAJEED","COLOR":"#228B22","VOTES_RANK1":118111.0,"VOTES_RANK1_PERCENTAGE":61.77,"VOTES_RANK2":55473.0,"VOTES_RANK2_PERCENTAGE":29.01,"VOTES_RANK3":10558.0,"VOTES_RANK3_PERCENTAGE":5.52,"VOTES_RANK4":4557.0,"VOTES_RANK4_PERCENTAGE":2.38,"CANDIDATE_RANK1_GENDER":null,"CANDIDATE_RANK2_GENDER":null,"CANDIDATE_RANK3_GENDER":null,"CANDIDATE_RANK4_GENDER":null,"HORSE_RACE":null,"GENERAL_ELECTORS_TOTAL":null,"GENERAL_ELECTORS_MALE":null,"GENERAL_ELECTORS_FEMALE":null,"GENERAL_ELECTORS_THIRD_GENDER":null,"GENERAL_VOTERS_TOTAL":null,"GENERAL_VOTERS_MALE":null,"GENERAL_VOTERS_FEMALE":null,"GENERAL_VOTERS_THIRD_GENDER":null,"GENERAL_TURNOUT_MALE":null,"GENERAL_TURNOUT_FEMALE":null,"GENERAL_TURNOUT_THIRD_GENDER":null,"RES_COLOR":null,"HORSE_RACE_COLOR":null,"GENDER_COLOR":null,"ID":26981}},{"type":"Feature","geometry":{"type":"Polygon","coordinates":[[[76.0979,11.1646],[76.1056,11.1618],[76.1031,11.1546],[76.1002,11.1564],[76.0935,11.1459],[76.0858,11.1448],[76.0891,11.14],[76.0838,11.1314],[76.0779,11.1316],[76.074,11.1234],[76.068,11.1216],[76.0662,11.1161],[76.0752,11.1023],[76.078,11.1002],[76.0862,11.1153],[76.0937,11.109],[76.0977,11.111],[76.1082,11.0916],[76.1113,11.0961],[76.1336,11.0953],[76.1331,11.099],[76.1448,11.0967],[76.148,11.0894],[76.1665,11.0962],[76.1808,11.0898],[76.1886,11.1009],[76.1899,11.0911],[76.2006,11.0933],[76.2061,11.077],[76.198,11.0684],[76.1935,11.0707],[76.1948,11.0587],[76.1834,11.0503],[76.1742,11.0498],[76.1631,11.0633],[76.1482,11.0675],[76.1395,11.0759],[76.129,11.0757],[76.1228,11.0826],[76.1268,11.0733],[76.1177,11.0621],[76.1159,11.0698],[76.1089,11.0661],[76.1041,11.0739],[76.1042,11.0691],[76.094,11.0656],[76.1009,11.0557],[76.0943,11.0463],[76.0962,11.0374],[76.1024,11.0314],[76.0984,11.0297],[76.0917,10.9986],[76.0623,10.999],[76.0545,11.01],[76.0567,11.015],[76.0529,11.0231],[76.0464,11.0292],[76.0471,11.0357],[76.0414,11.0402],[76.0456,11.0443],[76.0364,11.0459],[76.0346,11.05],[76.0402,11.0552],[76.0341,11.0594],[76.044,11.0841],[76.0269,11.088],[76.0124,11.1033],[76.0042,11.1177],[76.01,11.1274],[76.006,11.1311],[76.0077,11.1366],[75.9879,11.1513],[75.9914,11.1588],[76.0001,11.1557],[76.0002,11.1589],[76.0092,11.1615],[76.0169,11.1588],[76.0207,11.1736],[76.032,11.1677],[76.0372,11.1728],[76.04,11.1884],[76.0456,11.185],[76.0436,11.1801],[76.052,11.179],[76.0493,11.1746],[76.0607,11.1666],[76.0643,11.1709],[76.0817,11.1611],[76.0979,11.1646]]]},"properties":{"STATE":"KERALA","DISTRICT":"MALAPPURAM","AC":"AC","AC_NAME":"MALAPPURAM","YEAR":2026.0,"RES":"GEN","ELECTORS":238172.0,"VOTERS":196885.0,"TURNOUT":82.67,"MARGIN":85327.0,"MARGIN_PERCENTAGE":43.34,"MARGIN_PERCENTAGE2":null,"MARGIN_PERCENTAGE3":null,"PARTY_RANK1":"IUML","PARTY_RANK2":"NCPSP","PARTY_RANK3":"BJP","PARTY_RANK4":"SDPI","CANDIDATE_RANK1":"P.K KUNHALIKUTTY","CANDIDATE_RANK2":"K.T. MUJEEB RAHMAN","CANDIDATE_RANK3":"ASWATHI GUPTHAKUMAR","CANDIDATE_RANK4":"ADV.SADIK NADUTHODI","COLOR":"#228B22","VOTES_RANK1":131632.0,"VOTES_RANK1_PERCENTAGE":66.86,"VOTES_RANK2":46305.0,"VOTES_RANK2_PERCENTAGE":23.52,"VOTES_RANK3":9127.0,"VOTES_RANK3_PERCENTAGE":4.64,"VOTES_RANK4":5124.0,"VOTES_RANK4_PERCENTAGE":2.6,"CANDIDATE_RANK1_GENDER":null,"CANDIDATE_RANK2_GENDER":null,"CANDIDATE_RANK3_GENDER":null,"CANDIDATE_RANK4_GENDER":null,"HORSE_RACE":null,"GENERAL_ELECTORS_TOTAL":null,"GENERAL_ELECTORS_MALE":null,"GENERAL_ELECTORS_FEMALE":null,"GENERAL_ELECTORS_THIRD_GENDER":null,"GENERAL_VOTERS_TOTAL":null,"GENERAL_VOTERS_MALE":null,"GENERAL_VOTERS_FEMALE":null,"GENERAL_VOTERS_THIRD_GENDER":null,"GENERAL_TURNOUT_MALE":null,"GENERAL_TURNOUT_FEMALE":null,"GENERAL_TURNOUT_THIRD_GENDER":null,"RES_COLOR":null,"HORSE_RACE_COLOR":null,"GENDER_COLOR":null,"ID":26996}},{"type":"Feature","geometry":{"type":"Polygon","coordinates":[[[76.1543,11.1837],[76.1602,11.1707],[76.1684,11.1818],[76.1815,11.1905],[76.188,11.1903],[76.19,11.1824],[76.204,11.1752],[76.1957,11.1562],[76.1972,11.1375],[76.2199,11.1384],[76.227,11.135],[76.2491,11.1504],[76.2697,11.1575],[76.2689,11.1423],[76.2778,11.1437],[76.2822,11.1401],[76.2785,11.1244],[76.2738,11.1233],[76.2784,11.1088],[76.2747,11.1036],[76.2771,11.0919],[76.2808,11.0913],[76.2822,11.0959],[76.2942,11.0953],[76.3105,11.0762],[76.3215,11.0929],[76.339,11.0935],[76.3463,11.0887],[76.3396,11.0779],[76.3293,11.074],[76.3346,11.0612],[76.3265,11.0513],[76.3115,11.0509],[76.3082,11.0473],[76.2949,11.0505],[76.2884,11.0538],[76.2789,11.0512],[76.276,11.0568],[76.2627,11.0587],[76.251,11.037],[76.2455,11.038],[76.2454,11.0306],[76.2501,11.0268],[76.2435,11.0143],[76.2318,11.02],[76.2234,11.0119],[76.2078,11.0224],[76.2117,11.0352],[76.1834,11.0503],[76.1948,11.0587],[76.1935,11.0707],[76.198,11.0684],[76.2061,11.077],[76.2006,11.0933],[76.1899,11.0911],[76.1886,11.1009],[76.1808,11.0898],[76.1665,11.0962],[76.148,11.0894],[76.1448,11.0967],[76.1331,11.099],[76.1336,11.0953],[76.1113,11.0961],[76.1082,11.0916],[76.0977,11.111],[76.0937,11.109],[76.0862,11.1153],[76.078,11.1002],[76.0752,11.1023],[76.0662,11.1161],[76.068,11.1216],[76.074,11.1234],[76.0779,11.1316],[76.0838,11.1314],[76.0891,11.14],[76.0858,11.1448],[76.0935,11.1459],[76.1002,11.1564],[76.1031,11.1546],[76.1056,11.1618],[76.0979,11.1646],[76.0881,11.1777],[76.0939,11.1805],[76.0906,11.1895],[76.0954,11.1922],[76.0999,11.1915],[76.1021,11.1841],[76.1107,11.1858],[76.1188,11.1947],[76.1385,11.1798],[76.1543,11.1837]]]},"properties":{"STATE":"KERALA","DISTRICT":"MALAPPURAM","AC":"AC","AC_NAME":"MANJERI","YEAR":2026.0,"RES":"GEN","ELECTORS":227863.0,"VOTERS":190019.0,"TURNOUT":83.39,"MARGIN":57887.0,"MARGIN_PERCENTAGE":30.46,"MARGIN_PERCENTAGE2":null,"MARGIN_PERCENTAGE3":null,"PARTY_RANK1":"IUML","PARTY_RANK2":"IND","PARTY_RANK3":"BJP","PARTY_RANK4":"NOTA","CANDIDATE_RANK1":"ADV. M. RAHMATHULLA","CANDIDATE_RANK2":"V.M. MUSTHAFA","CANDIDATE_RANK3":"PADMASREE AJITH","CANDIDATE_RANK4":"NOTA","COLOR":"#228B22","VOTES_RANK1":113622.0,"VOTES_RANK1_PERCENTAGE":59.8,"VOTES_RANK2":55735.0,"VOTES_RANK2_PERCENTAGE":29.33,"VOTES_RANK3":13423.0,"VOTES_RANK3_PERCENTAGE":7.06,"VOTES_RANK4":3319.0,"VOTES_RANK4_PERCENTAGE":1.75,"CANDIDATE_RANK1_GENDER":null,"CANDIDATE_RANK2_GENDER":null,"CANDIDATE_RANK3_GENDER":null,"CANDIDATE_RANK4_GENDER":null,"HORSE_RACE":null,"GENERAL_ELECTORS_TOTAL":null,"GENERAL_ELECTORS_MALE":null,"GENERAL_ELECTORS_FEMALE":null,"GENERAL_ELECTORS_THIRD_GENDER":null,"GENERAL_VOTERS_TOTAL":null,"GENERAL_VOTERS_MALE":null,"GENERAL_VOTERS_FEMALE":null,"GENERAL_VOTERS_THIRD_GENDER":null,"GENERAL_TURNOUT_MALE":null,"GENERAL_TURNOUT_FEMALE":null,"GENERAL_TURNOUT_THIRD_GENDER":null,"RES_COLOR":null,"HORSE_RACE_COLOR":null,"GENDER_COLOR":null,"ID":26999}},{"type":"Feature","geometry":{"type":"Polygon","coordinates":[[[76.2234,11.0119],[76.2293,11.0005],[76.2149,10.9938],[76.2096,10.9846],[76.2153,10.9819],[76.2129,10.9728],[76.2075,10.9715],[76.2111,10.9642],[76.2033,10.9481],[76.1934,10.9458],[76.168,10.9566],[76.1647,10.9638],[76.1524,10.9641],[76.1524,10.9444],[76.1607,10.9368],[76.149,10.9292],[76.1616,10.9122],[76.1508,10.8903],[76.1317,10.8966],[76.1247,10.8974],[76.1174,10.9065],[76.115,10.927],[76.1196,10.928],[76.1211,10.9388],[76.1176,10.9432],[76.1032,10.9407],[76.0846,10.9558],[76.0682,10.9589],[76.0713,10.9677],[76.0844,10.9753],[76.0917,10.9986],[76.0984,11.0297],[76.1024,11.0314],[76.0962,11.0374],[76.0943,11.0463],[76.1009,11.0557],[76.094,11.0656],[76.1042,11.0691],[76.1041,11.0739],[76.1089,11.0661],[76.1159,11.0698],[76.1177,11.0621],[76.1268,11.0733],[76.1228,11.0826],[76.129,11.0757],[76.1395,11.0759],[76.1482,11.0675],[76.1631,11.0633],[76.1742,11.0498],[76.1834,11.0503],[76.2117,11.0352],[76.2078,11.0224],[76.2234,11.0119]]]},"properties":{"STATE":"KERALA","DISTRICT":"MALAPPURAM","AC":"AC","AC_NAME":"MANKADA","YEAR":2026.0,"RES":"GEN","ELECTORS":230944.0,"VOTERS":187686.0,"TURNOUT":81.27,"MARGIN":45609.0,"MARGIN_PERCENTAGE":24.3,"MARGIN_PERCENTAGE2":null,"MARGIN_PERCENTAGE3":null,"PARTY_RANK1":"IUML","PARTY_RANK2":"IND","PARTY_RANK3":"BJP","PARTY_RANK4":"NOTA","CANDIDATE_RANK1":"MANJALAMKUZHI ALI","CANDIDATE_RANK2":"KUNNATH MOHAMED S/O ALI HAJI","CANDIDATE_RANK3":"LEJOY MASH","CANDIDATE_RANK4":"NOTA","COLOR":"#228B22","VOTES_RANK1":110692.0,"VOTES_RANK1_PERCENTAGE":58.98,"VOTES_RANK2":65083.0,"VOTES_RANK2_PERCENTAGE":34.68,"VOTES_RANK3":9933.0,"VOTES_RANK3_PERCENTAGE":5.29,"VOTES_RANK4":1315.0,"VOTES_RANK4_PERCENTAGE":0.7,"CANDIDATE_RANK1_GENDER":null,"CANDIDATE_RANK2_GENDER":null,"CANDIDATE_RANK3_GENDER":null,"CANDIDATE_RANK4_GENDER":null,"HORSE_RACE":null,"GENERAL_ELECTORS_TOTAL":null,"GENERAL_ELECTORS_MALE":null,"GENERAL_ELECTORS_FEMALE":null,"GENERAL_ELECTORS_THIRD_GENDER":null,"GENERAL_VOTERS_TOTAL":null,"GENERAL_VOTERS_MALE":null,"GENERAL_VOTERS_FEMALE":null,"GENERAL_VOTERS_THIRD_GENDER":null,"GENERAL_TURNOUT_MALE":null,"GENERAL_TURNOUT_FEMALE":null,"GENERAL_TURNOUT_THIRD_GENDER":null,"RES_COLOR":null,"HORSE_RACE_COLOR":null,"GENDER_COLOR":null,"ID":27001}},{"type":"Feature","geometry":{"type":"Polygon","coordinates":[[[76.2378,11.5275],[76.2482,11.5167],[76.2507,11.5028],[76.2474,11.4683],[76.2644,11.4809],[76.2756,11.4769],[76.2845,11.4829],[76.2943,11.473],[76.2904,11.4697],[76.2937,11.4657],[76.3053,11.468],[76.3256,11.4534],[76.3422,11.4678],[76.3712,11.4544],[76.3979,11.4349],[76.4189,11.4418],[76.4153,11.4225],[76.462,11.3875],[76.5172,11.3695],[76.5095,11.3554],[76.5475,11.3594],[76.5497,11.3316],[76.537,11.3146],[76.539,11.3049],[76.5455,11.3011],[76.526,11.2884],[76.5219,11.272],[76.4532,11.2395],[76.45,11.2129],[76.3823,11.2364],[76.3598,11.2405],[76.3568,11.2379],[76.3519,11.2435],[76.3243,11.2356],[76.3202,11.243],[76.3127,11.2418],[76.3087,11.2333],[76.2989,11.2327],[76.2943,11.2265],[76.2706,11.215],[76.261,11.2341],[76.2346,11.2343],[76.2331,11.2535],[76.2154,11.2557],[76.2152,11.266],[76.2116,11.2603],[76.2029,11.2664],[76.209,11.2767],[76.1955,11.2782],[76.2016,11.2893],[76.2028,11.301],[76.1965,11.3044],[76.2013,11.3095],[76.1892,11.3235],[76.1954,11.3257],[76.2002,11.3429],[76.2065,11.346],[76.2036,11.355],[76.1928,11.3589],[76.1809,11.3718],[76.1637,11.369],[76.1465,11.3862],[76.1406,11.3852],[76.1323,11.3778],[76.1331,11.3689],[76.123,11.3654],[76.1197,11.3443],[76.115,11.344],[76.1165,11.3376],[76.1001,11.3417],[76.0926,11.3517],[76.0959,11.3631],[76.1023,11.3687],[76.0976,11.3835],[76.0996,11.396],[76.1064,11.4026],[76.1057,11.4103],[76.118,11.4087],[76.1312,11.4272],[76.1423,11.42],[76.1462,11.4292],[76.1401,11.4397],[76.1429,11.4518],[76.1643,11.4584],[76.1698,11.4661],[76.1861,11.4737],[76.1871,11.4789],[76.1819,11.4842],[76.1916,11.4987],[76.2001,11.5069],[76.2242,11.5098],[76.2294,11.524],[76.2339,11.5288],[76.2378,11.5275]]]},"properties":{"STATE":"KERALA","DISTRICT":"MALAPPURAM","AC":"AC","AC_NAME":"NILAMBUR","YEAR":2026.0,"RES":"GEN","ELECTORS":236900.0,"VOTERS":189595.0,"TURNOUT":80.03,"MARGIN":54851.0,"MARGIN_PERCENTAGE":28.93,"MARGIN_PERCENTAGE2":null,"MARGIN_PERCENTAGE3":null,"PARTY_RANK1":"INC","PARTY_RANK2":"IND","PARTY_RANK3":"BDJS","PARTY_RANK4":"NOTA","CANDIDATE_RANK1":"ARYADAN SHOUKATH","CANDIDATE_RANK2":"U SHARAFALI","CANDIDATE_RANK3":"GIRISH MEKKATTU","CANDIDATE_RANK4":"NOTA","COLOR":"#00BFFF","VOTES_RANK1":113586.0,"VOTES_RANK1_PERCENTAGE":59.91,"VOTES_RANK2":58735.0,"VOTES_RANK2_PERCENTAGE":30.98,"VOTES_RANK3":12660.0,"VOTES_RANK3_PERCENTAGE":6.68,"VOTES_RANK4":2672.0,"VOTES_RANK4_PERCENTAGE":1.41,"CANDIDATE_RANK1_GENDER":null,"CANDIDATE_RANK2_GENDER":null,"CANDIDATE_RANK3_GENDER":null,"CANDIDATE_RANK4_GENDER":null,"HORSE_RACE":null,"GENERAL_ELECTORS_TOTAL":null,"GENERAL_ELECTORS_MALE":null,"GENERAL_ELECTORS_FEMALE":null,"GENERAL_ELECTORS_THIRD_GENDER":null,"GENERAL_VOTERS_TOTAL":null,"GENERAL_VOTERS_MALE":null,"GENERAL_VOTERS_FEMALE":null,"GENERAL_VOTERS_THIRD_GENDER":null,"GENERAL_TURNOUT_MALE":null,"GENERAL_TURNOUT_FEMALE":null,"GENERAL_TURNOUT_THIRD_GENDER":null,"RES_COLOR":null,"HORSE_RACE_COLOR":null,"GENDER_COLOR":null,"ID":27012}},{"type":"Feature","geometry":{"type":"Polygon","coordinates":[[[76.2949,11.0505],[76.2927,11.0407],[76.2842,11.0354],[76.2892,11.0329],[76.2843,11.0244],[76.2884,11.0215],[76.2984,11.0283],[76.3174,11.0295],[76.3281,11.0243],[76.3239,11.0124],[76.3255,11.0036],[76.3511,10.996],[76.3523,10.9998],[76.371,10.9972],[76.3632,10.9757],[76.3284,10.9799],[76.3285,10.965],[76.3206,10.9512],[76.321,10.9359],[76.3333,10.9228],[76.3352,10.9061],[76.3223,10.9055],[76.3203,10.9116],[76.3049,10.9122],[76.2959,10.9204],[76.2851,10.9133],[76.2689,10.9155],[76.2535,10.8876],[76.2305,10.8868],[76.2154,10.9149],[76.2044,10.8978],[76.1881,10.899],[76.1887,10.9102],[76.1743,10.9058],[76.1706,10.9151],[76.1616,10.9122],[76.149,10.9292],[76.1607,10.9368],[76.1524,10.9444],[76.1524,10.9641],[76.1647,10.9638],[76.168,10.9566],[76.1934,10.9458],[76.2033,10.9481],[76.2111,10.9642],[76.2075,10.9715],[76.2129,10.9728],[76.2153,10.9819],[76.2096,10.9846],[76.2149,10.9938],[76.2293,11.0005],[76.2234,11.0119],[76.2318,11.02],[76.2435,11.0143],[76.2501,11.0268],[76.2454,11.0306],[76.2455,11.038],[76.251,11.037],[76.2627,11.0587],[76.276,11.0568],[76.2789,11.0512],[76.2884,11.0538],[76.2949,11.0505]]]},"properties":{"STATE":"KERALA","DISTRICT":"MALAPPURAM","AC":"AC","AC_NAME":"PERINTHALMANNA","YEAR":2026.0,"RES":"GEN","ELECTORS":229669.0,"VOTERS":186088.0,"TURNOUT":81.02,"MARGIN":32431.0,"MARGIN_PERCENTAGE":17.43,"MARGIN_PERCENTAGE2":null,"MARGIN_PERCENTAGE3":null,"PARTY_RANK1":"IUML","PARTY_RANK2":"CPI(M)","PARTY_RANK3":"BJP","PARTY_RANK4":"NOTA","CANDIDATE_RANK1":"NAJEEB KANTHAPURAM","CANDIDATE_RANK2":"V.P MOHAMMED HANEEFA","CANDIDATE_RANK3":"ADV. K.P BABURAJ","CANDIDATE_RANK4":"NOTA","COLOR":"#228B22","VOTES_RANK1":104888.0,"VOTES_RANK1_PERCENTAGE":56.36,"VOTES_RANK2":72457.0,"VOTES_RANK2_PERCENTAGE":38.94,"VOTES_RANK3":7240.0,"VOTES_RANK3_PERCENTAGE":3.89,"VOTES_RANK4":664.0,"VOTES_RANK4_PERCENTAGE":0.36,"CANDIDATE_RANK1_GENDER":null,"CANDIDATE_RANK2_GENDER":null,"CANDIDATE_RANK3_GENDER":null,"CANDIDATE_RANK4_GENDER":null,"HORSE_RACE":null,"GENERAL_ELECTORS_TOTAL":null,"GENERAL_ELECTORS_MALE":null,"GENERAL_ELECTORS_FEMALE":null,"GENERAL_ELECTORS_THIRD_GENDER":null,"GENERAL_VOTERS_TOTAL":null,"GENERAL_VOTERS_MALE":null,"GENERAL_VOTERS_FEMALE":null,"GENERAL_VOTERS_THIRD_GENDER":null,"GENERAL_TURNOUT_MALE":null,"GENERAL_TURNOUT_FEMALE":null,"GENERAL_TURNOUT_THIRD_GENDER":null,"RES_COLOR":null,"HORSE_RACE_COLOR":null,"GENDER_COLOR":null,"ID":27025}},{"type":"Feature","geometry":{"type":"Polygon","coordinates":[[[75.9584,10.8141],[75.9646,10.8141],[75.9627,10.8103],[75.9685,10.8072],[75.9657,10.8052],[75.9736,10.8011],[75.9702,10.7996],[75.9702,10.7856],[75.981,10.7567],[75.9888,10.7532],[75.9876,10.739],[75.9916,10.7335],[76.0018,10.7377],[76.0167,10.7535],[76.009,10.7617],[76.0102,10.7661],[76.0202,10.7622],[76.0272,10.768],[76.0392,10.7673],[76.0398,10.7555],[76.0476,10.7508],[76.0466,10.7425],[76.0543,10.74],[76.0638,10.7437],[76.0694,10.7376],[76.0693,10.7304],[76.0658,10.7291],[76.0671,10.7234],[76.0593,10.7276],[76.0612,10.7199],[76.0518,10.7045],[76.0371,10.7074],[76.0344,10.7008],[76.0071,10.6897],[76.0009,10.6949],[75.9829,10.6873],[75.9774,10.6965],[75.9769,10.6923],[75.9671,10.6946],[75.9566,10.6866],[75.9129,10.786],[75.9336,10.7949],[75.9584,10.8141]]]},"properties":{"STATE":"KERALA","DISTRICT":"MALAPPURAM","AC":"AC","AC_NAME":"PONNANI","YEAR":2026.0,"RES":"GEN","ELECTORS":216585.0,"VOTERS":161973.0,"TURNOUT":74.78,"MARGIN":13267.0,"MARGIN_PERCENTAGE":8.19,"MARGIN_PERCENTAGE2":null,"MARGIN_PERCENTAGE3":null,"PARTY_RANK1":"INC","PARTY_RANK2":"CPI(M)","PARTY_RANK3":"BDJS","PARTY_RANK4":"SDPI","CANDIDATE_RANK1":"K.P NOUSHAD ALI","CANDIDATE_RANK2":"ADV.M.K SAKKEER","CANDIDATE_RANK3":"MANEESH JANAKEEYAM","CANDIDATE_RANK4":"ANWAR PAZHANJI","COLOR":"#00BFFF","VOTES_RANK1":80674.0,"VOTES_RANK1_PERCENTAGE":49.81,"VOTES_RANK2":67407.0,"VOTES_RANK2_PERCENTAGE":41.62,"VOTES_RANK3":10210.0,"VOTES_RANK3_PERCENTAGE":6.3,"VOTES_RANK4":1971.0,"VOTES_RANK4_PERCENTAGE":1.22,"CANDIDATE_RANK1_GENDER":null,"CANDIDATE_RANK2_GENDER":null,"CANDIDATE_RANK3_GENDER":null,"CANDIDATE_RANK4_GENDER":null,"HORSE_RACE":null,"GENERAL_ELECTORS_TOTAL":null,"GENERAL_ELECTORS_MALE":null,"GENERAL_ELECTORS_FEMALE":null,"GENERAL_ELECTORS_THIRD_GENDER":null,"GENERAL_VOTERS_TOTAL":null,"GENERAL_VOTERS_MALE":null,"GENERAL_VOTERS_FEMALE":null,"GENERAL_VOTERS_THIRD_GENDER":null,"GENERAL_TURNOUT_MALE":null,"GENERAL_TURNOUT_FEMALE":null,"GENERAL_TURNOUT_THIRD_GENDER":null,"RES_COLOR":null,"HORSE_RACE_COLOR":null,"GENDER_COLOR":null,"ID":27028}},{"type":"Feature","geometry":{"type":"Polygon","coordinates":[[[75.8626,11.0184],[75.8894,11.0223],[75.8901,11.0087],[75.9005,10.993],[75.9011,10.9832],[75.9066,10.981],[75.926,10.9985],[75.9372,10.9877],[75.9495,10.9892],[75.9474,10.9787],[75.958,10.9769],[75.9632,10.9613],[75.9641,10.9401],[75.9579,10.9342],[75.9689,10.9184],[75.9546,10.9093],[75.9388,10.9201],[75.9371,10.9313],[75.9245,10.9453],[75.9235,10.9397],[75.9133,10.939],[75.9066,10.9265],[75.906,10.9132],[75.9016,10.9133],[75.8982,10.9062],[75.8839,10.9127],[75.8582,11.0186],[75.8607,11.0214],[75.8626,11.0184]]]},"properties":{"STATE":"KERALA","DISTRICT":"MALAPPURAM","AC":"AC","AC_NAME":"TANUR","YEAR":2026.0,"RES":"GEN","ELECTORS":214141.0,"VOTERS":172324.0,"TURNOUT":80.47,"MARGIN":27131.0,"MARGIN_PERCENTAGE":15.74,"MARGIN_PERCENTAGE2":null,"MARGIN_PERCENTAGE3":null,"PARTY_RANK1":"IUML","PARTY_RANK2":"IND","PARTY_RANK3":"BJP","PARTY_RANK4":"NOTA","CANDIDATE_RANK1":"P K NAVAS","CANDIDATE_RANK2":"MOHAMED SAMEER T THIRUTHIYIL HOUSE","CANDIDATE_RANK3":"DEEPA PUZHAKKAL","CANDIDATE_RANK4":"NOTA","COLOR":"#228B22","VOTES_RANK1":91992.0,"VOTES_RANK1_PERCENTAGE":53.38,"VOTES_RANK2":64861.0,"VOTES_RANK2_PERCENTAGE":37.64,"VOTES_RANK3":13642.0,"VOTES_RANK3_PERCENTAGE":7.92,"VOTES_RANK4":589.0,"VOTES_RANK4_PERCENTAGE":0.34,"CANDIDATE_RANK1_GENDER":null,"CANDIDATE_RANK2_GENDER":null,"CANDIDATE_RANK3_GENDER":null,"CANDIDATE_RANK4_GENDER":null,"HORSE_RACE":null,"GENERAL_ELECTORS_TOTAL":null,"GENERAL_ELECTORS_MALE":null,"GENERAL_ELECTORS_FEMALE":null,"GENERAL_ELECTORS_THIRD_GENDER":null,"GENERAL_VOTERS_TOTAL":null,"GENERAL_VOTERS_MALE":null,"GENERAL_VOTERS_FEMALE":null,"GENERAL_VOTERS_THIRD_GENDER":null,"GENERAL_TURNOUT_MALE":null,"GENERAL_TURNOUT_FEMALE":null,"GENERAL_TURNOUT_THIRD_GENDER":null,"RES_COLOR":null,"HORSE_RACE_COLOR":null,"GENDER_COLOR":null,"ID":27038}},{"type":"Feature","geometry":{"type":"Polygon","coordinates":[[[75.9446,10.8783],[75.9426,10.876],[75.9478,10.8805],[75.9569,10.8724],[75.9604,10.8587],[75.9662,10.8623],[75.9698,10.8539],[75.995,10.8624],[76.006,10.8635],[76.0195,10.8562],[76.0237,10.837],[76.0323,10.8315],[76.0339,10.8273],[76.0271,10.822],[76.0367,10.8155],[76.0349,10.8083],[76.046,10.8033],[76.0456,10.7998],[76.0499,10.8007],[76.0426,10.7953],[76.0392,10.7673],[76.0272,10.768],[76.0202,10.7622],[76.0102,10.7661],[76.009,10.7617],[76.0167,10.7535],[76.0018,10.7377],[75.9916,10.7335],[75.9876,10.739],[75.9888,10.7532],[75.981,10.7567],[75.9702,10.7856],[75.9702,10.7996],[75.9736,10.8011],[75.9657,10.8052],[75.9685,10.8072],[75.9627,10.8103],[75.9646,10.8141],[75.9584,10.8141],[75.9336,10.7949],[75.9129,10.786],[75.8938,10.8676],[75.9005,10.871],[75.9033,10.8553],[75.9119,10.8543],[75.9218,10.8638],[75.9189,10.8713],[75.9273,10.8748],[75.9384,10.8724],[75.9392,10.8793],[75.9446,10.8783]]]},"properties":{"STATE":"KERALA","DISTRICT":"MALAPPURAM","AC":"AC","AC_NAME":"THAVANUR","YEAR":2026.0,"RES":"GEN","ELECTORS":208823.0,"VOTERS":163886.0,"TURNOUT":78.48,"MARGIN":14647.0,"MARGIN_PERCENTAGE":8.94,"MARGIN_PERCENTAGE2":null,"MARGIN_PERCENTAGE3":null,"PARTY_RANK1":"INC","PARTY_RANK2":"IND","PARTY_RANK3":"BJP","PARTY_RANK4":"SDPI","CANDIDATE_RANK1":"ADV. V S JOY","CANDIDATE_RANK2":"DR. K T JALEEL","CANDIDATE_RANK3":"RAVI THELATH","CANDIDATE_RANK4":"ABDUL JALEEL S/O KADHEEJA","COLOR":"#00BFFF","VOTES_RANK1":79661.0,"VOTES_RANK1_PERCENTAGE":48.61,"VOTES_RANK2":65014.0,"VOTES_RANK2_PERCENTAGE":39.67,"VOTES_RANK3":16039.0,"VOTES_RANK3_PERCENTAGE":9.79,"VOTES_RANK4":2021.0,"VOTES_RANK4_PERCENTAGE":1.23,"CANDIDATE_RANK1_GENDER":null,"CANDIDATE_RANK2_GENDER":null,"CANDIDATE_RANK3_GENDER":null,"CANDIDATE_RANK4_GENDER":null,"HORSE_RACE":null,"GENERAL_ELECTORS_TOTAL":null,"GENERAL_ELECTORS_MALE":null,"GENERAL_ELECTORS_FEMALE":null,"GENERAL_ELECTORS_THIRD_GENDER":null,"GENERAL_VOTERS_TOTAL":null,"GENERAL_VOTERS_MALE":null,"GENERAL_VOTERS_FEMALE":null,"GENERAL_VOTERS_THIRD_GENDER":null,"GENERAL_TURNOUT_MALE":null,"GENERAL_TURNOUT_FEMALE":null,"GENERAL_TURNOUT_THIRD_GENDER":null,"RES_COLOR":null,"HORSE_RACE_COLOR":null,"GENDER_COLOR":null,"ID":27041}},{"type":"Feature","geometry":{"type":"Polygon","coordinates":[[[76.0078,10.9698],[76.0044,10.9481],[76.0228,10.9425],[76.0256,10.9296],[76.0414,10.9272],[76.038,10.9066],[76.0441,10.8944],[76.0391,10.8921],[76.0427,10.8877],[76.0403,10.882],[76.0306,10.8801],[76.0143,10.8888],[75.998,10.883],[75.9881,10.8733],[75.9964,10.8705],[75.995,10.8624],[75.9698,10.8539],[75.9662,10.8623],[75.9604,10.8587],[75.9569,10.8724],[75.9478,10.8805],[75.9426,10.876],[75.9446,10.8783],[75.9392,10.8793],[75.9384,10.8724],[75.9273,10.8748],[75.9189,10.8713],[75.9218,10.8638],[75.9119,10.8543],[75.9033,10.8553],[75.9005,10.871],[75.8938,10.8676],[75.8839,10.9127],[75.8982,10.9062],[75.9016,10.9133],[75.906,10.9132],[75.9066,10.9265],[75.9133,10.939],[75.9235,10.9397],[75.9245,10.9453],[75.9371,10.9313],[75.9388,10.9201],[75.9546,10.9093],[75.9689,10.9184],[75.9579,10.9342],[75.9641,10.9401],[75.9632,10.9613],[75.9775,10.9602],[75.9816,10.971],[76.0078,10.9698]]]},"properties":{"STATE":"KERALA","DISTRICT":"MALAPPURAM","AC":"AC","AC_NAME":"TIRUR","YEAR":2026.0,"RES":"GEN","ELECTORS":255486.0,"VOTERS":198509.0,"TURNOUT":77.7,"MARGIN":24137.0,"MARGIN_PERCENTAGE":12.16,"MARGIN_PERCENTAGE2":null,"MARGIN_PERCENTAGE3":null,"PARTY_RANK1":"IUML","PARTY_RANK2":"CPI(M)","PARTY_RANK3":"BJP","PARTY_RANK4":"NOTA","CANDIDATE_RANK1":"KURUKKOLI MOIDEEN","CANDIDATE_RANK2":"V.ABDURAHIMAN","CANDIDATE_RANK3":"K.NARAYANAN MASTER","CANDIDATE_RANK4":"NOTA","COLOR":"#228B22","VOTES_RANK1":106108.0,"VOTES_RANK1_PERCENTAGE":53.45,"VOTES_RANK2":81971.0,"VOTES_RANK2_PERCENTAGE":41.29,"VOTES_RANK3":8634.0,"VOTES_RANK3_PERCENTAGE":4.35,"VOTES_RANK4":608.0,"VOTES_RANK4_PERCENTAGE":0.31,"CANDIDATE_RANK1_GENDER":null,"CANDIDATE_RANK2_GENDER":null,"CANDIDATE_RANK3_GENDER":null,"CANDIDATE_RANK4_GENDER":null,"HORSE_RACE":null,"GENERAL_ELECTORS_TOTAL":null,"GENERAL_ELECTORS_MALE":null,"GENERAL_ELECTORS_FEMALE":null,"GENERAL_ELECTORS_THIRD_GENDER":null,"GENERAL_VOTERS_TOTAL":null,"GENERAL_VOTERS_MALE":null,"GENERAL_VOTERS_FEMALE":null,"GENERAL_VOTERS_THIRD_GENDER":null,"GENERAL_TURNOUT_MALE":null,"GENERAL_TURNOUT_FEMALE":null,"GENERAL_TURNOUT_THIRD_GENDER":null,"RES_COLOR":null,"HORSE_RACE_COLOR":null,"GENDER_COLOR":null,"ID":27050}},{"type":"Feature","geometry":{"type":"Polygon","coordinates":[[[75.8568,11.0835],[75.8634,11.0838],[75.8748,11.0742],[75.8771,11.0658],[75.8845,11.0661],[75.8768,11.0592],[75.8804,11.0524],[75.8735,11.043],[75.8749,11.0389],[75.886,11.05],[75.9079,11.0523],[75.9188,11.0447],[75.9222,11.0452],[75.9222,11.0542],[75.929,11.046],[75.9402,11.0426],[75.9437,11.0455],[75.941,11.036],[75.9546,11.025],[75.9637,11.0336],[75.9761,11.0256],[75.9822,11.0046],[75.987,11.0016],[75.9972,10.9796],[76.0038,10.978],[76.0109,10.9698],[76.0078,10.9698],[75.9816,10.971],[75.9775,10.9602],[75.9632,10.9613],[75.958,10.9769],[75.9474,10.9787],[75.9495,10.9892],[75.9372,10.9877],[75.926,10.9985],[75.9066,10.981],[75.9011,10.9832],[75.9005,10.993],[75.8901,11.0087],[75.8894,11.0223],[75.8626,11.0184],[75.8607,11.0214],[75.8582,11.0186],[75.8413,11.0825],[75.8467,11.0784],[75.8568,11.0835]]]},"properties":{"STATE":"KERALA","DISTRICT":"MALAPPURAM","AC":"AC","AC_NAME":"TIRURANGADI","YEAR":2026.0,"RES":"GEN","ELECTORS":222868.0,"VOTERS":176214.0,"TURNOUT":79.07,"MARGIN":63387.0,"MARGIN_PERCENTAGE":35.97,"MARGIN_PERCENTAGE2":null,"MARGIN_PERCENTAGE3":null,"PARTY_RANK1":"IUML","PARTY_RANK2":"CPI","PARTY_RANK3":"BJP","PARTY_RANK4":"SDPI","CANDIDATE_RANK1":"P M A SAMEER","CANDIDATE_RANK2":"AJITH KOLADI","CANDIDATE_RANK3":"RIJU C RAGHAV","CANDIDATE_RANK4":"HAMEED V","COLOR":"#228B22","VOTES_RANK1":111869.0,"VOTES_RANK1_PERCENTAGE":63.48,"VOTES_RANK2":48482.0,"VOTES_RANK2_PERCENTAGE":27.51,"VOTES_RANK3":11497.0,"VOTES_RANK3_PERCENTAGE":6.52,"VOTES_RANK4":2650.0,"VOTES_RANK4_PERCENTAGE":1.5,"CANDIDATE_RANK1_GENDER":null,"CANDIDATE_RANK2_GENDER":null,"CANDIDATE_RANK3_GENDER":null,"CANDIDATE_RANK4_GENDER":null,"HORSE_RACE":null,"GENERAL_ELECTORS_TOTAL":null,"GENERAL_ELECTORS_MALE":null,"GENERAL_ELECTORS_FEMALE":null,"GENERAL_ELECTORS_THIRD_GENDER":null,"GENERAL_VOTERS_TOTAL":null,"GENERAL_VOTERS_MALE":null,"GENERAL_VOTERS_FEMALE":null,"GENERAL_VOTERS_THIRD_GENDER":null,"GENERAL_TURNOUT_MALE":null,"GENERAL_TURNOUT_FEMALE":null,"GENERAL_TURNOUT_THIRD_GENDER":null,"RES_COLOR":null,"HORSE_RACE_COLOR":null,"GENDER_COLOR":null,"ID":27051}},{"type":"Feature","geometry":{"type":"Polygon","coordinates":[[[75.8882,11.1787],[75.8947,11.1728],[75.9032,11.1722],[75.9177,11.1512],[75.9219,11.1525],[75.9234,11.1442],[75.9328,11.1489],[75.9302,11.1517],[75.9339,11.159],[75.9396,11.1593],[75.9513,11.1372],[75.9655,11.1336],[75.9631,11.1179],[75.9508,11.1007],[75.9518,11.0892],[75.9351,11.0812],[75.9267,11.0827],[75.9206,11.0774],[75.9155,11.0823],[75.9103,11.0804],[75.9039,11.0685],[75.9135,11.065],[75.9162,11.053],[75.9079,11.0523],[75.886,11.05],[75.8749,11.0389],[75.8735,11.043],[75.8804,11.0524],[75.8768,11.0592],[75.8845,11.0661],[75.8771,11.0658],[75.8748,11.0742],[75.8634,11.0838],[75.8568,11.0835],[75.8467,11.0784],[75.8413,11.0825],[75.8261,11.1245],[75.8485,11.1428],[75.8612,11.1369],[75.8524,11.1544],[75.8592,11.1582],[75.865,11.1717],[75.8702,11.1726],[75.8759,11.1643],[75.8819,11.1722],[75.887,11.1709],[75.8882,11.1787]]]},"properties":{"STATE":"KERALA","DISTRICT":"MALAPPURAM","AC":"AC","AC_NAME":"VALLIKKUNNU","YEAR":2026.0,"RES":"GEN","ELECTORS":221186.0,"VOTERS":181022.0,"TURNOUT":81.84,"MARGIN":51289.0,"MARGIN_PERCENTAGE":28.33,"MARGIN_PERCENTAGE2":null,"MARGIN_PERCENTAGE3":null,"PARTY_RANK1":"IUML","PARTY_RANK2":"IND","PARTY_RANK3":"BJP","PARTY_RANK4":"IND","CANDIDATE_RANK1":"T V IBRAHIM","CANDIDATE_RANK2":"ADV. MUSTHAFA","CANDIDATE_RANK3":"PREMKUMAR (PREMAN MASTER)","CANDIDATE_RANK4":"MUHAMED MUSTHAFA PAMANGADAN","COLOR":"#228B22","VOTES_RANK1":100718.0,"VOTES_RANK1_PERCENTAGE":55.64,"VOTES_RANK2":49429.0,"VOTES_RANK2_PERCENTAGE":27.31,"VOTES_RANK3":23283.0,"VOTES_RANK3_PERCENTAGE":12.86,"VOTES_RANK4":3698.0,"VOTES_RANK4_PERCENTAGE":2.04,"CANDIDATE_RANK1_GENDER":null,"CANDIDATE_RANK2_GENDER":null,"CANDIDATE_RANK3_GENDER":null,"CANDIDATE_RANK4_GENDER":null,"HORSE_RACE":null,"GENERAL_ELECTORS_TOTAL":null,"GENERAL_ELECTORS_MALE":null,"GENERAL_ELECTORS_FEMALE":null,"GENERAL_ELECTORS_THIRD_GENDER":null,"GENERAL_VOTERS_TOTAL":null,"GENERAL_VOTERS_MALE":null,"GENERAL_VOTERS_FEMALE":null,"GENERAL_VOTERS_THIRD_GENDER":null,"GENERAL_TURNOUT_MALE":null,"GENERAL_TURNOUT_FEMALE":null,"GENERAL_TURNOUT_THIRD_GENDER":null,"RES_COLOR":null,"HORSE_RACE_COLOR":null,"GENDER_COLOR":null,"ID":27057}},{"type":"Feature","geometry":{"type":"Polygon","coordinates":[[[75.9702,11.1139],[75.9925,11.1096],[76.0078,11.098],[76.0124,11.1033],[76.0269,11.088],[76.044,11.0841],[76.0341,11.0594],[76.0402,11.0552],[76.0346,11.05],[76.0364,11.0459],[76.0456,11.0443],[76.0414,11.0402],[76.0371,11.0391],[76.0293,11.0223],[76.036,11.017],[76.0313,11.0092],[76.0377,11.0084],[76.0381,11.0032],[76.0302,11.0068],[76.0224,10.9993],[76.0226,10.9931],[76.0084,11.0052],[75.999,11.0078],[75.997,11.003],[75.987,11.0016],[75.9822,11.0046],[75.9761,11.0256],[75.9637,11.0336],[75.9546,11.025],[75.941,11.036],[75.9437,11.0455],[75.9402,11.0426],[75.929,11.046],[75.9222,11.0542],[75.9222,11.0452],[75.9188,11.0447],[75.9079,11.0523],[75.9162,11.053],[75.9135,11.065],[75.9039,11.0685],[75.9103,11.0804],[75.9155,11.0823],[75.9206,11.0774],[75.9267,11.0827],[75.9351,11.0812],[75.9518,11.0892],[75.9508,11.1007],[75.9631,11.1179],[75.9702,11.1139]]]},"properties":{"STATE":"KERALA","DISTRICT":"MALAPPURAM","AC":"AC","AC_NAME":"VENGARA","YEAR":2026.0,"RES":"GEN","ELECTORS":211659.0,"VOTERS":170289.0,"TURNOUT":80.45,"MARGIN":30325.0,"MARGIN_PERCENTAGE":17.81,"MARGIN_PERCENTAGE2":null,"MARGIN_PERCENTAGE3":null,"PARTY_RANK1":"IUML","PARTY_RANK2":"IND","PARTY_RANK3":"BJP","PARTY_RANK4":"NOTA","CANDIDATE_RANK1":"K.M. SHAJI","CANDIDATE_RANK2":"SABAH KUNDUPUZHAKKAL","CANDIDATE_RANK3":"JAYAKRISHNAN. V.N","CANDIDATE_RANK4":"NOTA","COLOR":"#228B22","VOTES_RANK1":95863.0,"VOTES_RANK1_PERCENTAGE":56.29,"VOTES_RANK2":65538.0,"VOTES_RANK2_PERCENTAGE":38.49,"VOTES_RANK3":6126.0,"VOTES_RANK3_PERCENTAGE":3.6,"VOTES_RANK4":1171.0,"VOTES_RANK4_PERCENTAGE":0.69,"CANDIDATE_RANK1_GENDER":null,"CANDIDATE_RANK2_GENDER":null,"CANDIDATE_RANK3_GENDER":null,"CANDIDATE_RANK4_GENDER":null,"HORSE_RACE":null,"GENERAL_ELECTORS_TOTAL":null,"GENERAL_ELECTORS_MALE":null,"GENERAL_ELECTORS_FEMALE":null,"GENERAL_ELECTORS_THIRD_GENDER":null,"GENERAL_VOTERS_TOTAL":null,"GENERAL_VOTERS_MALE":null,"GENERAL_VOTERS_FEMALE":null,"GENERAL_VOTERS_THIRD_GENDER":null,"GENERAL_TURNOUT_MALE":null,"GENERAL_TURNOUT_FEMALE":null,"GENERAL_TURNOUT_THIRD_GENDER":null,"RES_COLOR":null,"HORSE_RACE_COLOR":null,"GENDER_COLOR":null,"ID":27061}},{"type":"Feature","geometry":{"type":"Polygon","coordinates":[[[76.45,11.2129],[76.4491,11.2055],[76.4426,11.2039],[76.4103,11.2067],[76.4057,11.1844],[76.4155,11.1718],[76.4116,11.1546],[76.4168,11.1421],[76.4121,11.1158],[76.3983,11.1121],[76.3911,11.1034],[76.3754,11.0971],[76.3605,11.0981],[76.3463,11.0887],[76.339,11.0935],[76.3215,11.0929],[76.3105,11.0762],[76.2942,11.0953],[76.2822,11.0959],[76.2808,11.0913],[76.2771,11.0919],[76.2747,11.1036],[76.2784,11.1088],[76.2738,11.1233],[76.2785,11.1244],[76.2822,11.1401],[76.2778,11.1437],[76.2689,11.1423],[76.2697,11.1575],[76.2491,11.1504],[76.227,11.135],[76.2199,11.1384],[76.1972,11.1375],[76.1957,11.1562],[76.204,11.1752],[76.19,11.1824],[76.188,11.1903],[76.1815,11.1905],[76.1684,11.1818],[76.1602,11.1707],[76.1543,11.1837],[76.161,11.2094],[76.1728,11.2129],[76.1777,11.2261],[76.1668,11.2358],[76.157,11.2308],[76.1518,11.2418],[76.1472,11.2418],[76.1398,11.2646],[76.144,11.2685],[76.1544,11.2646],[76.1602,11.2742],[76.1783,11.2757],[76.1843,11.2721],[76.1869,11.2574],[76.2029,11.2664],[76.2116,11.2603],[76.2152,11.266],[76.2154,11.2557],[76.2331,11.2535],[76.2346,11.2343],[76.261,11.2341],[76.2706,11.215],[76.2943,11.2265],[76.2989,11.2327],[76.3087,11.2333],[76.3127,11.2418],[76.3202,11.243],[76.3243,11.2356],[76.3519,11.2435],[76.3568,11.2379],[76.3598,11.2405],[76.3823,11.2364],[76.45,11.2129]]]},"properties":{"STATE":"KERALA","DISTRICT":"MALAPPURAM","AC":"AC","AC_NAME":"WANDOOR","YEAR":2026.0,"RES":"SC","ELECTORS":247455.0,"VOTERS":203168.0,"TURNOUT":82.1,"MARGIN":47939.0,"MARGIN_PERCENTAGE":23.6,"MARGIN_PERCENTAGE2":null,"MARGIN_PERCENTAGE3":null,"PARTY_RANK1":"INC","PARTY_RANK2":"CPI(M)","PARTY_RANK3":"IND","PARTY_RANK4":"NOTA","CANDIDATE_RANK1":"A.P ANILKUMAR","CANDIDATE_RANK2":"DR.K.K DAMODARAN","CANDIDATE_RANK3":"KUMARADAS","CANDIDATE_RANK4":"NOTA","COLOR":"#00BFFF","VOTES_RANK1":121074.0,"VOTES_RANK1_PERCENTAGE":59.59,"VOTES_RANK2":73135.0,"VOTES_RANK2_PERCENTAGE":36.0,"VOTES_RANK3":6018.0,"VOTES_RANK3_PERCENTAGE":2.96,"VOTES_RANK4":1674.0,"VOTES_RANK4_PERCENTAGE":0.82,"CANDIDATE_RANK1_GENDER":null,"CANDIDATE_RANK2_GENDER":null,"CANDIDATE_RANK3_GENDER":null,"CANDIDATE_RANK4_GENDER":null,"HORSE_RACE":null,"GENERAL_ELECTORS_TOTAL":null,"GENERAL_ELECTORS_MALE":null,"GENERAL_ELECTORS_FEMALE":null,"GENERAL_ELECTORS_THIRD_GENDER":null,"GENERAL_VOTERS_TOTAL":null,"GENERAL_VOTERS_MALE":null,"GENERAL_VOTERS_FEMALE":null,"GENERAL_VOTERS_THIRD_GENDER":null,"GENERAL_TURNOUT_MALE":null,"GENERAL_TURNOUT_FEMALE":null,"GENERAL_TURNOUT_THIRD_GENDER":null,"RES_COLOR":null,"HORSE_RACE_COLOR":null,"GENDER_COLOR":null,"ID":27064}},{"type":"Feature","geometry":{"type":"Polygon","coordinates":[[[76.6059,10.7448],[76.6146,10.7364],[76.621,10.7136],[76.6376,10.7283],[76.6373,10.7253],[76.6431,10.7285],[76.6515,10.7261],[76.6552,10.7158],[76.6509,10.7036],[76.6438,10.6933],[76.6301,10.6877],[76.6265,10.6742],[76.6333,10.6677],[76.6272,10.6653],[76.6263,10.6547],[76.6302,10.6441],[76.6036,10.6355],[76.6015,10.6213],[76.6108,10.6132],[76.6109,10.6067],[76.5936,10.6009],[76.5916,10.5962],[76.588,10.5983],[76.5816,10.591],[76.5714,10.5935],[76.5623,10.5874],[76.563,10.5834],[76.5506,10.5752],[76.5392,10.5475],[76.5669,10.508],[76.5882,10.4943],[76.5925,10.4792],[76.5993,10.4736],[76.5939,10.4591],[76.5782,10.4443],[76.5825,10.4372],[76.5588,10.4348],[76.5573,10.4441],[76.5365,10.4491],[76.5229,10.4694],[76.5014,10.4792],[76.4902,10.4793],[76.488,10.4867],[76.479,10.4865],[76.4746,10.4875],[76.4673,10.5027],[76.4504,10.5217],[76.4421,10.5235],[76.433,10.5344],[76.4391,10.5572],[76.4429,10.5621],[76.4521,10.5591],[76.4569,10.5632],[76.4685,10.563],[76.4652,10.5706],[76.4721,10.5757],[76.4812,10.5722],[76.4797,10.5774],[76.4861,10.5755],[76.4882,10.584],[76.4959,10.5881],[76.4948,10.594],[76.5025,10.5906],[76.5008,10.5994],[76.5084,10.6067],[76.5116,10.6051],[76.5131,10.6116],[76.5305,10.6109],[76.5356,10.6245],[76.5123,10.628],[76.5163,10.6367],[76.5274,10.641],[76.527,10.6495],[76.5397,10.6611],[76.5386,10.6688],[76.5466,10.6723],[76.5493,10.6825],[76.544,10.6875],[76.5515,10.6892],[76.5524,10.6964],[76.5563,10.692],[76.5601,10.6935],[76.5585,10.7009],[76.5636,10.6996],[76.5665,10.7111],[76.5632,10.7152],[76.571,10.72],[76.5689,10.7281],[76.5773,10.7232],[76.5951,10.7256],[76.6007,10.742],[76.6059,10.7448]]]},"properties":{"STATE":"KERALA","DISTRICT":"PALAKKAD","AC":"AC","AC_NAME":"ALATHUR","YEAR":2026.0,"RES":"GEN","ELECTORS":166142.0,"VOTERS":134229.0,"TURNOUT":80.79,"MARGIN":8553.0,"MARGIN_PERCENTAGE":6.37,"MARGIN_PERCENTAGE2":null,"MARGIN_PERCENTAGE3":null,"PARTY_RANK1":"CPI(M)","PARTY_RANK2":"INC","PARTY_RANK3":"BJP","PARTY_RANK4":"NOTA","CANDIDATE_RANK1":"T M SASI","CANDIDATE_RANK2":"K M FEBIN","CANDIDATE_RANK3":"K V PRASANNAKUMAR","CANDIDATE_RANK4":"NOTA","COLOR":"#FF0000","VOTES_RANK1":61564.0,"VOTES_RANK1_PERCENTAGE":45.86,"VOTES_RANK2":53011.0,"VOTES_RANK2_PERCENTAGE":39.49,"VOTES_RANK3":17347.0,"VOTES_RANK3_PERCENTAGE":12.92,"VOTES_RANK4":1071.0,"VOTES_RANK4_PERCENTAGE":0.8,"CANDIDATE_RANK1_GENDER":null,"CANDIDATE_RANK2_GENDER":null,"CANDIDATE_RANK3_GENDER":null,"CANDIDATE_RANK4_GENDER":null,"HORSE_RACE":null,"GENERAL_ELECTORS_TOTAL":null,"GENERAL_ELECTORS_MALE":null,"GENERAL_ELECTORS_FEMALE":null,"GENERAL_ELECTORS_THIRD_GENDER":null,"GENERAL_VOTERS_TOTAL":null,"GENERAL_VOTERS_MALE":null,"GENERAL_VOTERS_FEMALE":null,"GENERAL_VOTERS_THIRD_GENDER":null,"GENERAL_TURNOUT_MALE":null,"GENERAL_TURNOUT_FEMALE":null,"GENERAL_TURNOUT_THIRD_GENDER":null,"RES_COLOR":null,"HORSE_RACE_COLOR":null,"GENDER_COLOR":null,"ID":26927}},{"type":"Feature","geometry":{"type":"Polygon","coordinates":[[[76.8505,10.8189],[76.8632,10.8182],[76.8716,10.8086],[76.9001,10.8086],[76.9072,10.7792],[76.9042,10.7725],[76.9046,10.7626],[76.8888,10.7344],[76.8933,10.7219],[76.8905,10.7172],[76.8825,10.7175],[76.8679,10.6954],[76.8714,10.6928],[76.8662,10.6855],[76.8673,10.6799],[76.8778,10.6768],[76.8785,10.6717],[76.8843,10.6484],[76.8826,10.6395],[76.8595,10.6323],[76.8301,10.6379],[76.8145,10.6358],[76.7972,10.6397],[76.7891,10.6305],[76.7702,10.6296],[76.7431,10.6375],[76.727,10.636],[76.7237,10.643],[76.7192,10.6406],[76.7185,10.6454],[76.7113,10.648],[76.7094,10.6595],[76.7031,10.653],[76.7003,10.6606],[76.6916,10.6616],[76.6958,10.6652],[76.6906,10.6678],[76.6925,10.6737],[76.689,10.6774],[76.6921,10.6804],[76.6949,10.676],[76.6974,10.6809],[76.6881,10.6859],[76.6761,10.6848],[76.6677,10.6905],[76.6594,10.7014],[76.6509,10.7036],[76.6552,10.7158],[76.6515,10.7261],[76.656,10.7272],[76.6572,10.7215],[76.6677,10.7164],[76.6956,10.7201],[76.6964,10.7163],[76.7105,10.715],[76.7156,10.7326],[76.7077,10.7402],[76.7125,10.745],[76.7168,10.7415],[76.7287,10.7439],[76.7308,10.7391],[76.7403,10.742],[76.7431,10.7368],[76.7567,10.7385],[76.7613,10.7348],[76.76,10.7307],[76.771,10.7227],[76.77,10.7342],[76.7804,10.7361],[76.7788,10.7397],[76.7767,10.7373],[76.7772,10.7433],[76.7839,10.743],[76.7832,10.7377],[76.7877,10.74],[76.784,10.745],[76.7879,10.7507],[76.7837,10.7523],[76.795,10.7559],[76.8018,10.7552],[76.8039,10.7508],[76.8068,10.7611],[76.8143,10.7589],[76.8078,10.7696],[76.8144,10.7698],[76.8143,10.782],[76.823,10.7822],[76.8349,10.7935],[76.8329,10.7966],[76.8166,10.7963],[76.8261,10.8037],[76.8237,10.813],[76.846,10.8129],[76.8505,10.8189]]]},"properties":{"STATE":"KERALA","DISTRICT":"PALAKKAD","AC":"AC","AC_NAME":"CHITTUR","YEAR":2026.0,"RES":"GEN","ELECTORS":172365.0,"VOTERS":147788.0,"TURNOUT":85.74,"MARGIN":6510.0,"MARGIN_PERCENTAGE":4.4,"MARGIN_PERCENTAGE2":null,"MARGIN_PERCENTAGE3":null,"PARTY_RANK1":"INC","PARTY_RANK2":"ISJD","PARTY_RANK3":"BJP","PARTY_RANK4":"IND","CANDIDATE_RANK1":"ADV. SUMESH ACHUTHAN","CANDIDATE_RANK2":"ADV. V. MURUGADAS","CANDIDATE_RANK3":"PRANESH RAJENDRAN","CANDIDATE_RANK4":"MURUGADAS. P. S/O PAZHANIAPPA MUDALIYAAR","COLOR":"#00BFFF","VOTES_RANK1":65325.0,"VOTES_RANK1_PERCENTAGE":44.2,"VOTES_RANK2":58815.0,"VOTES_RANK2_PERCENTAGE":39.8,"VOTES_RANK3":14697.0,"VOTES_RANK3_PERCENTAGE":9.94,"VOTES_RANK4":6984.0,"VOTES_RANK4_PERCENTAGE":4.73,"CANDIDATE_RANK1_GENDER":null,"CANDIDATE_RANK2_GENDER":null,"CANDIDATE_RANK3_GENDER":null,"CANDIDATE_RANK4_GENDER":null,"HORSE_RACE":null,"GENERAL_ELECTORS_TOTAL":null,"GENERAL_ELECTORS_MALE":null,"GENERAL_ELECTORS_FEMALE":null,"GENERAL_ELECTORS_THIRD_GENDER":null,"GENERAL_VOTERS_TOTAL":null,"GENERAL_VOTERS_MALE":null,"GENERAL_VOTERS_FEMALE":null,"GENERAL_VOTERS_THIRD_GENDER":null,"GENERAL_TURNOUT_MALE":null,"GENERAL_TURNOUT_FEMALE":null,"GENERAL_TURNOUT_THIRD_GENDER":null,"RES_COLOR":null,"HORSE_RACE_COLOR":null,"GENDER_COLOR":null,"ID":26947}},{"type":"Feature","geometry":{"type":"Polygon","coordinates":[[[76.4717,10.9403],[76.4774,10.9477],[76.4937,10.9549],[76.4932,10.9655],[76.4983,10.9752],[76.4874,10.9798],[76.4768,10.9749],[76.473,10.9976],[76.4942,11.0047],[76.508,11.0162],[76.5206,11.0192],[76.5234,11.0248],[76.543,11.0187],[76.5107,11.0095],[76.5177,11.0067],[76.5244,11.0067],[76.5253,11.0109],[76.5381,11.0091],[76.5484,11.0004],[76.5646,10.9958],[76.564,10.9901],[76.5501,10.9786],[76.5387,10.9802],[76.5234,10.9661],[76.5227,10.9525],[76.5371,10.957],[76.5423,10.9295],[76.5531,10.9259],[76.5674,10.9302],[76.5712,10.9204],[76.5672,10.8792],[76.5635,10.8784],[76.5573,10.8883],[76.5444,10.8823],[76.5382,10.8893],[76.5378,10.8803],[76.5321,10.8777],[76.5439,10.8687],[76.5436,10.8655],[76.5339,10.8647],[76.5363,10.8492],[76.5519,10.8474],[76.5343,10.8374],[76.5327,10.8278],[76.5468,10.8247],[76.5683,10.8267],[76.5884,10.8176],[76.5859,10.8053],[76.5902,10.7993],[76.5899,10.7879],[76.582,10.7798],[76.5753,10.7773],[76.5658,10.7837],[76.5639,10.7794],[76.5522,10.7792],[76.5456,10.7893],[76.5258,10.7875],[76.5151,10.7802],[76.5096,10.7703],[76.499,10.7703],[76.4892,10.7641],[76.4833,10.7678],[76.4778,10.7815],[76.4641,10.7793],[76.4538,10.7827],[76.446,10.7973],[76.4528,10.8133],[76.4614,10.8116],[76.4609,10.8594],[76.4641,10.867],[76.482,10.8766],[76.485,10.8883],[76.5225,10.8871],[76.5111,10.9111],[76.4795,10.9148],[76.4792,10.9254],[76.4717,10.9403]]]},"properties":{"STATE":"KERALA","DISTRICT":"PALAKKAD","AC":"AC","AC_NAME":"KONGAD","YEAR":2026.0,"RES":"SC","ELECTORS":183191.0,"VOTERS":148655.0,"TURNOUT":81.15,"MARGIN":3706.0,"MARGIN_PERCENTAGE":2.49,"MARGIN_PERCENTAGE2":null,"MARGIN_PERCENTAGE3":null,"PARTY_RANK1":"INC","PARTY_RANK2":"CPI(M)","PARTY_RANK3":"BJP","PARTY_RANK4":"NOTA","CANDIDATE_RANK1":"THULASI TEACHER","CANDIDATE_RANK2":"ADV. K.SANTHAKUMARI","CANDIDATE_RANK3":"DR. RENU SURESH","CANDIDATE_RANK4":"NOTA","COLOR":"#00BFFF","VOTES_RANK1":62734.0,"VOTES_RANK1_PERCENTAGE":42.2,"VOTES_RANK2":59028.0,"VOTES_RANK2_PERCENTAGE":39.71,"VOTES_RANK3":24925.0,"VOTES_RANK3_PERCENTAGE":16.77,"VOTES_RANK4":1109.0,"VOTES_RANK4_PERCENTAGE":0.75,"CANDIDATE_RANK1_GENDER":null,"CANDIDATE_RANK2_GENDER":null,"CANDIDATE_RANK3_GENDER":null,"CANDIDATE_RANK4_GENDER":null,"HORSE_RACE":null,"GENERAL_ELECTORS_TOTAL":null,"GENERAL_ELECTORS_MALE":null,"GENERAL_ELECTORS_FEMALE":null,"GENERAL_ELECTORS_THIRD_GENDER":null,"GENERAL_VOTERS_TOTAL":null,"GENERAL_VOTERS_MALE":null,"GENERAL_VOTERS_FEMALE":null,"GENERAL_VOTERS_THIRD_GENDER":null,"GENERAL_TURNOUT_MALE":null,"GENERAL_TURNOUT_FEMALE":null,"GENERAL_TURNOUT_THIRD_GENDER":null,"RES_COLOR":null,"HORSE_RACE_COLOR":null,"GENDER_COLOR":null,"ID":26978}},{"type":"Feature","geometry":{"type":"Polygon","coordinates":[[[76.6593,10.9306],[76.6951,10.9102],[76.7157,10.9075],[76.7412,10.8903],[76.7548,10.8952],[76.7685,10.8878],[76.7821,10.8913],[76.7919,10.8823],[76.8125,10.8769],[76.8281,10.873],[76.8332,10.8599],[76.8475,10.8499],[76.8528,10.8342],[76.8448,10.8258],[76.8505,10.8189],[76.846,10.8129],[76.8237,10.813],[76.8261,10.8037],[76.8166,10.7963],[76.8329,10.7966],[76.8349,10.7935],[76.823,10.7822],[76.8143,10.782],[76.8144,10.7698],[76.8078,10.7696],[76.8143,10.7589],[76.8068,10.7611],[76.8039,10.7508],[76.8018,10.7552],[76.795,10.7559],[76.7837,10.7523],[76.7879,10.7507],[76.784,10.745],[76.7877,10.74],[76.7832,10.7377],[76.7839,10.743],[76.7772,10.7433],[76.7767,10.7373],[76.7788,10.7397],[76.7804,10.7361],[76.77,10.7342],[76.771,10.7227],[76.76,10.7307],[76.7613,10.7348],[76.7567,10.7385],[76.7431,10.7368],[76.7403,10.742],[76.7308,10.7391],[76.7287,10.7439],[76.7168,10.7415],[76.7125,10.745],[76.7077,10.7402],[76.7156,10.7326],[76.7105,10.715],[76.6964,10.7163],[76.6956,10.7201],[76.6889,10.7245],[76.6918,10.7296],[76.6888,10.7312],[76.6923,10.7318],[76.6888,10.7371],[76.6842,10.7392],[76.6857,10.7357],[76.6751,10.734],[76.6703,10.7391],[76.6717,10.7502],[76.6756,10.7486],[76.6705,10.7561],[76.674,10.7728],[76.6691,10.7749],[76.6691,10.7815],[76.6782,10.7991],[76.6693,10.8011],[76.6698,10.805],[76.6674,10.8078],[76.6528,10.8033],[76.6478,10.7965],[76.6455,10.8034],[76.642,10.7904],[76.6263,10.7848],[76.5902,10.7993],[76.5859,10.8053],[76.5884,10.8176],[76.5683,10.8267],[76.5468,10.8247],[76.5327,10.8278],[76.5343,10.8374],[76.5519,10.8474],[76.5363,10.8492],[76.5339,10.8647],[76.5436,10.8655],[76.5439,10.8687],[76.5321,10.8777],[76.5378,10.8803],[76.5382,10.8893],[76.5444,10.8823],[76.5573,10.8883],[76.5635,10.8784],[76.5672,10.8792],[76.5712,10.9204],[76.5981,10.9209],[76.6062,10.9302],[76.6242,10.925],[76.6349,10.9298],[76.6593,10.9306]]]},"properties":{"STATE":"KERALA","DISTRICT":"PALAKKAD","AC":"AC","AC_NAME":"MALAMPUZHA","YEAR":2026.0,"RES":"GEN","ELECTORS":195977.0,"VOTERS":162305.0,"TURNOUT":82.82,"MARGIN":19721.0,"MARGIN_PERCENTAGE":12.15,"MARGIN_PERCENTAGE2":null,"MARGIN_PERCENTAGE3":null,"PARTY_RANK1":"CPI(M)","PARTY_RANK2":"BJP","PARTY_RANK3":"INC","PARTY_RANK4":"NOTA","CANDIDATE_RANK1":"A PRABHAKARAN","CANDIDATE_RANK2":"C KRISHNAKUMAR","CANDIDATE_RANK3":"A SURESH","CANDIDATE_RANK4":"NOTA","COLOR":"#FF0000","VOTES_RANK1":68629.0,"VOTES_RANK1_PERCENTAGE":42.28,"VOTES_RANK2":48908.0,"VOTES_RANK2_PERCENTAGE":30.13,"VOTES_RANK3":42262.0,"VOTES_RANK3_PERCENTAGE":26.04,"VOTES_RANK4":1506.0,"VOTES_RANK4_PERCENTAGE":0.93,"CANDIDATE_RANK1_GENDER":null,"CANDIDATE_RANK2_GENDER":null,"CANDIDATE_RANK3_GENDER":null,"CANDIDATE_RANK4_GENDER":null,"HORSE_RACE":null,"GENERAL_ELECTORS_TOTAL":null,"GENERAL_ELECTORS_MALE":null,"GENERAL_ELECTORS_FEMALE":null,"GENERAL_ELECTORS_THIRD_GENDER":null,"GENERAL_VOTERS_TOTAL":null,"GENERAL_VOTERS_MALE":null,"GENERAL_VOTERS_FEMALE":null,"GENERAL_VOTERS_THIRD_GENDER":null,"GENERAL_TURNOUT_MALE":null,"GENERAL_TURNOUT_FEMALE":null,"GENERAL_TURNOUT_THIRD_GENDER":null,"RES_COLOR":null,"HORSE_RACE_COLOR":null,"GENDER_COLOR":null,"ID":26995}},{"type":"Feature","geometry":{"type":"Polygon","coordinates":[[[76.4426,11.2039],[76.4388,11.1991],[76.452,11.1993],[76.4583,11.1876],[76.4734,11.1948],[76.4723,11.2088],[76.499,11.2115],[76.5102,11.2115],[76.516,11.2042],[76.534,11.1967],[76.6004,11.2061],[76.6292,11.194],[76.6777,11.2211],[76.6849,11.2339],[76.6977,11.2394],[76.7067,11.2381],[76.7209,11.225],[76.7253,11.2256],[76.7254,11.2191],[76.7317,11.2156],[76.722,11.2034],[76.7284,11.1914],[76.7226,11.1919],[76.7178,11.1866],[76.7103,11.1885],[76.7067,11.1796],[76.6999,11.1816],[76.7011,11.1765],[76.6928,11.1723],[76.6896,11.1592],[76.7056,11.1419],[76.7122,11.1423],[76.7087,11.1476],[76.7177,11.1475],[76.7284,11.1303],[76.7344,11.1361],[76.7394,11.1317],[76.7464,11.1377],[76.7475,11.1177],[76.7456,11.1085],[76.7388,11.1039],[76.7468,11.0924],[76.7515,11.0931],[76.7548,11.079],[76.7413,11.0731],[76.7442,11.057],[76.7606,11.0527],[76.7654,11.0457],[76.7774,11.0423],[76.7889,11.046],[76.796,11.0564],[76.8001,11.0551],[76.7918,11.038],[76.766,11.0297],[76.738,11.0396],[76.7109,11.039],[76.71,11.0343],[76.6945,11.0228],[76.6859,10.9902],[76.6671,10.9693],[76.6647,10.9436],[76.656,10.9391],[76.6593,10.9306],[76.6349,10.9298],[76.6242,10.925],[76.6062,10.9302],[76.5981,10.9209],[76.5712,10.9204],[76.5674,10.9302],[76.5531,10.9259],[76.5423,10.9295],[76.5371,10.957],[76.5227,10.9525],[76.5234,10.9661],[76.5387,10.9802],[76.5501,10.9786],[76.564,10.9901],[76.5646,10.9958],[76.5484,11.0004],[76.5381,11.0091],[76.5253,11.0109],[76.5244,11.0067],[76.5177,11.0067],[76.5107,11.0095],[76.543,11.0187],[76.5234,11.0248],[76.5206,11.0192],[76.508,11.0162],[76.4942,11.0047],[76.473,10.9976],[76.4768,10.9749],[76.4874,10.9798],[76.4983,10.9752],[76.4932,10.9655],[76.4937,10.9549],[76.4774,10.9477],[76.4717,10.9403],[76.4485,10.9505],[76.4341,10.9475],[76.4287,10.9521],[76.417,10.9504],[76.412,10.9692],[76.4057,10.9636],[76.3999,10.9674],[76.3868,10.9608],[76.3794,10.9774],[76.3632,10.9757],[76.371,10.9972],[76.3523,10.9998],[76.3511,10.996],[76.3255,11.0036],[76.3239,11.0124],[76.3281,11.0243],[76.3174,11.0295],[76.2984,11.0283],[76.2884,11.0215],[76.2843,11.0244],[76.2892,11.0329],[76.2842,11.0354],[76.2927,11.0407],[76.2949,11.0505],[76.3082,11.0473],[76.3115,11.0509],[76.3265,11.0513],[76.3346,11.0612],[76.3293,11.074],[76.3396,11.0779],[76.3463,11.0887],[76.3605,11.0981],[76.3754,11.0971],[76.3911,11.1034],[76.3983,11.1121],[76.4121,11.1158],[76.4168,11.1421],[76.4116,11.1546],[76.4155,11.1718],[76.4057,11.1844],[76.4103,11.2067],[76.4426,11.2039]]]},"properties":{"STATE":"KERALA","DISTRICT":"PALAKKAD","AC":"AC","AC_NAME":"MANNARKAD","YEAR":2026.0,"RES":"GEN","ELECTORS":206628.0,"VOTERS":168781.0,"TURNOUT":81.68,"MARGIN":25903.0,"MARGIN_PERCENTAGE":15.35,"MARGIN_PERCENTAGE2":null,"MARGIN_PERCENTAGE3":null,"PARTY_RANK1":"IUML","PARTY_RANK2":"CPI","PARTY_RANK3":"BDJS","PARTY_RANK4":"NOTA","CANDIDATE_RANK1":"ADV. N. SAMSUDHEEN","CANDIDATE_RANK2":"MANZIL ABOOBACKER","CANDIDATE_RANK3":"ISSAC VARGHESE","CANDIDATE_RANK4":"NOTA","COLOR":"#228B22","VOTES_RANK1":90606.0,"VOTES_RANK1_PERCENTAGE":53.68,"VOTES_RANK2":64703.0,"VOTES_RANK2_PERCENTAGE":38.34,"VOTES_RANK3":10671.0,"VOTES_RANK3_PERCENTAGE":6.32,"VOTES_RANK4":958.0,"VOTES_RANK4_PERCENTAGE":0.57,"CANDIDATE_RANK1_GENDER":null,"CANDIDATE_RANK2_GENDER":null,"CANDIDATE_RANK3_GENDER":null,"CANDIDATE_RANK4_GENDER":null,"HORSE_RACE":null,"GENERAL_ELECTORS_TOTAL":null,"GENERAL_ELECTORS_MALE":null,"GENERAL_ELECTORS_FEMALE":null,"GENERAL_ELECTORS_THIRD_GENDER":null,"GENERAL_VOTERS_TOTAL":null,"GENERAL_VOTERS_MALE":null,"GENERAL_VOTERS_FEMALE":null,"GENERAL_VOTERS_THIRD_GENDER":null,"GENERAL_TURNOUT_MALE":null,"GENERAL_TURNOUT_FEMALE":null,"GENERAL_TURNOUT_THIRD_GENDER":null,"RES_COLOR":null,"HORSE_RACE_COLOR":null,"GENDER_COLOR":null,"ID":27002}},{"type":"Feature","geometry":{"type":"Polygon","coordinates":[[[76.6677,10.6905],[76.6761,10.6848],[76.6881,10.6859],[76.6974,10.6809],[76.6949,10.676],[76.6921,10.6804],[76.689,10.6774],[76.6925,10.6737],[76.6906,10.6678],[76.6958,10.6652],[76.6916,10.6616],[76.7003,10.6606],[76.7031,10.653],[76.7094,10.6595],[76.7113,10.648],[76.7185,10.6454],[76.7192,10.6406],[76.7237,10.643],[76.727,10.636],[76.7431,10.6375],[76.7702,10.6296],[76.7891,10.6305],[76.7972,10.6397],[76.8145,10.6358],[76.8105,10.6243],[76.8168,10.6173],[76.8174,10.6038],[76.8261,10.5968],[76.8327,10.6],[76.8388,10.5971],[76.8341,10.5747],[76.8397,10.5649],[76.8353,10.5458],[76.8431,10.5374],[76.8304,10.4985],[76.8283,10.4508],[76.8162,10.4237],[76.8245,10.4103],[76.8303,10.4117],[76.8335,10.4081],[76.8338,10.4036],[76.8237,10.3954],[76.844,10.3779],[76.8487,10.3686],[76.8463,10.3579],[76.8361,10.3462],[76.8376,10.338],[76.8278,10.3376],[76.8165,10.3493],[76.8055,10.3443],[76.8042,10.3371],[76.787,10.3365],[76.7774,10.3424],[76.7715,10.3344],[76.7544,10.3363],[76.7523,10.3478],[76.7633,10.3543],[76.7632,10.3625],[76.7557,10.3615],[76.7489,10.367],[76.7187,10.3737],[76.7068,10.3712],[76.7029,10.3637],[76.6867,10.364],[76.6694,10.3749],[76.6615,10.3864],[76.6546,10.3776],[76.6454,10.3836],[76.6327,10.3772],[76.6282,10.3839],[76.6232,10.3798],[76.6181,10.3911],[76.6067,10.4002],[76.6014,10.4188],[76.587,10.4364],[76.5825,10.4372],[76.5782,10.4443],[76.5939,10.4591],[76.5993,10.4736],[76.5925,10.4792],[76.5882,10.4943],[76.5669,10.508],[76.5392,10.5475],[76.5506,10.5752],[76.563,10.5834],[76.5623,10.5874],[76.5714,10.5935],[76.5816,10.591],[76.588,10.5983],[76.5916,10.5962],[76.5936,10.6009],[76.6109,10.6067],[76.6108,10.6132],[76.6015,10.6213],[76.6036,10.6355],[76.6302,10.6441],[76.6263,10.6547],[76.6272,10.6653],[76.6333,10.6677],[76.6265,10.6742],[76.6301,10.6877],[76.6438,10.6933],[76.6509,10.7036],[76.6594,10.7014],[76.6677,10.6905]]]},"properties":{"STATE":"KERALA","DISTRICT":"PALAKKAD","AC":"AC","AC_NAME":"NENMARA","YEAR":2026.0,"RES":"GEN","ELECTORS":182225.0,"VOTERS":150497.0,"TURNOUT":82.59,"MARGIN":3305.0,"MARGIN_PERCENTAGE":2.2,"MARGIN_PERCENTAGE2":null,"MARGIN_PERCENTAGE3":null,"PARTY_RANK1":"CPI(M)","PARTY_RANK2":"INC","PARTY_RANK3":"BDJS","PARTY_RANK4":"NOTA","CANDIDATE_RANK1":"K PREMAN","CANDIDATE_RANK2":"A. THANKAPPAN","CANDIDATE_RANK3":"A.N.ANURAG","CANDIDATE_RANK4":"NOTA","COLOR":"#FF0000","VOTES_RANK1":66521.0,"VOTES_RANK1_PERCENTAGE":44.2,"VOTES_RANK2":63216.0,"VOTES_RANK2_PERCENTAGE":42.0,"VOTES_RANK3":18107.0,"VOTES_RANK3_PERCENTAGE":12.03,"VOTES_RANK4":1241.0,"VOTES_RANK4_PERCENTAGE":0.82,"CANDIDATE_RANK1_GENDER":null,"CANDIDATE_RANK2_GENDER":null,"CANDIDATE_RANK3_GENDER":null,"CANDIDATE_RANK4_GENDER":null,"HORSE_RACE":null,"GENERAL_ELECTORS_TOTAL":null,"GENERAL_ELECTORS_MALE":null,"GENERAL_ELECTORS_FEMALE":null,"GENERAL_ELECTORS_THIRD_GENDER":null,"GENERAL_VOTERS_TOTAL":null,"GENERAL_VOTERS_MALE":null,"GENERAL_VOTERS_FEMALE":null,"GENERAL_VOTERS_THIRD_GENDER":null,"GENERAL_TURNOUT_MALE":null,"GENERAL_TURNOUT_FEMALE":null,"GENERAL_TURNOUT_THIRD_GENDER":null,"RES_COLOR":null,"HORSE_RACE_COLOR":null,"GENDER_COLOR":null,"ID":27010}},{"type":"Feature","geometry":{"type":"Polygon","coordinates":[[[76.3632,10.9757],[76.3794,10.9774],[76.3868,10.9608],[76.3999,10.9674],[76.4057,10.9636],[76.412,10.9692],[76.417,10.9504],[76.4287,10.9521],[76.4341,10.9475],[76.4485,10.9505],[76.4717,10.9403],[76.4792,10.9254],[76.4795,10.9148],[76.5111,10.9111],[76.5225,10.8871],[76.485,10.8883],[76.482,10.8766],[76.4641,10.867],[76.4609,10.8594],[76.4614,10.8116],[76.4528,10.8133],[76.446,10.7973],[76.4538,10.7827],[76.4641,10.7793],[76.4778,10.7815],[76.4833,10.7678],[76.4892,10.7641],[76.4725,10.7495],[76.4668,10.7529],[76.432,10.7519],[76.3976,10.7463],[76.3877,10.7668],[76.3657,10.7638],[76.3602,10.7665],[76.3572,10.7854],[76.3429,10.7888],[76.3412,10.8006],[76.3533,10.8058],[76.363,10.7975],[76.3663,10.7994],[76.3621,10.8072],[76.3719,10.8261],[76.3721,10.8376],[76.3777,10.8342],[76.3824,10.8457],[76.3891,10.8444],[76.3854,10.8579],[76.3949,10.8616],[76.3923,10.8712],[76.3822,10.8788],[76.384,10.8871],[76.3894,10.8853],[76.3887,10.8918],[76.3972,10.8901],[76.398,10.9095],[76.386,10.9145],[76.3831,10.9224],[76.3578,10.9292],[76.3538,10.9209],[76.3415,10.9197],[76.3352,10.9061],[76.3333,10.9228],[76.321,10.9359],[76.3206,10.9512],[76.3285,10.965],[76.3284,10.9799],[76.3632,10.9757]]]},"properties":{"STATE":"KERALA","DISTRICT":"PALAKKAD","AC":"AC","AC_NAME":"OTTAPALAM","YEAR":2026.0,"RES":"GEN","ELECTORS":210225.0,"VOTERS":170104.0,"TURNOUT":80.92,"MARGIN":26777.0,"MARGIN_PERCENTAGE":15.74,"MARGIN_PERCENTAGE2":null,"MARGIN_PERCENTAGE3":null,"PARTY_RANK1":"CPI(M)","PARTY_RANK2":"IND","PARTY_RANK3":"BJP","PARTY_RANK4":"NOTA","CANDIDATE_RANK1":"ADV. K. PREMKUMAR","CANDIDATE_RANK2":"P.K SASI P.K.S S/O PADMINI AMMA","CANDIDATE_RANK3":"MAJOR RAVI","CANDIDATE_RANK4":"NOTA","COLOR":"#FF0000","VOTES_RANK1":75362.0,"VOTES_RANK1_PERCENTAGE":44.3,"VOTES_RANK2":48585.0,"VOTES_RANK2_PERCENTAGE":28.56,"VOTES_RANK3":42476.0,"VOTES_RANK3_PERCENTAGE":24.97,"VOTES_RANK4":1135.0,"VOTES_RANK4_PERCENTAGE":0.67,"CANDIDATE_RANK1_GENDER":null,"CANDIDATE_RANK2_GENDER":null,"CANDIDATE_RANK3_GENDER":null,"CANDIDATE_RANK4_GENDER":null,"HORSE_RACE":null,"GENERAL_ELECTORS_TOTAL":null,"GENERAL_ELECTORS_MALE":null,"GENERAL_ELECTORS_FEMALE":null,"GENERAL_ELECTORS_THIRD_GENDER":null,"GENERAL_VOTERS_TOTAL":null,"GENERAL_VOTERS_MALE":null,"GENERAL_VOTERS_FEMALE":null,"GENERAL_VOTERS_THIRD_GENDER":null,"GENERAL_TURNOUT_MALE":null,"GENERAL_TURNOUT_FEMALE":null,"GENERAL_TURNOUT_THIRD_GENDER":null,"RES_COLOR":null,"HORSE_RACE_COLOR":null,"GENDER_COLOR":null,"ID":27014}},{"type":"Feature","geometry":{"type":"Polygon","coordinates":[[[76.6698,10.805],[76.6693,10.8011],[76.6782,10.7991],[76.6691,10.7815],[76.6691,10.7749],[76.674,10.7728],[76.6705,10.7561],[76.6756,10.7486],[76.6717,10.7502],[76.6703,10.7391],[76.6751,10.734],[76.6857,10.7357],[76.6842,10.7392],[76.6888,10.7371],[76.6923,10.7318],[76.6888,10.7312],[76.6918,10.7296],[76.6889,10.7245],[76.6956,10.7201],[76.6677,10.7164],[76.6572,10.7215],[76.656,10.7272],[76.6515,10.7261],[76.6431,10.7285],[76.6373,10.7253],[76.6376,10.7283],[76.621,10.7136],[76.6146,10.7364],[76.6059,10.7448],[76.6007,10.742],[76.5951,10.7256],[76.5773,10.7232],[76.5689,10.7281],[76.5489,10.7353],[76.5546,10.7411],[76.5518,10.7454],[76.5608,10.7492],[76.5583,10.7558],[76.5677,10.7677],[76.5639,10.7794],[76.5658,10.7837],[76.5753,10.7773],[76.582,10.7798],[76.5899,10.7879],[76.5902,10.7993],[76.6263,10.7848],[76.642,10.7904],[76.6455,10.8034],[76.6478,10.7965],[76.6528,10.8033],[76.6674,10.8078],[76.6698,10.805]]]},"properties":{"STATE":"KERALA","DISTRICT":"PALAKKAD","AC":"AC","AC_NAME":"PALAKKAD","YEAR":2026.0,"RES":"GEN","ELECTORS":176545.0,"VOTERS":147192.0,"TURNOUT":83.37,"MARGIN":13147.0,"MARGIN_PERCENTAGE":8.93,"MARGIN_PERCENTAGE2":null,"MARGIN_PERCENTAGE3":null,"PARTY_RANK1":"INC","PARTY_RANK2":"BJP","PARTY_RANK3":"IND","PARTY_RANK4":"NOTA","CANDIDATE_RANK1":"RAMESH PISHARODY","CANDIDATE_RANK2":"SOBHA SURENDRAN","CANDIDATE_RANK3":"N.M.R. RAZACK","CANDIDATE_RANK4":"NOTA","COLOR":"#00BFFF","VOTES_RANK1":62199.0,"VOTES_RANK1_PERCENTAGE":42.26,"VOTES_RANK2":49052.0,"VOTES_RANK2_PERCENTAGE":33.33,"VOTES_RANK3":33931.0,"VOTES_RANK3_PERCENTAGE":23.05,"VOTES_RANK4":841.0,"VOTES_RANK4_PERCENTAGE":0.57,"CANDIDATE_RANK1_GENDER":null,"CANDIDATE_RANK2_GENDER":null,"CANDIDATE_RANK3_GENDER":null,"CANDIDATE_RANK4_GENDER":null,"HORSE_RACE":null,"GENERAL_ELECTORS_TOTAL":null,"GENERAL_ELECTORS_MALE":null,"GENERAL_ELECTORS_FEMALE":null,"GENERAL_ELECTORS_THIRD_GENDER":null,"GENERAL_VOTERS_TOTAL":null,"GENERAL_VOTERS_MALE":null,"GENERAL_VOTERS_FEMALE":null,"GENERAL_VOTERS_THIRD_GENDER":null,"GENERAL_TURNOUT_MALE":null,"GENERAL_TURNOUT_FEMALE":null,"GENERAL_TURNOUT_THIRD_GENDER":null,"RES_COLOR":null,"HORSE_RACE_COLOR":null,"GENDER_COLOR":null,"ID":27016}},{"type":"Feature","geometry":{"type":"Polygon","coordinates":[[[76.1616,10.9122],[76.1706,10.9151],[76.1743,10.9058],[76.1887,10.9102],[76.1881,10.899],[76.2044,10.8978],[76.2154,10.9149],[76.2305,10.8868],[76.2535,10.8876],[76.2647,10.8758],[76.2533,10.8742],[76.2518,10.852],[76.2642,10.8499],[76.2689,10.8382],[76.2664,10.8328],[76.2751,10.8258],[76.2601,10.8114],[76.2494,10.8124],[76.2557,10.8077],[76.2514,10.8025],[76.2609,10.7927],[76.2655,10.7795],[76.2534,10.7792],[76.2533,10.7751],[76.2463,10.7717],[76.2402,10.7735],[76.2307,10.7724],[76.2201,10.7819],[76.2091,10.7777],[76.1889,10.7825],[76.1837,10.7873],[76.1826,10.7989],[76.1659,10.7946],[76.1367,10.8119],[76.1408,10.8449],[76.1281,10.8436],[76.1277,10.8497],[76.1187,10.848],[76.1029,10.8597],[76.1033,10.8714],[76.1124,10.8667],[76.1153,10.8818],[76.1312,10.8789],[76.1317,10.8966],[76.1508,10.8903],[76.1616,10.9122]]]},"properties":{"STATE":"KERALA","DISTRICT":"PALAKKAD","AC":"AC","AC_NAME":"PATTAMBI","YEAR":2026.0,"RES":"GEN","ELECTORS":210926.0,"VOTERS":169436.0,"TURNOUT":80.33,"MARGIN":9442.0,"MARGIN_PERCENTAGE":5.57,"MARGIN_PERCENTAGE2":null,"MARGIN_PERCENTAGE3":null,"PARTY_RANK1":"CPI","PARTY_RANK2":"INC","PARTY_RANK3":"BJP","PARTY_RANK4":"SDPI","CANDIDATE_RANK1":"MUHAMMED MUHASSIN","CANDIDATE_RANK2":"T. P. SHAJI","CANDIDATE_RANK3":"ADV. P. MANOJ","CANDIDATE_RANK4":"S. P. AMEER ALI","COLOR":"#FF0001","VOTES_RANK1":80062.0,"VOTES_RANK1_PERCENTAGE":47.25,"VOTES_RANK2":70620.0,"VOTES_RANK2_PERCENTAGE":41.68,"VOTES_RANK3":15282.0,"VOTES_RANK3_PERCENTAGE":9.02,"VOTES_RANK4":2582.0,"VOTES_RANK4_PERCENTAGE":1.52,"CANDIDATE_RANK1_GENDER":null,"CANDIDATE_RANK2_GENDER":null,"CANDIDATE_RANK3_GENDER":null,"CANDIDATE_RANK4_GENDER":null,"HORSE_RACE":null,"GENERAL_ELECTORS_TOTAL":null,"GENERAL_ELECTORS_MALE":null,"GENERAL_ELECTORS_FEMALE":null,"GENERAL_ELECTORS_THIRD_GENDER":null,"GENERAL_VOTERS_TOTAL":null,"GENERAL_VOTERS_MALE":null,"GENERAL_VOTERS_FEMALE":null,"GENERAL_VOTERS_THIRD_GENDER":null,"GENERAL_TURNOUT_MALE":null,"GENERAL_TURNOUT_FEMALE":null,"GENERAL_TURNOUT_THIRD_GENDER":null,"RES_COLOR":null,"HORSE_RACE_COLOR":null,"GENDER_COLOR":null,"ID":27020}},{"type":"Feature","geometry":{"type":"Polygon","coordinates":[[[76.3352,10.9061],[76.3415,10.9197],[76.3538,10.9209],[76.3578,10.9292],[76.3831,10.9224],[76.386,10.9145],[76.398,10.9095],[76.3972,10.8901],[76.3887,10.8918],[76.3894,10.8853],[76.384,10.8871],[76.3822,10.8788],[76.3923,10.8712],[76.3949,10.8616],[76.3854,10.8579],[76.3891,10.8444],[76.3824,10.8457],[76.3777,10.8342],[76.3721,10.8376],[76.3719,10.8261],[76.3621,10.8072],[76.3663,10.7994],[76.363,10.7975],[76.3533,10.8058],[76.3412,10.8006],[76.3429,10.7888],[76.3572,10.7854],[76.3602,10.7665],[76.3657,10.7638],[76.3548,10.7431],[76.3391,10.7496],[76.3236,10.7462],[76.2881,10.7563],[76.249,10.7474],[76.2447,10.7515],[76.246,10.7687],[76.2402,10.7735],[76.2463,10.7717],[76.2533,10.7751],[76.2534,10.7792],[76.2655,10.7795],[76.2609,10.7927],[76.2514,10.8025],[76.2557,10.8077],[76.2494,10.8124],[76.2601,10.8114],[76.2751,10.8258],[76.2664,10.8328],[76.2689,10.8382],[76.2642,10.8499],[76.2518,10.852],[76.2533,10.8742],[76.2647,10.8758],[76.2535,10.8876],[76.2689,10.9155],[76.2851,10.9133],[76.2959,10.9204],[76.3049,10.9122],[76.3203,10.9116],[76.3223,10.9055],[76.3352,10.9061]]]},"properties":{"STATE":"KERALA","DISTRICT":"PALAKKAD","AC":"AC","AC_NAME":"SHORNUR","YEAR":2026.0,"RES":"GEN","ELECTORS":199912.0,"VOTERS":160123.0,"TURNOUT":80.1,"MARGIN":16517.0,"MARGIN_PERCENTAGE":10.32,"MARGIN_PERCENTAGE2":null,"MARGIN_PERCENTAGE3":null,"PARTY_RANK1":"CPI(M)","PARTY_RANK2":"INC","PARTY_RANK3":"BJP","PARTY_RANK4":"SDPI","CANDIDATE_RANK1":"P.MAMMIKUTTY","CANDIDATE_RANK2":"P.HARIGOVINDAN","CANDIDATE_RANK3":"ADV. SANKU.T.DAS","CANDIDATE_RANK4":"ABOOBACKER","COLOR":"#FF0000","VOTES_RANK1":70583.0,"VOTES_RANK1_PERCENTAGE":44.08,"VOTES_RANK2":54066.0,"VOTES_RANK2_PERCENTAGE":33.77,"VOTES_RANK3":33264.0,"VOTES_RANK3_PERCENTAGE":20.77,"VOTES_RANK4":1263.0,"VOTES_RANK4_PERCENTAGE":0.79,"CANDIDATE_RANK1_GENDER":null,"CANDIDATE_RANK2_GENDER":null,"CANDIDATE_RANK3_GENDER":null,"CANDIDATE_RANK4_GENDER":null,"HORSE_RACE":null,"GENERAL_ELECTORS_TOTAL":null,"GENERAL_ELECTORS_MALE":null,"GENERAL_ELECTORS_FEMALE":null,"GENERAL_ELECTORS_THIRD_GENDER":null,"GENERAL_VOTERS_TOTAL":null,"GENERAL_VOTERS_MALE":null,"GENERAL_VOTERS_FEMALE":null,"GENERAL_VOTERS_THIRD_GENDER":null,"GENERAL_TURNOUT_MALE":null,"GENERAL_TURNOUT_FEMALE":null,"GENERAL_TURNOUT_THIRD_GENDER":null,"RES_COLOR":null,"HORSE_RACE_COLOR":null,"GENDER_COLOR":null,"ID":27035}},{"type":"Feature","geometry":{"type":"Polygon","coordinates":[[[76.5639,10.7794],[76.5677,10.7677],[76.5583,10.7558],[76.5608,10.7492],[76.5518,10.7454],[76.5546,10.7411],[76.5489,10.7353],[76.5689,10.7281],[76.571,10.72],[76.5632,10.7152],[76.5665,10.7111],[76.5636,10.6996],[76.5585,10.7009],[76.5601,10.6935],[76.5563,10.692],[76.5524,10.6964],[76.5515,10.6892],[76.544,10.6875],[76.5493,10.6825],[76.5466,10.6723],[76.5386,10.6688],[76.5397,10.6611],[76.527,10.6495],[76.5274,10.641],[76.5163,10.6367],[76.5123,10.628],[76.5356,10.6245],[76.5305,10.6109],[76.5131,10.6116],[76.5116,10.6051],[76.5084,10.6067],[76.5008,10.5994],[76.5025,10.5906],[76.4948,10.594],[76.4959,10.5881],[76.4882,10.584],[76.4861,10.5755],[76.4797,10.5774],[76.4812,10.5722],[76.4721,10.5757],[76.4652,10.5706],[76.4685,10.563],[76.4569,10.5632],[76.4521,10.5591],[76.4429,10.5621],[76.4391,10.5572],[76.4308,10.5584],[76.4205,10.5784],[76.4093,10.5791],[76.4028,10.591],[76.4042,10.6006],[76.4133,10.5956],[76.4138,10.606],[76.4223,10.6061],[76.4287,10.6143],[76.4241,10.6199],[76.4259,10.6273],[76.4207,10.6289],[76.4206,10.623],[76.4177,10.6273],[76.4226,10.6472],[76.4345,10.6499],[76.4411,10.663],[76.4487,10.6618],[76.4507,10.6655],[76.4485,10.6857],[76.4407,10.6966],[76.4518,10.7023],[76.4565,10.6994],[76.4638,10.721],[76.4777,10.7305],[76.4786,10.735],[76.4685,10.7414],[76.4725,10.7495],[76.4892,10.7641],[76.499,10.7703],[76.5096,10.7703],[76.5151,10.7802],[76.5258,10.7875],[76.5456,10.7893],[76.5522,10.7792],[76.5639,10.7794]]]},"properties":{"STATE":"KERALA","DISTRICT":"PALAKKAD","AC":"AC","AC_NAME":"TARUR","YEAR":2026.0,"RES":"SC","ELECTORS":165553.0,"VOTERS":132246.0,"TURNOUT":79.88,"MARGIN":11910.0,"MARGIN_PERCENTAGE":9.01,"MARGIN_PERCENTAGE2":null,"MARGIN_PERCENTAGE3":null,"PARTY_RANK1":"CPI(M)","PARTY_RANK2":"INC","PARTY_RANK3":"BJP","PARTY_RANK4":"NOTA","CANDIDATE_RANK1":"P P SUMOD","CANDIDATE_RANK2":"SUBRAMANIAN K C","CANDIDATE_RANK3":"SURESHBABU M","CANDIDATE_RANK4":"NOTA","COLOR":"#FF0000","VOTES_RANK1":60557.0,"VOTES_RANK1_PERCENTAGE":45.79,"VOTES_RANK2":48647.0,"VOTES_RANK2_PERCENTAGE":36.79,"VOTES_RANK3":21162.0,"VOTES_RANK3_PERCENTAGE":16.0,"VOTES_RANK4":1014.0,"VOTES_RANK4_PERCENTAGE":0.77,"CANDIDATE_RANK1_GENDER":null,"CANDIDATE_RANK2_GENDER":null,"CANDIDATE_RANK3_GENDER":null,"CANDIDATE_RANK4_GENDER":null,"HORSE_RACE":null,"GENERAL_ELECTORS_TOTAL":null,"GENERAL_ELECTORS_MALE":null,"GENERAL_ELECTORS_FEMALE":null,"GENERAL_ELECTORS_THIRD_GENDER":null,"GENERAL_VOTERS_TOTAL":null,"GENERAL_VOTERS_MALE":null,"GENERAL_VOTERS_FEMALE":null,"GENERAL_VOTERS_THIRD_GENDER":null,"GENERAL_TURNOUT_MALE":null,"GENERAL_TURNOUT_FEMALE":null,"GENERAL_TURNOUT_THIRD_GENDER":null,"RES_COLOR":null,"HORSE_RACE_COLOR":null,"GENDER_COLOR":null,"ID":27039}},{"type":"Feature","geometry":{"type":"Polygon","coordinates":[[[76.1029,10.8597],[76.1187,10.848],[76.1277,10.8497],[76.1281,10.8436],[76.1408,10.8449],[76.1367,10.8119],[76.1659,10.7946],[76.1826,10.7989],[76.1837,10.7873],[76.1889,10.7825],[76.206,10.7684],[76.2031,10.7521],[76.1926,10.7509],[76.172,10.7137],[76.1613,10.707],[76.1572,10.7181],[76.1539,10.7117],[76.1449,10.7198],[76.133,10.7225],[76.1227,10.7105],[76.0961,10.7283],[76.0827,10.7263],[76.0693,10.7304],[76.0694,10.7376],[76.0638,10.7437],[76.0543,10.74],[76.0466,10.7425],[76.0476,10.7508],[76.0398,10.7555],[76.0392,10.7673],[76.0426,10.7953],[76.0499,10.8007],[76.0456,10.7998],[76.046,10.8033],[76.0349,10.8083],[76.0367,10.8155],[76.0271,10.822],[76.0339,10.8273],[76.0323,10.8315],[76.0446,10.8485],[76.069,10.8379],[76.096,10.8411],[76.1026,10.8463],[76.1029,10.8597]]]},"properties":{"STATE":"KERALA","DISTRICT":"PALAKKAD","AC":"AC","AC_NAME":"THRITHALA","YEAR":2026.0,"RES":"GEN","ELECTORS":203814.0,"VOTERS":162186.0,"TURNOUT":79.58,"MARGIN":8385.0,"MARGIN_PERCENTAGE":5.17,"MARGIN_PERCENTAGE2":null,"MARGIN_PERCENTAGE3":null,"PARTY_RANK1":"INC","PARTY_RANK2":"CPI(M)","PARTY_RANK3":"BJP","PARTY_RANK4":"SDPI","CANDIDATE_RANK1":"V T BALRAM","CANDIDATE_RANK2":"M B RAJESH","CANDIDATE_RANK3":"V UNNIKRISHNAN MASTER","CANDIDATE_RANK4":"SHAHEER CHALIPRAM","COLOR":"#00BFFF","VOTES_RANK1":76427.0,"VOTES_RANK1_PERCENTAGE":47.12,"VOTES_RANK2":68042.0,"VOTES_RANK2_PERCENTAGE":41.95,"VOTES_RANK3":15051.0,"VOTES_RANK3_PERCENTAGE":9.28,"VOTES_RANK4":1746.0,"VOTES_RANK4_PERCENTAGE":1.08,"CANDIDATE_RANK1_GENDER":null,"CANDIDATE_RANK2_GENDER":null,"CANDIDATE_RANK3_GENDER":null,"CANDIDATE_RANK4_GENDER":null,"HORSE_RACE":null,"GENERAL_ELECTORS_TOTAL":null,"GENERAL_ELECTORS_MALE":null,"GENERAL_ELECTORS_FEMALE":null,"GENERAL_ELECTORS_THIRD_GENDER":null,"GENERAL_VOTERS_TOTAL":null,"GENERAL_VOTERS_MALE":null,"GENERAL_VOTERS_FEMALE":null,"GENERAL_VOTERS_THIRD_GENDER":null,"GENERAL_TURNOUT_MALE":null,"GENERAL_TURNOUT_FEMALE":null,"GENERAL_TURNOUT_THIRD_GENDER":null,"RES_COLOR":null,"HORSE_RACE_COLOR":null,"GENDER_COLOR":null,"ID":27049}},{"type":"Feature","geometry":{"type":"Polygon","coordinates":[[[76.6577,9.2422],[76.6646,9.2379],[76.6694,9.2398],[76.6716,9.2316],[76.6746,9.2366],[76.6905,9.2334],[76.6941,9.2263],[76.7073,9.2258],[76.711,9.2293],[76.7159,9.2239],[76.7216,9.2279],[76.7492,9.2096],[76.7672,9.2073],[76.7801,9.1898],[76.7963,9.1824],[76.7945,9.1782],[76.7889,9.183],[76.789,9.1791],[76.7956,9.1759],[76.8021,9.177],[76.8085,9.1705],[76.7897,9.1751],[76.7952,9.1698],[76.7945,9.1631],[76.808,9.157],[76.8024,9.1584],[76.8059,9.1518],[76.796,9.157],[76.795,9.1487],[76.785,9.1488],[76.783,9.1432],[76.7767,9.1413],[76.7828,9.1404],[76.7849,9.1334],[76.792,9.1361],[76.7934,9.125],[76.8042,9.1242],[76.8044,9.1205],[76.795,9.1201],[76.7882,9.1132],[76.7824,9.1139],[76.7659,9.0946],[76.7711,9.0752],[76.7583,9.0729],[76.7548,9.0887],[76.749,9.083],[76.7402,9.0877],[76.7352,9.0829],[76.7114,9.0864],[76.693,9.0921],[76.6859,9.0878],[76.6839,9.0808],[76.6758,9.0777],[76.6715,9.0816],[76.678,9.0895],[76.6762,9.1143],[76.6724,9.1184],[76.6549,9.1132],[76.6451,9.1237],[76.6345,9.1216],[76.6374,9.1404],[76.6349,9.1422],[76.6404,9.1507],[76.6623,9.1499],[76.6745,9.1537],[76.6732,9.1669],[76.6854,9.1743],[76.6674,9.1994],[76.6533,9.2013],[76.6492,9.2087],[76.6439,9.2033],[76.6392,9.2338],[76.6577,9.2422]]]},"properties":{"STATE":"KERALA","DISTRICT":"PATHANAMTHITTA","AC":"AC","AC_NAME":"ADOOR","YEAR":2026.0,"RES":"SC","ELECTORS":202370.0,"VOTERS":149670.0,"TURNOUT":73.96,"MARGIN":10332.0,"MARGIN_PERCENTAGE":6.9,"MARGIN_PERCENTAGE2":null,"MARGIN_PERCENTAGE3":null,"PARTY_RANK1":"INC","PARTY_RANK2":"CPI","PARTY_RANK3":"BJP","PARTY_RANK4":"NOTA","CANDIDATE_RANK1":"ADVOCATE C V SANTHAKUMAR","CANDIDATE_RANK2":"PRIJI KANNAN","CANDIDATE_RANK3":"ADV. PANDALAM PRATHAPAN","CANDIDATE_RANK4":"NOTA","COLOR":"#00BFFF","VOTES_RANK1":66153.0,"VOTES_RANK1_PERCENTAGE":44.2,"VOTES_RANK2":55821.0,"VOTES_RANK2_PERCENTAGE":37.3,"VOTES_RANK3":26337.0,"VOTES_RANK3_PERCENTAGE":17.6,"VOTES_RANK4":783.0,"VOTES_RANK4_PERCENTAGE":0.52,"CANDIDATE_RANK1_GENDER":null,"CANDIDATE_RANK2_GENDER":null,"CANDIDATE_RANK3_GENDER":null,"CANDIDATE_RANK4_GENDER":null,"HORSE_RACE":null,"GENERAL_ELECTORS_TOTAL":null,"GENERAL_ELECTORS_MALE":null,"GENERAL_ELECTORS_FEMALE":null,"GENERAL_ELECTORS_THIRD_GENDER":null,"GENERAL_VOTERS_TOTAL":null,"GENERAL_VOTERS_MALE":null,"GENERAL_VOTERS_FEMALE":null,"GENERAL_VOTERS_THIRD_GENDER":null,"GENERAL_TURNOUT_MALE":null,"GENERAL_TURNOUT_FEMALE":null,"GENERAL_TURNOUT_THIRD_GENDER":null,"RES_COLOR":null,"HORSE_RACE_COLOR":null,"GENDER_COLOR":null,"ID":26925}},{"type":"Feature","geometry":{"type":"Polygon","coordinates":[[[76.7123,9.3783],[76.7187,9.3693],[76.7178,9.3644],[76.7114,9.3645],[76.7117,9.3602],[76.725,9.3484],[76.7255,9.3344],[76.7383,9.3293],[76.739,9.3334],[76.7546,9.3323],[76.7585,9.328],[76.7651,9.3333],[76.7821,9.3222],[76.7852,9.3057],[76.7798,9.2985],[76.7888,9.3004],[76.7889,9.2872],[76.8253,9.2836],[76.8283,9.2727],[76.8252,9.262],[76.8211,9.2663],[76.8169,9.2634],[76.8219,9.2555],[76.8175,9.254],[76.8083,9.2619],[76.805,9.2575],[76.7981,9.2609],[76.8009,9.258],[76.7983,9.2523],[76.7885,9.258],[76.7886,9.2525],[76.7813,9.2464],[76.788,9.2361],[76.7788,9.2273],[76.77,9.2336],[76.7614,9.2284],[76.7538,9.2308],[76.7539,9.2349],[76.7499,9.2329],[76.7448,9.239],[76.7421,9.2312],[76.7275,9.2326],[76.7216,9.2279],[76.7159,9.2239],[76.711,9.2293],[76.7073,9.2258],[76.6941,9.2263],[76.6905,9.2334],[76.6746,9.2366],[76.6716,9.2316],[76.6694,9.2398],[76.6646,9.2379],[76.6577,9.2422],[76.6549,9.2617],[76.6643,9.2662],[76.6619,9.2693],[76.6664,9.2695],[76.67,9.276],[76.6661,9.2772],[76.6768,9.2828],[76.6752,9.2914],[76.6536,9.2924],[76.6516,9.3085],[76.6451,9.3101],[76.6415,9.3235],[76.6353,9.3272],[76.642,9.3334],[76.6416,9.3411],[76.6285,9.3427],[76.6278,9.3373],[76.6114,9.3432],[76.6162,9.3516],[76.6123,9.3567],[76.6005,9.3576],[76.6028,9.3674],[76.597,9.3728],[76.6026,9.3853],[76.6174,9.382],[76.629,9.3947],[76.6326,9.3901],[76.6436,9.3897],[76.6499,9.3832],[76.6495,9.3746],[76.6796,9.3815],[76.6869,9.3783],[76.7088,9.3821],[76.7123,9.3783]]]},"properties":{"STATE":"KERALA","DISTRICT":"PATHANAMTHITTA","AC":"AC","AC_NAME":"ARANMULA","YEAR":2026.0,"RES":"GEN","ELECTORS":215771.0,"VOTERS":157450.0,"TURNOUT":72.97,"MARGIN":18985.0,"MARGIN_PERCENTAGE":12.06,"MARGIN_PERCENTAGE2":null,"MARGIN_PERCENTAGE3":null,"PARTY_RANK1":"INC","PARTY_RANK2":"CPI(M)","PARTY_RANK3":"BJP","PARTY_RANK4":"NOTA","CANDIDATE_RANK1":"ABIN VARKEY KODIYATTU","CANDIDATE_RANK2":"VEENA GEORGE","CANDIDATE_RANK3":"KUMMANAM RAJASEKHARAN","CANDIDATE_RANK4":"NOTA","COLOR":"#00BFFF","VOTES_RANK1":70083.0,"VOTES_RANK1_PERCENTAGE":44.51,"VOTES_RANK2":51098.0,"VOTES_RANK2_PERCENTAGE":32.45,"VOTES_RANK3":34983.0,"VOTES_RANK3_PERCENTAGE":22.22,"VOTES_RANK4":615.0,"VOTES_RANK4_PERCENTAGE":0.39,"CANDIDATE_RANK1_GENDER":null,"CANDIDATE_RANK2_GENDER":null,"CANDIDATE_RANK3_GENDER":null,"CANDIDATE_RANK4_GENDER":null,"HORSE_RACE":null,"GENERAL_ELECTORS_TOTAL":null,"GENERAL_ELECTORS_MALE":null,"GENERAL_ELECTORS_FEMALE":null,"GENERAL_ELECTORS_THIRD_GENDER":null,"GENERAL_VOTERS_TOTAL":null,"GENERAL_VOTERS_MALE":null,"GENERAL_VOTERS_FEMALE":null,"GENERAL_VOTERS_THIRD_GENDER":null,"GENERAL_TURNOUT_MALE":null,"GENERAL_TURNOUT_FEMALE":null,"GENERAL_TURNOUT_THIRD_GENDER":null,"RES_COLOR":null,"HORSE_RACE_COLOR":null,"GENDER_COLOR":null,"ID":26931}},{"type":"Feature","geometry":{"type":"Polygon","coordinates":[[[77.1428,9.4612],[77.1546,9.471],[77.1663,9.4696],[77.1689,9.4618],[77.1812,9.4723],[77.1834,9.4544],[77.1882,9.4562],[77.1903,9.4498],[77.2067,9.4506],[77.2079,9.4416],[77.2118,9.444],[77.2241,9.4342],[77.2205,9.4214],[77.2287,9.42],[77.2281,9.411],[77.2454,9.3891],[77.2481,9.3778],[77.2348,9.3503],[77.2381,9.3407],[77.2304,9.3307],[77.2351,9.3242],[77.2247,9.3124],[77.2246,9.2961],[77.2357,9.2931],[77.2372,9.2828],[77.249,9.2899],[77.2819,9.2731],[77.2799,9.2407],[77.2741,9.2352],[77.2822,9.2168],[77.2708,9.2023],[77.2567,9.1992],[77.2531,9.1892],[77.2662,9.1818],[77.2674,9.1542],[77.253,9.1393],[77.2472,9.1247],[77.2285,9.1169],[77.2261,9.1078],[77.2122,9.1002],[77.2058,9.0851],[77.2077,9.0722],[77.1541,9.082],[77.1542,9.0875],[77.1452,9.0835],[77.1207,9.0948],[77.111,9.0934],[77.0788,9.1135],[77.0679,9.1141],[77.0648,9.1194],[77.0579,9.1172],[77.0545,9.1273],[77.0472,9.1234],[77.0184,9.1307],[77.0093,9.1404],[76.9939,9.1399],[76.9889,9.1453],[76.9623,9.1525],[76.9306,9.1734],[76.9268,9.1389],[76.9363,9.1359],[76.9407,9.1388],[76.9484,9.1312],[76.9601,9.1299],[76.9488,9.1175],[76.9253,9.1188],[76.9239,9.1229],[76.9022,9.1252],[76.8983,9.1304],[76.8944,9.1239],[76.8849,9.122],[76.8759,9.1309],[76.8657,9.1156],[76.8588,9.1179],[76.8515,9.1126],[76.852,9.0997],[76.8413,9.0921],[76.823,9.0935],[76.809,9.1085],[76.7933,9.1091],[76.7882,9.1132],[76.795,9.1201],[76.8044,9.1205],[76.8042,9.1242],[76.7934,9.125],[76.792,9.1361],[76.7849,9.1334],[76.7828,9.1404],[76.7767,9.1413],[76.783,9.1432],[76.785,9.1488],[76.795,9.1487],[76.796,9.157],[76.8059,9.1518],[76.8024,9.1584],[76.808,9.157],[76.7945,9.1631],[76.7952,9.1698],[76.7897,9.1751],[76.8085,9.1705],[76.8021,9.177],[76.7956,9.1759],[76.789,9.1791],[76.7889,9.183],[76.7945,9.1782],[76.7963,9.1824],[76.7801,9.1898],[76.7672,9.2073],[76.7492,9.2096],[76.7216,9.2279],[76.7275,9.2326],[76.7421,9.2312],[76.7448,9.239],[76.7499,9.2329],[76.7539,9.2349],[76.7538,9.2308],[76.7614,9.2284],[76.77,9.2336],[76.7788,9.2273],[76.788,9.2361],[76.7813,9.2464],[76.7886,9.2525],[76.7885,9.258],[76.7983,9.2523],[76.8009,9.258],[76.7981,9.2609],[76.805,9.2575],[76.8083,9.2619],[76.8175,9.254],[76.8219,9.2555],[76.8169,9.2634],[76.8211,9.2663],[76.8252,9.262],[76.8283,9.2727],[76.8253,9.2836],[76.7889,9.2872],[76.7888,9.3004],[76.7798,9.2985],[76.7852,9.3057],[76.7821,9.3222],[76.7903,9.3313],[76.7948,9.3305],[76.8056,9.3241],[76.8077,9.3159],[76.8109,9.3201],[76.8204,9.3107],[76.8268,9.3108],[76.8399,9.302],[76.8444,9.3037],[76.863,9.2979],[76.8666,9.292],[76.8948,9.2872],[76.898,9.3051],[76.884,9.3125],[76.8845,9.3166],[76.8772,9.3214],[76.8792,9.3301],[76.8968,9.331],[76.8991,9.3487],[76.9444,9.3388],[76.9679,9.3623],[76.9777,9.3556],[76.9868,9.3659],[76.999,9.3624],[76.9969,9.3852],[76.9995,9.3912],[77.0205,9.3949],[77.0178,9.4073],[77.0288,9.4076],[77.0527,9.4183],[77.0669,9.4169],[77.0477,9.4525],[77.0538,9.4614],[77.0727,9.4565],[77.0871,9.4627],[77.1036,9.4798],[77.1195,9.4794],[77.1307,9.4932],[77.1431,9.4873],[77.1428,9.4612]]]},"properties":{"STATE":"KERALA","DISTRICT":"PATHANAMTHITTA","AC":"AC","AC_NAME":"KONNI","YEAR":2026.0,"RES":"GEN","ELECTORS":190246.0,"VOTERS":135405.0,"TURNOUT":71.17,"MARGIN":1838.0,"MARGIN_PERCENTAGE":1.36,"MARGIN_PERCENTAGE2":null,"MARGIN_PERCENTAGE3":null,"PARTY_RANK1":"CPI(M)","PARTY_RANK2":"INC","PARTY_RANK3":"BDJS","PARTY_RANK4":"NOTA","CANDIDATE_RANK1":"ADV K U JENISH KUMAR","CANDIDATE_RANK2":"PROF SATHEESH KOCHUPARAMBIL","CANDIDATE_RANK3":"SUNDARESAN T P","CANDIDATE_RANK4":"NOTA","COLOR":"#FF0000","VOTES_RANK1":60380.0,"VOTES_RANK1_PERCENTAGE":44.59,"VOTES_RANK2":58542.0,"VOTES_RANK2_PERCENTAGE":43.23,"VOTES_RANK3":15278.0,"VOTES_RANK3_PERCENTAGE":11.28,"VOTES_RANK4":805.0,"VOTES_RANK4_PERCENTAGE":0.59,"CANDIDATE_RANK1_GENDER":null,"CANDIDATE_RANK2_GENDER":null,"CANDIDATE_RANK3_GENDER":null,"CANDIDATE_RANK4_GENDER":null,"HORSE_RACE":null,"GENERAL_ELECTORS_TOTAL":null,"GENERAL_ELECTORS_MALE":null,"GENERAL_ELECTORS_FEMALE":null,"GENERAL_ELECTORS_THIRD_GENDER":null,"GENERAL_VOTERS_TOTAL":null,"GENERAL_VOTERS_MALE":null,"GENERAL_VOTERS_FEMALE":null,"GENERAL_VOTERS_THIRD_GENDER":null,"GENERAL_TURNOUT_MALE":null,"GENERAL_TURNOUT_FEMALE":null,"GENERAL_TURNOUT_THIRD_GENDER":null,"RES_COLOR":null,"HORSE_RACE_COLOR":null,"GENDER_COLOR":null,"ID":26979}},{"type":"Feature","geometry":{"type":"Polygon","coordinates":[[[76.7425,9.4742],[76.7473,9.4742],[76.7488,9.4631],[76.7516,9.4634],[76.7491,9.453],[76.7559,9.4531],[76.7652,9.4365],[76.7818,9.4484],[76.7929,9.4447],[76.7914,9.451],[76.7994,9.4519],[76.8004,9.46],[76.8064,9.4549],[76.8181,9.4556],[76.8235,9.4457],[76.8299,9.4521],[76.8483,9.4457],[76.855,9.457],[76.8847,9.4436],[76.9117,9.4241],[76.9229,9.425],[76.9233,9.4165],[76.9277,9.4156],[76.9411,9.4208],[76.9401,9.4339],[76.9456,9.4355],[76.9409,9.4457],[76.9505,9.449],[76.959,9.4616],[76.9701,9.4648],[76.9938,9.4492],[77.0152,9.4419],[77.0172,9.4302],[77.0092,9.4295],[77.0078,9.4254],[77.0122,9.4179],[77.0095,9.409],[77.0178,9.4073],[77.0205,9.3949],[76.9995,9.3912],[76.9969,9.3852],[76.999,9.3624],[76.9868,9.3659],[76.9777,9.3556],[76.9679,9.3623],[76.9444,9.3388],[76.8991,9.3487],[76.8968,9.331],[76.8792,9.3301],[76.8772,9.3214],[76.8845,9.3166],[76.884,9.3125],[76.898,9.3051],[76.8948,9.2872],[76.8666,9.292],[76.863,9.2979],[76.8444,9.3037],[76.8399,9.302],[76.8268,9.3108],[76.8204,9.3107],[76.8109,9.3201],[76.8077,9.3159],[76.8056,9.3241],[76.7948,9.3305],[76.7903,9.3313],[76.7821,9.3222],[76.7651,9.3333],[76.7585,9.328],[76.7546,9.3323],[76.739,9.3334],[76.7383,9.3293],[76.7255,9.3344],[76.725,9.3484],[76.7117,9.3602],[76.7114,9.3645],[76.7178,9.3644],[76.7187,9.3693],[76.7123,9.3783],[76.7088,9.3821],[76.6869,9.3783],[76.6796,9.3815],[76.6789,9.3918],[76.6678,9.4025],[76.6719,9.4057],[76.6762,9.4028],[76.6817,9.4113],[76.6864,9.4093],[76.6966,9.4202],[76.6922,9.4251],[76.695,9.4347],[76.6874,9.4397],[76.6909,9.445],[76.6872,9.4536],[76.6991,9.4538],[76.7043,9.4481],[76.7081,9.4544],[76.7313,9.4666],[76.7331,9.4747],[76.7425,9.4742]]]},"properties":{"STATE":"KERALA","DISTRICT":"PATHANAMTHITTA","AC":"AC","AC_NAME":"RANNI","YEAR":2026.0,"RES":"GEN","ELECTORS":176400.0,"VOTERS":123843.0,"TURNOUT":70.21,"MARGIN":4344.0,"MARGIN_PERCENTAGE":3.51,"MARGIN_PERCENTAGE2":null,"MARGIN_PERCENTAGE3":null,"PARTY_RANK1":"INC","PARTY_RANK2":"KEC(M)","PARTY_RANK3":"TTPty","PARTY_RANK4":"NOTA","CANDIDATE_RANK1":"ADV. PAZHAKULAM MADHU","CANDIDATE_RANK2":"ADV. PRAMOD NARAYAN","CANDIDATE_RANK3":"THOMAS K SAMUEL (BLESSON)","CANDIDATE_RANK4":"NOTA","COLOR":"#00BFFF","VOTES_RANK1":54652.0,"VOTES_RANK1_PERCENTAGE":44.13,"VOTES_RANK2":50308.0,"VOTES_RANK2_PERCENTAGE":40.62,"VOTES_RANK3":17993.0,"VOTES_RANK3_PERCENTAGE":14.53,"VOTES_RANK4":557.0,"VOTES_RANK4_PERCENTAGE":0.45,"CANDIDATE_RANK1_GENDER":null,"CANDIDATE_RANK2_GENDER":null,"CANDIDATE_RANK3_GENDER":null,"CANDIDATE_RANK4_GENDER":null,"HORSE_RACE":null,"GENERAL_ELECTORS_TOTAL":null,"GENERAL_ELECTORS_MALE":null,"GENERAL_ELECTORS_FEMALE":null,"GENERAL_ELECTORS_THIRD_GENDER":null,"GENERAL_VOTERS_TOTAL":null,"GENERAL_VOTERS_MALE":null,"GENERAL_VOTERS_FEMALE":null,"GENERAL_VOTERS_THIRD_GENDER":null,"GENERAL_TURNOUT_MALE":null,"GENERAL_TURNOUT_FEMALE":null,"GENERAL_TURNOUT_THIRD_GENDER":null,"RES_COLOR":null,"HORSE_RACE_COLOR":null,"GENDER_COLOR":null,"ID":27034}},{"type":"Feature","geometry":{"type":"Polygon","coordinates":[[[76.6154,9.4615],[76.6262,9.4611],[76.6301,9.4726],[76.6355,9.4623],[76.6416,9.4681],[76.643,9.4794],[76.6805,9.4835],[76.7005,9.4764],[76.7,9.4685],[76.7081,9.4544],[76.7043,9.4481],[76.6991,9.4538],[76.6872,9.4536],[76.6909,9.445],[76.6874,9.4397],[76.695,9.4347],[76.6922,9.4251],[76.6966,9.4202],[76.6864,9.4093],[76.6817,9.4113],[76.6762,9.4028],[76.6719,9.4057],[76.6678,9.4025],[76.6789,9.3918],[76.6796,9.3815],[76.6495,9.3746],[76.6499,9.3832],[76.6436,9.3897],[76.6326,9.3901],[76.629,9.3947],[76.6174,9.382],[76.6026,9.3853],[76.597,9.3728],[76.6028,9.3674],[76.6005,9.3576],[76.6123,9.3567],[76.6162,9.3516],[76.6114,9.3432],[76.5984,9.347],[76.5959,9.3528],[76.5816,9.3474],[76.5773,9.3537],[76.5668,9.3563],[76.5501,9.3508],[76.5598,9.3434],[76.5534,9.3357],[76.5516,9.3245],[76.5384,9.3219],[76.5318,9.3292],[76.5274,9.3252],[76.4928,9.3254],[76.4747,9.3284],[76.4739,9.3327],[76.4826,9.3461],[76.5127,9.3543],[76.5159,9.3661],[76.5238,9.3662],[76.5141,9.3697],[76.509,9.3771],[76.5136,9.4008],[76.5159,9.409],[76.5242,9.4085],[76.5313,9.417],[76.5373,9.4145],[76.5439,9.4226],[76.553,9.4237],[76.5587,9.4113],[76.5651,9.4111],[76.5793,9.4226],[76.5938,9.4145],[76.5965,9.4195],[76.5915,9.4285],[76.5908,9.4455],[76.6037,9.4507],[76.6023,9.4584],[76.6089,9.4544],[76.6091,9.46],[76.6154,9.4615]]]},"properties":{"STATE":"KERALA","DISTRICT":"PATHANAMTHITTA","AC":"AC","AC_NAME":"THIRUVALLA","YEAR":2026.0,"RES":"GEN","ELECTORS":198787.0,"VOTERS":140745.0,"TURNOUT":70.8,"MARGIN":10146.0,"MARGIN_PERCENTAGE":7.21,"MARGIN_PERCENTAGE2":null,"MARGIN_PERCENTAGE3":null,"PARTY_RANK1":"KEC","PARTY_RANK2":"BJP","PARTY_RANK3":"IND","PARTY_RANK4":"BSP","CANDIDATE_RANK1":"ADV.VARGHESE MAMMEN","CANDIDATE_RANK2":"ANOOP ANTONY","CANDIDATE_RANK3":"ADV. MATHEW T THOMAS","CANDIDATE_RANK4":"RAMESH CHATHENKARY","COLOR":"#FF6347","VOTES_RANK1":53224.0,"VOTES_RANK1_PERCENTAGE":37.82,"VOTES_RANK2":43078.0,"VOTES_RANK2_PERCENTAGE":30.61,"VOTES_RANK3":42023.0,"VOTES_RANK3_PERCENTAGE":29.86,"VOTES_RANK4":999.0,"VOTES_RANK4_PERCENTAGE":0.71,"CANDIDATE_RANK1_GENDER":null,"CANDIDATE_RANK2_GENDER":null,"CANDIDATE_RANK3_GENDER":null,"CANDIDATE_RANK4_GENDER":null,"HORSE_RACE":null,"GENERAL_ELECTORS_TOTAL":null,"GENERAL_ELECTORS_MALE":null,"GENERAL_ELECTORS_FEMALE":null,"GENERAL_ELECTORS_THIRD_GENDER":null,"GENERAL_VOTERS_TOTAL":null,"GENERAL_VOTERS_MALE":null,"GENERAL_VOTERS_FEMALE":null,"GENERAL_VOTERS_THIRD_GENDER":null,"GENERAL_TURNOUT_MALE":null,"GENERAL_TURNOUT_FEMALE":null,"GENERAL_TURNOUT_THIRD_GENDER":null,"RES_COLOR":null,"HORSE_RACE_COLOR":null,"GENDER_COLOR":null,"ID":27042}},{"type":"Feature","geometry":{"type":"Polygon","coordinates":[[[77.1832,8.7169],[77.195,8.7078],[77.2072,8.685],[77.2013,8.6688],[77.2087,8.6636],[77.2152,8.6483],[77.2248,8.6394],[77.2297,8.6405],[77.2335,8.628],[77.2461,8.6209],[77.2458,8.6164],[77.2313,8.6189],[77.2302,8.6069],[77.2229,8.6185],[77.2153,8.6173],[77.2094,8.5963],[77.2031,8.5951],[77.2044,8.585],[77.1997,8.5768],[77.1781,8.5717],[77.1644,8.576],[77.1592,8.5691],[77.1625,8.5585],[77.1521,8.5592],[77.1563,8.5537],[77.1534,8.551],[77.1298,8.5564],[77.1201,8.5493],[77.1157,8.5518],[77.1175,8.5384],[77.1266,8.5248],[77.1222,8.517],[77.1264,8.5145],[77.1182,8.5092],[77.1181,8.502],[77.109,8.508],[77.0887,8.5058],[77.0617,8.5251],[77.0622,8.5293],[77.0514,8.54],[77.0426,8.5406],[77.0364,8.5477],[77.0311,8.5449],[77.0157,8.5477],[77.0127,8.5479],[76.9946,8.5519],[76.9919,8.5701],[76.9962,8.5745],[76.9946,8.5822],[77.0138,8.5943],[77.0027,8.6101],[76.9869,8.6148],[76.9783,8.6231],[77.0133,8.6241],[77.0216,8.6277],[77.0215,8.6383],[77.0432,8.6393],[77.0428,8.643],[77.0514,8.6443],[77.0444,8.663],[77.0593,8.689],[77.0646,8.6849],[77.0757,8.6858],[77.0762,8.7011],[77.0907,8.7031],[77.0987,8.6969],[77.0992,8.7025],[77.1245,8.7133],[77.1319,8.7083],[77.1832,8.7169]]]},"properties":{"STATE":"KERALA","DISTRICT":"THIRUVANANTHAPURAM","AC":"AC","AC_NAME":"ARUVIKKARA","YEAR":2026.0,"RES":"GEN","ELECTORS":181960.0,"VOTERS":146878.0,"TURNOUT":80.72,"MARGIN":2843.0,"MARGIN_PERCENTAGE":1.94,"MARGIN_PERCENTAGE2":null,"MARGIN_PERCENTAGE3":null,"PARTY_RANK1":"CPI(M)","PARTY_RANK2":"INC","PARTY_RANK3":"BJP","PARTY_RANK4":"NOTA","CANDIDATE_RANK1":"ADV. G. STEEPHEN","CANDIDATE_RANK2":"V. S. SIVAKUMAR","CANDIDATE_RANK3":"VIVEK GOPAN","CANDIDATE_RANK4":"NOTA","COLOR":"#FF0000","VOTES_RANK1":61907.0,"VOTES_RANK1_PERCENTAGE":42.15,"VOTES_RANK2":59064.0,"VOTES_RANK2_PERCENTAGE":40.21,"VOTES_RANK3":23760.0,"VOTES_RANK3_PERCENTAGE":16.18,"VOTES_RANK4":775.0,"VOTES_RANK4_PERCENTAGE":0.53,"CANDIDATE_RANK1_GENDER":null,"CANDIDATE_RANK2_GENDER":null,"CANDIDATE_RANK3_GENDER":null,"CANDIDATE_RANK4_GENDER":null,"HORSE_RACE":null,"GENERAL_ELECTORS_TOTAL":null,"GENERAL_ELECTORS_MALE":null,"GENERAL_ELECTORS_FEMALE":null,"GENERAL_ELECTORS_THIRD_GENDER":null,"GENERAL_VOTERS_TOTAL":null,"GENERAL_VOTERS_MALE":null,"GENERAL_VOTERS_FEMALE":null,"GENERAL_VOTERS_THIRD_GENDER":null,"GENERAL_TURNOUT_MALE":null,"GENERAL_TURNOUT_FEMALE":null,"GENERAL_TURNOUT_THIRD_GENDER":null,"RES_COLOR":null,"HORSE_RACE_COLOR":null,"GENDER_COLOR":null,"ID":26933}},{"type":"Feature","geometry":{"type":"Polygon","coordinates":[[[76.8529,8.8177],[76.8829,8.8058],[76.8903,8.8115],[76.9002,8.8115],[76.9213,8.7866],[76.9152,8.782],[76.9153,8.7769],[76.9333,8.7618],[76.932,8.756],[76.8963,8.7274],[76.8916,8.7187],[76.8785,8.7297],[76.8704,8.7176],[76.8668,8.7225],[76.862,8.7171],[76.857,8.724],[76.844,8.7039],[76.8494,8.6984],[76.8486,8.6916],[76.8228,8.6878],[76.8224,8.6803],[76.8182,8.6838],[76.8062,8.6832],[76.7861,8.6783],[76.7861,8.6866],[76.7808,8.6903],[76.7578,8.6791],[76.7471,8.6891],[76.746,8.6992],[76.7401,8.6997],[76.7425,8.7348],[76.7807,8.7606],[76.797,8.7678],[76.8132,8.7679],[76.816,8.7757],[76.825,8.7794],[76.8222,8.7835],[76.825,8.7928],[76.8357,8.794],[76.8383,8.8082],[76.8428,8.8077],[76.8529,8.8177]]]},"properties":{"STATE":"KERALA","DISTRICT":"THIRUVANANTHAPURAM","AC":"AC","AC_NAME":"ATTINGAL","YEAR":2026.0,"RES":"SC","ELECTORS":198361.0,"VOTERS":149916.0,"TURNOUT":75.58,"MARGIN":13375.0,"MARGIN_PERCENTAGE":8.92,"MARGIN_PERCENTAGE2":null,"MARGIN_PERCENTAGE3":null,"PARTY_RANK1":"CPI(M)","PARTY_RANK2":"BJP","PARTY_RANK3":"RSP","PARTY_RANK4":"NOTA","CANDIDATE_RANK1":"O.S AMBIKA","CANDIDATE_RANK2":"ADV. P SUDHEER","CANDIDATE_RANK3":"SANTHOSH BHADRAN","CANDIDATE_RANK4":"NOTA","COLOR":"#FF0000","VOTES_RANK1":59163.0,"VOTES_RANK1_PERCENTAGE":39.46,"VOTES_RANK2":45788.0,"VOTES_RANK2_PERCENTAGE":30.54,"VOTES_RANK3":41372.0,"VOTES_RANK3_PERCENTAGE":27.6,"VOTES_RANK4":1272.0,"VOTES_RANK4_PERCENTAGE":0.85,"CANDIDATE_RANK1_GENDER":null,"CANDIDATE_RANK2_GENDER":null,"CANDIDATE_RANK3_GENDER":null,"CANDIDATE_RANK4_GENDER":null,"HORSE_RACE":null,"GENERAL_ELECTORS_TOTAL":null,"GENERAL_ELECTORS_MALE":null,"GENERAL_ELECTORS_FEMALE":null,"GENERAL_ELECTORS_THIRD_GENDER":null,"GENERAL_VOTERS_TOTAL":null,"GENERAL_VOTERS_MALE":null,"GENERAL_VOTERS_FEMALE":null,"GENERAL_VOTERS_THIRD_GENDER":null,"GENERAL_TURNOUT_MALE":null,"GENERAL_TURNOUT_FEMALE":null,"GENERAL_TURNOUT_THIRD_GENDER":null,"RES_COLOR":null,"HORSE_RACE_COLOR":null,"GENDER_COLOR":null,"ID":26934}},{"type":"Feature","geometry":{"type":"Polygon","coordinates":[[[76.8704,8.7176],[76.8733,8.7094],[76.8861,8.702],[76.8838,8.68],[76.8797,8.66],[76.875,8.659],[76.8682,8.6744],[76.8643,8.6721],[76.8625,8.6583],[76.8556,8.6472],[76.8617,8.6225],[76.8531,8.6198],[76.8523,8.6127],[76.8409,8.6025],[76.8316,8.6049],[76.8562,8.5797],[76.8724,8.5617],[76.869,8.5549],[76.8554,8.5485],[76.7355,8.6966],[76.7401,8.6997],[76.746,8.6992],[76.7471,8.6891],[76.7578,8.6791],[76.7808,8.6903],[76.7861,8.6866],[76.7861,8.6783],[76.8062,8.6832],[76.8182,8.6838],[76.8224,8.6803],[76.8228,8.6878],[76.8486,8.6916],[76.8494,8.6984],[76.844,8.7039],[76.857,8.724],[76.862,8.7171],[76.8668,8.7225],[76.8704,8.7176]]]},"properties":{"STATE":"KERALA","DISTRICT":"THIRUVANANTHAPURAM","AC":"AC","AC_NAME":"CHIRAYINKEEZHU","YEAR":2026.0,"RES":"SC","ELECTORS":195562.0,"VOTERS":147566.0,"TURNOUT":75.46,"MARGIN":1422.0,"MARGIN_PERCENTAGE":0.96,"MARGIN_PERCENTAGE2":null,"MARGIN_PERCENTAGE3":null,"PARTY_RANK1":"INC","PARTY_RANK2":"CPI","PARTY_RANK3":"BJP","PARTY_RANK4":"NOTA","CANDIDATE_RANK1":"RAMYA HARIDAS","CANDIDATE_RANK2":"MANOJ EDAMANA","CANDIDATE_RANK3":"B. S. ANOOP","CANDIDATE_RANK4":"NOTA","COLOR":"#00BFFF","VOTES_RANK1":56833.0,"VOTES_RANK1_PERCENTAGE":38.51,"VOTES_RANK2":55411.0,"VOTES_RANK2_PERCENTAGE":37.55,"VOTES_RANK3":32920.0,"VOTES_RANK3_PERCENTAGE":22.31,"VOTES_RANK4":1042.0,"VOTES_RANK4_PERCENTAGE":0.71,"CANDIDATE_RANK1_GENDER":null,"CANDIDATE_RANK2_GENDER":null,"CANDIDATE_RANK3_GENDER":null,"CANDIDATE_RANK4_GENDER":null,"HORSE_RACE":null,"GENERAL_ELECTORS_TOTAL":null,"GENERAL_ELECTORS_MALE":null,"GENERAL_ELECTORS_FEMALE":null,"GENERAL_ELECTORS_THIRD_GENDER":null,"GENERAL_VOTERS_TOTAL":null,"GENERAL_VOTERS_MALE":null,"GENERAL_VOTERS_FEMALE":null,"GENERAL_VOTERS_THIRD_GENDER":null,"GENERAL_TURNOUT_MALE":null,"GENERAL_TURNOUT_FEMALE":null,"GENERAL_TURNOUT_THIRD_GENDER":null,"RES_COLOR":null,"HORSE_RACE_COLOR":null,"GENDER_COLOR":null,"ID":26946}},{"type":"Feature","geometry":{"type":"Polygon","coordinates":[[[77.0157,8.5477],[77.0311,8.5449],[77.0364,8.5477],[77.0426,8.5406],[77.0514,8.54],[77.0622,8.5293],[77.0617,8.5251],[77.0887,8.5058],[77.109,8.508],[77.1181,8.502],[77.1181,8.4952],[77.1242,8.4923],[77.1189,8.4909],[77.1253,8.4744],[77.0913,8.4686],[77.0966,8.4575],[77.0874,8.444],[77.0801,8.4421],[77.0754,8.4315],[77.0685,8.4352],[77.063,8.4324],[77.0596,8.4423],[77.0517,8.4464],[77.0513,8.4419],[77.0465,8.4406],[77.05,8.4342],[77.0441,8.4264],[77.0237,8.4307],[77.0165,8.4444],[77.0092,8.442],[77.0101,8.449],[77.0102,8.45],[77.0036,8.4543],[77.0032,8.4699],[77.0035,8.507],[77.0075,8.5187],[77.014,8.5206],[77.0063,8.5381],[77.0127,8.5479],[77.0157,8.5477]]]},"properties":{"STATE":"KERALA","DISTRICT":"THIRUVANANTHAPURAM","AC":"AC","AC_NAME":"KATTAKKADA","YEAR":2026.0,"RES":"GEN","ELECTORS":177917.0,"VOTERS":146244.0,"TURNOUT":82.2,"MARGIN":7136.0,"MARGIN_PERCENTAGE":4.88,"MARGIN_PERCENTAGE2":null,"MARGIN_PERCENTAGE3":null,"PARTY_RANK1":"INC","PARTY_RANK2":"CPI(M)","PARTY_RANK3":"BJP","PARTY_RANK4":"NOTA","CANDIDATE_RANK1":"M. R. BAIJU","CANDIDATE_RANK2":"ADV. I. B. SATHEESH","CANDIDATE_RANK3":"P. K. KRISHNADAS","CANDIDATE_RANK4":"NOTA","COLOR":"#00BFFF","VOTES_RANK1":56846.0,"VOTES_RANK1_PERCENTAGE":38.87,"VOTES_RANK2":49710.0,"VOTES_RANK2_PERCENTAGE":33.99,"VOTES_RANK3":38231.0,"VOTES_RANK3_PERCENTAGE":26.14,"VOTES_RANK4":762.0,"VOTES_RANK4_PERCENTAGE":0.52,"CANDIDATE_RANK1_GENDER":null,"CANDIDATE_RANK2_GENDER":null,"CANDIDATE_RANK3_GENDER":null,"CANDIDATE_RANK4_GENDER":null,"HORSE_RACE":null,"GENERAL_ELECTORS_TOTAL":null,"GENERAL_ELECTORS_MALE":null,"GENERAL_ELECTORS_FEMALE":null,"GENERAL_ELECTORS_THIRD_GENDER":null,"GENERAL_VOTERS_TOTAL":null,"GENERAL_VOTERS_MALE":null,"GENERAL_VOTERS_FEMALE":null,"GENERAL_VOTERS_THIRD_GENDER":null,"GENERAL_TURNOUT_MALE":null,"GENERAL_TURNOUT_FEMALE":null,"GENERAL_TURNOUT_THIRD_GENDER":null,"RES_COLOR":null,"HORSE_RACE_COLOR":null,"GENDER_COLOR":null,"ID":26970}},{"type":"Feature","geometry":{"type":"Polygon","coordinates":[[[76.92,8.6082],[76.927,8.605],[76.9287,8.5905],[76.9347,8.5901],[76.9337,8.5855],[76.9414,8.5813],[76.9364,8.5731],[76.9529,8.5642],[76.9419,8.5522],[76.9413,8.5097],[76.9086,8.4822],[76.8554,8.5485],[76.869,8.5549],[76.8724,8.5617],[76.8562,8.5797],[76.8654,8.5838],[76.8694,8.5955],[76.8776,8.6004],[76.879,8.5943],[76.8819,8.5972],[76.8997,8.5951],[76.9054,8.5828],[76.917,8.5966],[76.9142,8.6065],[76.92,8.6082]]]},"properties":{"STATE":"KERALA","DISTRICT":"THIRUVANANTHAPURAM","AC":"AC","AC_NAME":"KAZHAKKOOTTAM","YEAR":2026.0,"RES":"GEN","ELECTORS":164917.0,"VOTERS":131587.0,"TURNOUT":79.79,"MARGIN":428.0,"MARGIN_PERCENTAGE":0.33,"MARGIN_PERCENTAGE2":null,"MARGIN_PERCENTAGE3":null,"PARTY_RANK1":"BJP","PARTY_RANK2":"CPI(M)","PARTY_RANK3":"INC","PARTY_RANK4":"NOTA","CANDIDATE_RANK1":"V. MURALEEDHARAN","CANDIDATE_RANK2":"KADAKAMPALLY SURENDRAN","CANDIDATE_RANK3":"ADVOCATE T. SARATHCHANDRA PRASAD","CANDIDATE_RANK4":"NOTA","COLOR":"#20C646","VOTES_RANK1":46564.0,"VOTES_RANK1_PERCENTAGE":35.39,"VOTES_RANK2":46136.0,"VOTES_RANK2_PERCENTAGE":35.06,"VOTES_RANK3":37183.0,"VOTES_RANK3_PERCENTAGE":28.26,"VOTES_RANK4":981.0,"VOTES_RANK4_PERCENTAGE":0.75,"CANDIDATE_RANK1_GENDER":null,"CANDIDATE_RANK2_GENDER":null,"CANDIDATE_RANK3_GENDER":null,"CANDIDATE_RANK4_GENDER":null,"HORSE_RACE":null,"GENERAL_ELECTORS_TOTAL":null,"GENERAL_ELECTORS_MALE":null,"GENERAL_ELECTORS_FEMALE":null,"GENERAL_ELECTORS_THIRD_GENDER":null,"GENERAL_VOTERS_TOTAL":null,"GENERAL_VOTERS_MALE":null,"GENERAL_VOTERS_FEMALE":null,"GENERAL_VOTERS_THIRD_GENDER":null,"GENERAL_TURNOUT_MALE":null,"GENERAL_TURNOUT_FEMALE":null,"GENERAL_TURNOUT_THIRD_GENDER":null,"RES_COLOR":null,"HORSE_RACE_COLOR":null,"GENDER_COLOR":null,"ID":26972}},{"type":"Feature","geometry":{"type":"Polygon","coordinates":[[[77.0101,8.449],[77.0092,8.442],[77.0165,8.4444],[77.0237,8.4307],[77.0441,8.4264],[77.0538,8.4201],[77.051,8.4124],[77.0554,8.3955],[77.0409,8.3754],[77.0526,8.3723],[77.0598,8.3649],[77.0605,8.3519],[77.0899,8.3488],[77.0912,8.342],[77.0742,8.3162],[77.0814,8.3045],[77.026,8.3501],[77.01,8.3572],[76.9977,8.3749],[76.9916,8.3782],[76.9865,8.3758],[76.9715,8.3919],[76.9708,8.4023],[76.9747,8.4038],[76.9733,8.398],[76.9768,8.3978],[76.9911,8.4177],[76.9883,8.4229],[76.9788,8.4208],[76.9736,8.4243],[76.9706,8.4366],[76.9825,8.4467],[76.9897,8.4435],[77.0102,8.45],[77.0101,8.449]]]},"properties":{"STATE":"KERALA","DISTRICT":"THIRUVANANTHAPURAM","AC":"AC","AC_NAME":"KOVALAM","YEAR":2026.0,"RES":"GEN","ELECTORS":201824.0,"VOTERS":155237.0,"TURNOUT":76.92,"MARGIN":32709.0,"MARGIN_PERCENTAGE":21.07,"MARGIN_PERCENTAGE2":null,"MARGIN_PERCENTAGE3":null,"PARTY_RANK1":"INC","PARTY_RANK2":"IND","PARTY_RANK3":"BJP","PARTY_RANK4":"NOTA","CANDIDATE_RANK1":"ADV. M.VINCENT","CANDIDATE_RANK2":"BHAGATH RUFUS","CANDIDATE_RANK3":"KOVALAM.T.N.SURESH","CANDIDATE_RANK4":"NOTA","COLOR":"#00BFFF","VOTES_RANK1":79661.0,"VOTES_RANK1_PERCENTAGE":51.32,"VOTES_RANK2":46952.0,"VOTES_RANK2_PERCENTAGE":30.25,"VOTES_RANK3":25380.0,"VOTES_RANK3_PERCENTAGE":16.35,"VOTES_RANK4":976.0,"VOTES_RANK4_PERCENTAGE":0.63,"CANDIDATE_RANK1_GENDER":null,"CANDIDATE_RANK2_GENDER":null,"CANDIDATE_RANK3_GENDER":null,"CANDIDATE_RANK4_GENDER":null,"HORSE_RACE":null,"GENERAL_ELECTORS_TOTAL":null,"GENERAL_ELECTORS_MALE":null,"GENERAL_ELECTORS_FEMALE":null,"GENERAL_ELECTORS_THIRD_GENDER":null,"GENERAL_VOTERS_TOTAL":null,"GENERAL_VOTERS_MALE":null,"GENERAL_VOTERS_FEMALE":null,"GENERAL_VOTERS_THIRD_GENDER":null,"GENERAL_TURNOUT_MALE":null,"GENERAL_TURNOUT_FEMALE":null,"GENERAL_TURNOUT_THIRD_GENDER":null,"RES_COLOR":null,"HORSE_RACE_COLOR":null,"GENDER_COLOR":null,"ID":26984}},{"type":"Feature","geometry":{"type":"Polygon","coordinates":[[[76.8838,8.68],[76.9114,8.6654],[76.9258,8.6665],[76.929,8.6724],[76.9384,8.6694],[76.9448,8.677],[76.9507,8.6758],[76.9704,8.6601],[76.9722,8.6393],[76.9663,8.637],[76.9651,8.6295],[76.968,8.6237],[76.9783,8.6231],[76.9869,8.6148],[77.0027,8.6101],[77.0138,8.5943],[76.9946,8.5822],[76.9962,8.5745],[76.9919,8.5701],[76.9946,8.5519],[76.9763,8.5462],[76.9696,8.549],[76.9627,8.5638],[76.9529,8.5642],[76.9364,8.5731],[76.9414,8.5813],[76.9337,8.5855],[76.9347,8.5901],[76.9287,8.5905],[76.927,8.605],[76.92,8.6082],[76.9142,8.6065],[76.917,8.5966],[76.9054,8.5828],[76.8997,8.5951],[76.8819,8.5972],[76.879,8.5943],[76.8776,8.6004],[76.8694,8.5955],[76.8654,8.5838],[76.8562,8.5797],[76.8316,8.6049],[76.8409,8.6025],[76.8523,8.6127],[76.8531,8.6198],[76.8617,8.6225],[76.8556,8.6472],[76.8625,8.6583],[76.8643,8.6721],[76.8682,8.6744],[76.875,8.659],[76.8797,8.66],[76.8838,8.68]]]},"properties":{"STATE":"KERALA","DISTRICT":"THIRUVANANTHAPURAM","AC":"AC","AC_NAME":"NEDUMANGAD","YEAR":2026.0,"RES":"GEN","ELECTORS":198906.0,"VOTERS":158894.0,"TURNOUT":79.88,"MARGIN":21583.0,"MARGIN_PERCENTAGE":13.58,"MARGIN_PERCENTAGE2":null,"MARGIN_PERCENTAGE3":null,"PARTY_RANK1":"CPI","PARTY_RANK2":"INC","PARTY_RANK3":"BJP","PARTY_RANK4":"SDPI","CANDIDATE_RANK1":"G R ANIL","CANDIDATE_RANK2":"MEENANKAL KUMAR","CANDIDATE_RANK3":"YUVRAJ GOKUL","CANDIDATE_RANK4":"BATHERUTHEEN A (ZIAD KANDALA)","COLOR":"#FF0001","VOTES_RANK1":69206.0,"VOTES_RANK1_PERCENTAGE":43.55,"VOTES_RANK2":47623.0,"VOTES_RANK2_PERCENTAGE":29.97,"VOTES_RANK3":38999.0,"VOTES_RANK3_PERCENTAGE":24.54,"VOTES_RANK4":1191.0,"VOTES_RANK4_PERCENTAGE":0.75,"CANDIDATE_RANK1_GENDER":null,"CANDIDATE_RANK2_GENDER":null,"CANDIDATE_RANK3_GENDER":null,"CANDIDATE_RANK4_GENDER":null,"HORSE_RACE":null,"GENERAL_ELECTORS_TOTAL":null,"GENERAL_ELECTORS_MALE":null,"GENERAL_ELECTORS_FEMALE":null,"GENERAL_ELECTORS_THIRD_GENDER":null,"GENERAL_VOTERS_TOTAL":null,"GENERAL_VOTERS_MALE":null,"GENERAL_VOTERS_FEMALE":null,"GENERAL_VOTERS_THIRD_GENDER":null,"GENERAL_TURNOUT_MALE":null,"GENERAL_TURNOUT_FEMALE":null,"GENERAL_TURNOUT_THIRD_GENDER":null,"RES_COLOR":null,"HORSE_RACE_COLOR":null,"GENDER_COLOR":null,"ID":27008}},{"type":"Feature","geometry":{"type":"Polygon","coordinates":[[[77.0032,8.4699],[77.0036,8.4543],[77.0102,8.45],[76.9897,8.4435],[76.9825,8.4467],[76.9706,8.4366],[76.9736,8.4243],[76.9788,8.4208],[76.9883,8.4229],[76.9911,8.4177],[76.9768,8.3978],[76.9733,8.398],[76.9747,8.4038],[76.9708,8.4023],[76.9322,8.4554],[76.9491,8.4694],[76.96,8.4725],[76.9655,8.4809],[76.9692,8.4757],[76.9764,8.4793],[76.9835,8.4723],[76.9865,8.4846],[76.992,8.4839],[77.0032,8.4699]]]},"properties":{"STATE":"KERALA","DISTRICT":"THIRUVANANTHAPURAM","AC":"AC","AC_NAME":"NEMOM","YEAR":2026.0,"RES":"GEN","ELECTORS":171599.0,"VOTERS":140355.0,"TURNOUT":81.79,"MARGIN":4978.0,"MARGIN_PERCENTAGE":3.55,"MARGIN_PERCENTAGE2":null,"MARGIN_PERCENTAGE3":null,"PARTY_RANK1":"BJP","PARTY_RANK2":"CPI(M)","PARTY_RANK3":"INC","PARTY_RANK4":"NOTA","CANDIDATE_RANK1":"RAJEEV CHANDRASEKHAR","CANDIDATE_RANK2":"V SIVANKUTTY","CANDIDATE_RANK3":"ADV K S SABARINADHAN","CANDIDATE_RANK4":"NOTA","COLOR":"#20C646","VOTES_RANK1":57192.0,"VOTES_RANK1_PERCENTAGE":40.75,"VOTES_RANK2":52214.0,"VOTES_RANK2_PERCENTAGE":37.2,"VOTES_RANK3":29730.0,"VOTES_RANK3_PERCENTAGE":21.18,"VOTES_RANK4":604.0,"VOTES_RANK4_PERCENTAGE":0.43,"CANDIDATE_RANK1_GENDER":null,"CANDIDATE_RANK2_GENDER":null,"CANDIDATE_RANK3_GENDER":null,"CANDIDATE_RANK4_GENDER":null,"HORSE_RACE":null,"GENERAL_ELECTORS_TOTAL":null,"GENERAL_ELECTORS_MALE":null,"GENERAL_ELECTORS_FEMALE":null,"GENERAL_ELECTORS_THIRD_GENDER":null,"GENERAL_VOTERS_TOTAL":null,"GENERAL_VOTERS_MALE":null,"GENERAL_VOTERS_FEMALE":null,"GENERAL_VOTERS_THIRD_GENDER":null,"GENERAL_TURNOUT_MALE":null,"GENERAL_TURNOUT_FEMALE":null,"GENERAL_TURNOUT_THIRD_GENDER":null,"RES_COLOR":null,"HORSE_RACE_COLOR":null,"GENDER_COLOR":null,"ID":27009}},{"type":"Feature","geometry":{"type":"Polygon","coordinates":[[[77.0966,8.4575],[77.104,8.452],[77.0985,8.4398],[77.1018,8.4366],[77.0923,8.4261],[77.092,8.4074],[77.0968,8.4011],[77.1056,8.3988],[77.0977,8.3893],[77.1143,8.387],[77.1238,8.3786],[77.1305,8.3707],[77.1311,8.3565],[77.145,8.3493],[77.141,8.338],[77.1484,8.3322],[77.1288,8.3251],[77.1295,8.3222],[77.119,8.3214],[77.1224,8.3094],[77.1165,8.3102],[77.1134,8.3048],[77.103,8.307],[77.0978,8.2925],[77.0814,8.3045],[77.0742,8.3162],[77.0912,8.342],[77.0899,8.3488],[77.0605,8.3519],[77.0598,8.3649],[77.0526,8.3723],[77.0409,8.3754],[77.0554,8.3955],[77.051,8.4124],[77.0538,8.4201],[77.0441,8.4264],[77.05,8.4342],[77.0465,8.4406],[77.0513,8.4419],[77.0517,8.4464],[77.0596,8.4423],[77.063,8.4324],[77.0685,8.4352],[77.0754,8.4315],[77.0801,8.4421],[77.0874,8.444],[77.0966,8.4575]]]},"properties":{"STATE":"KERALA","DISTRICT":"THIRUVANANTHAPURAM","AC":"AC","AC_NAME":"NEYYATTINKARA","YEAR":2026.0,"RES":"GEN","ELECTORS":168185.0,"VOTERS":133616.0,"TURNOUT":79.45,"MARGIN":6966.0,"MARGIN_PERCENTAGE":5.21,"MARGIN_PERCENTAGE2":null,"MARGIN_PERCENTAGE3":null,"PARTY_RANK1":"INC","PARTY_RANK2":"CPI(M)","PARTY_RANK3":"BJP","PARTY_RANK4":"NOTA","CANDIDATE_RANK1":"N. SHAKTHAN","CANDIDATE_RANK2":"K. ANSALAN","CANDIDATE_RANK3":"CHENKAL RAJASEKHARAN","CANDIDATE_RANK4":"NOTA","COLOR":"#00BFFF","VOTES_RANK1":58760.0,"VOTES_RANK1_PERCENTAGE":43.98,"VOTES_RANK2":51794.0,"VOTES_RANK2_PERCENTAGE":38.76,"VOTES_RANK3":21858.0,"VOTES_RANK3_PERCENTAGE":16.36,"VOTES_RANK4":720.0,"VOTES_RANK4_PERCENTAGE":0.54,"CANDIDATE_RANK1_GENDER":null,"CANDIDATE_RANK2_GENDER":null,"CANDIDATE_RANK3_GENDER":null,"CANDIDATE_RANK4_GENDER":null,"HORSE_RACE":null,"GENERAL_ELECTORS_TOTAL":null,"GENERAL_ELECTORS_MALE":null,"GENERAL_ELECTORS_FEMALE":null,"GENERAL_ELECTORS_THIRD_GENDER":null,"GENERAL_VOTERS_TOTAL":null,"GENERAL_VOTERS_MALE":null,"GENERAL_VOTERS_FEMALE":null,"GENERAL_VOTERS_THIRD_GENDER":null,"GENERAL_TURNOUT_MALE":null,"GENERAL_TURNOUT_FEMALE":null,"GENERAL_TURNOUT_THIRD_GENDER":null,"RES_COLOR":null,"HORSE_RACE_COLOR":null,"GENDER_COLOR":null,"ID":27011}},{"type":"Feature","geometry":{"type":"Polygon","coordinates":[[[77.2458,8.6164],[77.2456,8.6035],[77.2635,8.5887],[77.269,8.5789],[77.2741,8.5601],[77.2837,8.547],[77.2745,8.5376],[77.2619,8.5065],[77.251,8.5055],[77.2394,8.4966],[77.2296,8.5092],[77.214,8.5128],[77.2022,8.5018],[77.2016,8.4985],[77.211,8.492],[77.2135,8.4707],[77.2248,8.4615],[77.2274,8.4476],[77.2063,8.4446],[77.1964,8.4285],[77.1972,8.4199],[77.1826,8.4043],[77.1819,8.3962],[77.1682,8.3845],[77.1607,8.3899],[77.1514,8.3848],[77.1517,8.381],[77.1597,8.381],[77.1607,8.3741],[77.1521,8.3548],[77.1679,8.3636],[77.1739,8.3586],[77.1747,8.3494],[77.1667,8.3427],[77.1682,8.3349],[77.1771,8.3261],[77.1802,8.3234],[77.1733,8.3194],[77.1685,8.3342],[77.154,8.3276],[77.1484,8.3322],[77.141,8.338],[77.145,8.3493],[77.1311,8.3565],[77.1305,8.3707],[77.1238,8.3786],[77.1143,8.387],[77.0977,8.3893],[77.1056,8.3988],[77.0968,8.4011],[77.092,8.4074],[77.0923,8.4261],[77.1018,8.4366],[77.0985,8.4398],[77.104,8.452],[77.0966,8.4575],[77.0913,8.4686],[77.1253,8.4744],[77.1189,8.4909],[77.1242,8.4923],[77.1181,8.4952],[77.1181,8.502],[77.1182,8.5092],[77.1264,8.5145],[77.1222,8.517],[77.1266,8.5248],[77.1175,8.5384],[77.1157,8.5518],[77.1201,8.5493],[77.1298,8.5564],[77.1534,8.551],[77.1563,8.5537],[77.1521,8.5592],[77.1625,8.5585],[77.1592,8.5691],[77.1644,8.576],[77.1781,8.5717],[77.1997,8.5768],[77.2044,8.585],[77.2031,8.5951],[77.2094,8.5963],[77.2153,8.6173],[77.2229,8.6185],[77.2302,8.6069],[77.2313,8.6189],[77.2458,8.6164]]]},"properties":{"STATE":"KERALA","DISTRICT":"THIRUVANANTHAPURAM","AC":"AC","AC_NAME":"PARASSALA","YEAR":2026.0,"RES":"GEN","ELECTORS":196684.0,"VOTERS":155008.0,"TURNOUT":78.81,"MARGIN":15013.0,"MARGIN_PERCENTAGE":9.69,"MARGIN_PERCENTAGE2":null,"MARGIN_PERCENTAGE3":null,"PARTY_RANK1":"CPI(M)","PARTY_RANK2":"INC","PARTY_RANK3":"BJP","PARTY_RANK4":"NOTA","CANDIDATE_RANK1":"C K HAREENDRAN","CANDIDATE_RANK2":"NEYYATTINKARA SANAL","CANDIDATE_RANK3":"ADV. GIREESH NEYYAR","CANDIDATE_RANK4":"NOTA","COLOR":"#FF0000","VOTES_RANK1":69149.0,"VOTES_RANK1_PERCENTAGE":44.61,"VOTES_RANK2":54136.0,"VOTES_RANK2_PERCENTAGE":34.92,"VOTES_RANK3":29919.0,"VOTES_RANK3_PERCENTAGE":19.3,"VOTES_RANK4":632.0,"VOTES_RANK4_PERCENTAGE":0.41,"CANDIDATE_RANK1_GENDER":null,"CANDIDATE_RANK2_GENDER":null,"CANDIDATE_RANK3_GENDER":null,"CANDIDATE_RANK4_GENDER":null,"HORSE_RACE":null,"GENERAL_ELECTORS_TOTAL":null,"GENERAL_ELECTORS_MALE":null,"GENERAL_ELECTORS_FEMALE":null,"GENERAL_ELECTORS_THIRD_GENDER":null,"GENERAL_VOTERS_TOTAL":null,"GENERAL_VOTERS_MALE":null,"GENERAL_VOTERS_FEMALE":null,"GENERAL_VOTERS_THIRD_GENDER":null,"GENERAL_TURNOUT_MALE":null,"GENERAL_TURNOUT_FEMALE":null,"GENERAL_TURNOUT_THIRD_GENDER":null,"RES_COLOR":null,"HORSE_RACE_COLOR":null,"GENDER_COLOR":null,"ID":27017}},{"type":"Feature","geometry":{"type":"Polygon","coordinates":[[[76.9804,8.5216],[76.9795,8.5131],[77.0035,8.507],[77.0032,8.4699],[76.992,8.4839],[76.9865,8.4846],[76.9835,8.4723],[76.9764,8.4793],[76.9692,8.4757],[76.9655,8.4809],[76.96,8.4725],[76.9491,8.4694],[76.9322,8.4554],[76.9086,8.4822],[76.9413,8.5097],[76.9559,8.5068],[76.9631,8.5112],[76.961,8.521],[76.9804,8.5216]]]},"properties":{"STATE":"KERALA","DISTRICT":"THIRUVANANTHAPURAM","AC":"AC","AC_NAME":"THIRUVANANTHAPURAM","YEAR":2026.0,"RES":"GEN","ELECTORS":158826.0,"VOTERS":120488.0,"TURNOUT":75.86,"MARGIN":9863.0,"MARGIN_PERCENTAGE":8.19,"MARGIN_PERCENTAGE2":null,"MARGIN_PERCENTAGE3":null,"PARTY_RANK1":"CMPKSC","PARTY_RANK2":"IND","PARTY_RANK3":"BJP","PARTY_RANK4":"NOTA","CANDIDATE_RANK1":"C P JOHN","CANDIDATE_RANK2":"SUDHIR KARAMANA","CANDIDATE_RANK3":"KARAMANA JAYAN","CANDIDATE_RANK4":"NOTA","COLOR":"#ff0005","VOTES_RANK1":45586.0,"VOTES_RANK1_PERCENTAGE":37.83,"VOTES_RANK2":35723.0,"VOTES_RANK2_PERCENTAGE":29.65,"VOTES_RANK3":35125.0,"VOTES_RANK3_PERCENTAGE":29.15,"VOTES_RANK4":909.0,"VOTES_RANK4_PERCENTAGE":0.75,"CANDIDATE_RANK1_GENDER":null,"CANDIDATE_RANK2_GENDER":null,"CANDIDATE_RANK3_GENDER":null,"CANDIDATE_RANK4_GENDER":null,"HORSE_RACE":null,"GENERAL_ELECTORS_TOTAL":null,"GENERAL_ELECTORS_MALE":null,"GENERAL_ELECTORS_FEMALE":null,"GENERAL_ELECTORS_THIRD_GENDER":null,"GENERAL_VOTERS_TOTAL":null,"GENERAL_VOTERS_MALE":null,"GENERAL_VOTERS_FEMALE":null,"GENERAL_VOTERS_THIRD_GENDER":null,"GENERAL_TURNOUT_MALE":null,"GENERAL_TURNOUT_FEMALE":null,"GENERAL_TURNOUT_THIRD_GENDER":null,"RES_COLOR":null,"HORSE_RACE_COLOR":null,"GENDER_COLOR":null,"ID":27044}},{"type":"Feature","geometry":{"type":"Polygon","coordinates":[[[76.999,8.7783],[77.0031,8.7713],[77.0249,8.7756],[77.0111,8.7959],[77.0088,8.8133],[77.021,8.8171],[77.0198,8.8282],[77.0325,8.8429],[77.0479,8.8464],[77.0826,8.8401],[77.0982,8.8304],[77.107,8.8306],[77.1275,8.8108],[77.1408,8.8067],[77.1548,8.7946],[77.1565,8.7969],[77.1998,8.77],[77.1969,8.7684],[77.1985,8.7535],[77.1915,8.7425],[77.1785,8.7442],[77.1728,8.7503],[77.1706,8.7468],[77.1832,8.7169],[77.1319,8.7083],[77.1245,8.7133],[77.0992,8.7025],[77.0987,8.6969],[77.0907,8.7031],[77.0762,8.7011],[77.0757,8.6858],[77.0646,8.6849],[77.0593,8.689],[77.0444,8.663],[77.0514,8.6443],[77.0428,8.643],[77.0432,8.6393],[77.0215,8.6383],[77.0216,8.6277],[77.0133,8.6241],[76.9783,8.6231],[76.968,8.6237],[76.9651,8.6295],[76.9663,8.637],[76.9722,8.6393],[76.9704,8.6601],[76.9507,8.6758],[76.9448,8.677],[76.9384,8.6694],[76.929,8.6724],[76.9258,8.6665],[76.9114,8.6654],[76.8838,8.68],[76.8861,8.702],[76.8733,8.7094],[76.8704,8.7176],[76.8785,8.7297],[76.8916,8.7187],[76.8963,8.7274],[76.932,8.756],[76.9333,8.7618],[76.9467,8.7714],[76.9636,8.7713],[76.9727,8.7754],[76.9798,8.7897],[76.9936,8.7867],[76.999,8.7783]]]},"properties":{"STATE":"KERALA","DISTRICT":"THIRUVANANTHAPURAM","AC":"AC","AC_NAME":"VAMANAPURAM","YEAR":2026.0,"RES":"GEN","ELECTORS":188531.0,"VOTERS":149082.0,"TURNOUT":79.08,"MARGIN":12185.0,"MARGIN_PERCENTAGE":8.17,"MARGIN_PERCENTAGE2":null,"MARGIN_PERCENTAGE3":null,"PARTY_RANK1":"INC","PARTY_RANK2":"CPI(M)","PARTY_RANK3":"BDJS","PARTY_RANK4":"NOTA","CANDIDATE_RANK1":"SUDHEERSHA PALODE","CANDIDATE_RANK2":"ADV. D K MURALI","CANDIDATE_RANK3":"ADV. VENU KARANAVAR","CANDIDATE_RANK4":"NOTA","COLOR":"#00BFFF","VOTES_RANK1":73590.0,"VOTES_RANK1_PERCENTAGE":49.36,"VOTES_RANK2":61405.0,"VOTES_RANK2_PERCENTAGE":41.19,"VOTES_RANK3":12093.0,"VOTES_RANK3_PERCENTAGE":8.11,"VOTES_RANK4":812.0,"VOTES_RANK4_PERCENTAGE":0.54,"CANDIDATE_RANK1_GENDER":null,"CANDIDATE_RANK2_GENDER":null,"CANDIDATE_RANK3_GENDER":null,"CANDIDATE_RANK4_GENDER":null,"HORSE_RACE":null,"GENERAL_ELECTORS_TOTAL":null,"GENERAL_ELECTORS_MALE":null,"GENERAL_ELECTORS_FEMALE":null,"GENERAL_ELECTORS_THIRD_GENDER":null,"GENERAL_VOTERS_TOTAL":null,"GENERAL_VOTERS_MALE":null,"GENERAL_VOTERS_FEMALE":null,"GENERAL_VOTERS_THIRD_GENDER":null,"GENERAL_TURNOUT_MALE":null,"GENERAL_TURNOUT_FEMALE":null,"GENERAL_TURNOUT_THIRD_GENDER":null,"RES_COLOR":null,"HORSE_RACE_COLOR":null,"GENDER_COLOR":null,"ID":27058}},{"type":"Feature","geometry":{"type":"Polygon","coordinates":[[[76.7809,8.8605],[76.7832,8.8624],[76.7896,8.8534],[76.7946,8.8566],[76.8015,8.8487],[76.8068,8.8574],[76.8115,8.8549],[76.8164,8.8597],[76.8249,8.8437],[76.8326,8.8436],[76.8481,8.8347],[76.8456,8.8281],[76.8529,8.8177],[76.8428,8.8077],[76.8383,8.8082],[76.8357,8.794],[76.825,8.7928],[76.8222,8.7835],[76.825,8.7794],[76.816,8.7757],[76.8132,8.7679],[76.797,8.7678],[76.7807,8.7606],[76.7425,8.7348],[76.7401,8.6997],[76.7355,8.6966],[76.6993,8.7386],[76.6731,8.7818],[76.6773,8.7889],[76.6818,8.7763],[76.6898,8.779],[76.6928,8.7919],[76.7097,8.7914],[76.7094,8.7955],[76.7226,8.804],[76.742,8.7958],[76.7583,8.7955],[76.7604,8.7916],[76.7611,8.8003],[76.7708,8.8],[76.7681,8.8041],[76.771,8.8112],[76.7925,8.8137],[76.7887,8.8192],[76.7829,8.8195],[76.7913,8.8223],[76.7943,8.8282],[76.7817,8.8428],[76.7755,8.8438],[76.7819,8.8521],[76.7809,8.8605]]]},"properties":{"STATE":"KERALA","DISTRICT":"THIRUVANANTHAPURAM","AC":"AC","AC_NAME":"VARKALA","YEAR":2026.0,"RES":"GEN","ELECTORS":183572.0,"VOTERS":138231.0,"TURNOUT":75.3,"MARGIN":2050.0,"MARGIN_PERCENTAGE":1.48,"MARGIN_PERCENTAGE2":null,"MARGIN_PERCENTAGE3":null,"PARTY_RANK1":"CPI(M)","PARTY_RANK2":"INC","PARTY_RANK3":"BJP","PARTY_RANK4":"BSP","CANDIDATE_RANK1":"ADV.V JOY","CANDIDATE_RANK2":"VARKALA KAHAR","CANDIDATE_RANK3":"ADV.SMITHA SUNDARESAN","CANDIDATE_RANK4":"RAJU S KOTTARAKONAM","COLOR":"#FF0000","VOTES_RANK1":55365.0,"VOTES_RANK1_PERCENTAGE":40.05,"VOTES_RANK2":53315.0,"VOTES_RANK2_PERCENTAGE":38.57,"VOTES_RANK3":27400.0,"VOTES_RANK3_PERCENTAGE":19.82,"VOTES_RANK4":949.0,"VOTES_RANK4_PERCENTAGE":0.69,"CANDIDATE_RANK1_GENDER":null,"CANDIDATE_RANK2_GENDER":null,"CANDIDATE_RANK3_GENDER":null,"CANDIDATE_RANK4_GENDER":null,"HORSE_RACE":null,"GENERAL_ELECTORS_TOTAL":null,"GENERAL_ELECTORS_MALE":null,"GENERAL_ELECTORS_FEMALE":null,"GENERAL_ELECTORS_THIRD_GENDER":null,"GENERAL_VOTERS_TOTAL":null,"GENERAL_VOTERS_MALE":null,"GENERAL_VOTERS_FEMALE":null,"GENERAL_VOTERS_THIRD_GENDER":null,"GENERAL_TURNOUT_MALE":null,"GENERAL_TURNOUT_FEMALE":null,"GENERAL_TURNOUT_THIRD_GENDER":null,"RES_COLOR":null,"HORSE_RACE_COLOR":null,"GENDER_COLOR":null,"ID":27059}},{"type":"Feature","geometry":{"type":"Polygon","coordinates":[[[76.9627,8.5638],[76.9696,8.549],[76.9763,8.5462],[76.9946,8.5519],[77.0127,8.5479],[77.0063,8.5381],[77.014,8.5206],[77.0075,8.5187],[77.0035,8.507],[76.9795,8.5131],[76.9804,8.5216],[76.961,8.521],[76.9631,8.5112],[76.9559,8.5068],[76.9413,8.5097],[76.9419,8.5522],[76.9529,8.5642],[76.9627,8.5638]]]},"properties":{"STATE":"KERALA","DISTRICT":"THIRUVANANTHAPURAM","AC":"AC","AC_NAME":"VATTIYOORKAVU","YEAR":2026.0,"RES":"GEN","ELECTORS":165641.0,"VOTERS":129765.0,"TURNOUT":78.34,"MARGIN":5425.0,"MARGIN_PERCENTAGE":4.18,"MARGIN_PERCENTAGE2":null,"MARGIN_PERCENTAGE3":null,"PARTY_RANK1":"INC","PARTY_RANK2":"CPI(M)","PARTY_RANK3":"BJP","PARTY_RANK4":"NOTA","CANDIDATE_RANK1":"K. MURALEEDHARAN","CANDIDATE_RANK2":"ADV. V.K PRASANTH","CANDIDATE_RANK3":"R. SREELEKHA","CANDIDATE_RANK4":"NOTA","COLOR":"#00BFFF","VOTES_RANK1":48338.0,"VOTES_RANK1_PERCENTAGE":37.25,"VOTES_RANK2":42913.0,"VOTES_RANK2_PERCENTAGE":33.07,"VOTES_RANK3":37213.0,"VOTES_RANK3_PERCENTAGE":28.68,"VOTES_RANK4":600.0,"VOTES_RANK4_PERCENTAGE":0.46,"CANDIDATE_RANK1_GENDER":null,"CANDIDATE_RANK2_GENDER":null,"CANDIDATE_RANK3_GENDER":null,"CANDIDATE_RANK4_GENDER":null,"HORSE_RACE":null,"GENERAL_ELECTORS_TOTAL":null,"GENERAL_ELECTORS_MALE":null,"GENERAL_ELECTORS_FEMALE":null,"GENERAL_ELECTORS_THIRD_GENDER":null,"GENERAL_VOTERS_TOTAL":null,"GENERAL_VOTERS_MALE":null,"GENERAL_VOTERS_FEMALE":null,"GENERAL_VOTERS_THIRD_GENDER":null,"GENERAL_TURNOUT_MALE":null,"GENERAL_TURNOUT_FEMALE":null,"GENERAL_TURNOUT_THIRD_GENDER":null,"RES_COLOR":null,"HORSE_RACE_COLOR":null,"GENDER_COLOR":null,"ID":27060}},{"type":"Feature","geometry":{"type":"Polygon","coordinates":[[[76.587,10.4364],[76.6014,10.4188],[76.6067,10.4002],[76.6181,10.3911],[76.6232,10.3798],[76.6282,10.3839],[76.6327,10.3772],[76.6454,10.3836],[76.6546,10.3776],[76.6615,10.3864],[76.6694,10.3749],[76.6867,10.364],[76.7029,10.3637],[76.7068,10.3712],[76.7187,10.3737],[76.7489,10.367],[76.7557,10.3615],[76.7632,10.3625],[76.7633,10.3543],[76.7523,10.3478],[76.7544,10.3363],[76.7715,10.3344],[76.7774,10.3424],[76.787,10.3365],[76.8042,10.3371],[76.8055,10.3443],[76.8165,10.3493],[76.8278,10.3376],[76.8376,10.338],[76.83,10.3039],[76.8408,10.2999],[76.8446,10.2952],[76.8421,10.2909],[76.8486,10.2854],[76.8522,10.2855],[76.855,10.2931],[76.8627,10.2923],[76.8732,10.2985],[76.8733,10.2767],[76.8975,10.2626],[76.9011,10.2519],[76.8952,10.2587],[76.8891,10.2559],[76.8779,10.2606],[76.8793,10.2694],[76.8752,10.2714],[76.8666,10.2697],[76.8655,10.2732],[76.8359,10.2839],[76.8291,10.2755],[76.8262,10.2813],[76.8096,10.2864],[76.7968,10.2775],[76.7929,10.2805],[76.7754,10.2767],[76.769,10.2693],[76.7593,10.2695],[76.7491,10.2786],[76.7288,10.271],[76.7061,10.2703],[76.6956,10.2646],[76.6877,10.2673],[76.6693,10.2723],[76.662,10.2807],[76.6458,10.2809],[76.6404,10.275],[76.6215,10.2742],[76.6188,10.281],[76.6034,10.2808],[76.5904,10.2926],[76.5899,10.2997],[76.577,10.3033],[76.5662,10.2942],[76.5733,10.285],[76.5546,10.2835],[76.5452,10.2902],[76.5242,10.2849],[76.4998,10.2884],[76.4903,10.2944],[76.4732,10.2918],[76.4466,10.2973],[76.4305,10.2898],[76.4156,10.2942],[76.4115,10.2788],[76.4009,10.2763],[76.3964,10.2678],[76.3907,10.2664],[76.3906,10.2558],[76.3781,10.2552],[76.3796,10.2454],[76.3581,10.237],[76.3513,10.2418],[76.3538,10.2589],[76.3399,10.2495],[76.3288,10.2491],[76.3297,10.2426],[76.3209,10.243],[76.3167,10.2368],[76.3122,10.2404],[76.3182,10.2485],[76.3095,10.2477],[76.3074,10.2525],[76.2886,10.2568],[76.2961,10.2706],[76.295,10.278],[76.3004,10.2723],[76.3038,10.2759],[76.3026,10.2913],[76.3114,10.2932],[76.3102,10.3271],[76.3156,10.3438],[76.3066,10.3478],[76.2891,10.3467],[76.2837,10.3622],[76.2882,10.3724],[76.2906,10.3788],[76.3033,10.3845],[76.3138,10.3807],[76.3097,10.3724],[76.3152,10.3777],[76.3227,10.3742],[76.3238,10.3686],[76.3317,10.3698],[76.3354,10.3656],[76.3333,10.3726],[76.3384,10.3763],[76.3532,10.3668],[76.3615,10.3671],[76.3636,10.3614],[76.3787,10.3631],[76.3805,10.3703],[76.386,10.3702],[76.4011,10.3662],[76.4113,10.3578],[76.4182,10.3634],[76.4522,10.3733],[76.4662,10.3725],[76.4737,10.3764],[76.474,10.3808],[76.501,10.3832],[76.5548,10.4188],[76.5797,10.427],[76.587,10.4364]]]},"properties":{"STATE":"KERALA","DISTRICT":"THRISSUR","AC":"AC","AC_NAME":"CHALAKKUDY","YEAR":2026.0,"RES":"GEN","ELECTORS":179344.0,"VOTERS":137931.0,"TURNOUT":76.91,"MARGIN":23156.0,"MARGIN_PERCENTAGE":16.79,"MARGIN_PERCENTAGE2":null,"MARGIN_PERCENTAGE3":null,"PARTY_RANK1":"INC","PARTY_RANK2":"KEC(M)","PARTY_RANK3":"TTPty","PARTY_RANK4":"NOTA","CANDIDATE_RANK1":"SANEESHKUMAR JOSEPH","CANDIDATE_RANK2":"ADV. BIJU S CHIRAYATH","CANDIDATE_RANK3":"ADV. CHARLYPAUL","CANDIDATE_RANK4":"NOTA","COLOR":"#00BFFF","VOTES_RANK1":71202.0,"VOTES_RANK1_PERCENTAGE":51.62,"VOTES_RANK2":48046.0,"VOTES_RANK2_PERCENTAGE":34.83,"VOTES_RANK3":16030.0,"VOTES_RANK3_PERCENTAGE":11.62,"VOTES_RANK4":932.0,"VOTES_RANK4_PERCENTAGE":0.68,"CANDIDATE_RANK1_GENDER":null,"CANDIDATE_RANK2_GENDER":null,"CANDIDATE_RANK3_GENDER":null,"CANDIDATE_RANK4_GENDER":null,"HORSE_RACE":null,"GENERAL_ELECTORS_TOTAL":null,"GENERAL_ELECTORS_MALE":null,"GENERAL_ELECTORS_FEMALE":null,"GENERAL_ELECTORS_THIRD_GENDER":null,"GENERAL_VOTERS_TOTAL":null,"GENERAL_VOTERS_MALE":null,"GENERAL_VOTERS_FEMALE":null,"GENERAL_VOTERS_THIRD_GENDER":null,"GENERAL_TURNOUT_MALE":null,"GENERAL_TURNOUT_FEMALE":null,"GENERAL_TURNOUT_THIRD_GENDER":null,"RES_COLOR":null,"HORSE_RACE_COLOR":null,"GENDER_COLOR":null,"ID":26939}},{"type":"Feature","geometry":{"type":"Polygon","coordinates":[[[76.1889,10.7825],[76.2091,10.7777],[76.2201,10.7819],[76.2307,10.7724],[76.2402,10.7735],[76.246,10.7687],[76.2447,10.7515],[76.249,10.7474],[76.2881,10.7563],[76.3236,10.7462],[76.3391,10.7496],[76.3548,10.7431],[76.3657,10.7638],[76.3877,10.7668],[76.3976,10.7463],[76.432,10.7519],[76.4668,10.7529],[76.4725,10.7495],[76.4685,10.7414],[76.4786,10.735],[76.4777,10.7305],[76.4638,10.721],[76.4565,10.6994],[76.4518,10.7023],[76.4407,10.6966],[76.4485,10.6857],[76.4507,10.6655],[76.4487,10.6618],[76.4411,10.663],[76.4345,10.6499],[76.4226,10.6472],[76.4177,10.6273],[76.4206,10.623],[76.4207,10.6289],[76.4259,10.6273],[76.4241,10.6199],[76.4287,10.6143],[76.4223,10.6061],[76.4138,10.606],[76.4133,10.5956],[76.4042,10.6006],[76.4028,10.591],[76.3869,10.6021],[76.3837,10.5981],[76.376,10.6045],[76.3794,10.6092],[76.375,10.6093],[76.3598,10.6208],[76.3427,10.6204],[76.326,10.5991],[76.2967,10.5982],[76.2948,10.6099],[76.3118,10.6089],[76.3126,10.6313],[76.3292,10.6266],[76.329,10.6336],[76.3041,10.6384],[76.2981,10.6441],[76.3019,10.6524],[76.2935,10.6418],[76.2873,10.6527],[76.2833,10.6494],[76.2754,10.6543],[76.277,10.6639],[76.2705,10.6685],[76.2806,10.6695],[76.2655,10.6733],[76.2725,10.6795],[76.267,10.6826],[76.2631,10.6775],[76.2579,10.6782],[76.2511,10.6887],[76.2506,10.6942],[76.2439,10.6878],[76.2439,10.7095],[76.2328,10.7093],[76.2386,10.705],[76.235,10.7059],[76.2359,10.703],[76.219,10.713],[76.2179,10.7074],[76.2119,10.7072],[76.2187,10.6968],[76.2134,10.6955],[76.2143,10.6926],[76.2072,10.6943],[76.2111,10.6989],[76.2076,10.7],[76.204,10.6995],[76.2039,10.6944],[76.1971,10.6948],[76.1981,10.6997],[76.1887,10.7081],[76.1734,10.7066],[76.1719,10.7006],[76.1613,10.707],[76.172,10.7137],[76.1926,10.7509],[76.2031,10.7521],[76.206,10.7684],[76.1889,10.7825]]]},"properties":{"STATE":"KERALA","DISTRICT":"THRISSUR","AC":"AC","AC_NAME":"CHELAKKARA","YEAR":2026.0,"RES":"SC","ELECTORS":204260.0,"VOTERS":163151.0,"TURNOUT":79.87,"MARGIN":29386.0,"MARGIN_PERCENTAGE":18.01,"MARGIN_PERCENTAGE2":null,"MARGIN_PERCENTAGE3":null,"PARTY_RANK1":"CPI(M)","PARTY_RANK2":"IND","PARTY_RANK3":"BJP","PARTY_RANK4":"NOTA","CANDIDATE_RANK1":"U R PRADEEP","CANDIDATE_RANK2":"SIVADASAN (SIVAN VEETTIKUNNU)","CANDIDATE_RANK3":"K BALAKRISHNAN","CANDIDATE_RANK4":"NOTA","COLOR":"#FF0000","VOTES_RANK1":76073.0,"VOTES_RANK1_PERCENTAGE":46.63,"VOTES_RANK2":46687.0,"VOTES_RANK2_PERCENTAGE":28.62,"VOTES_RANK3":37286.0,"VOTES_RANK3_PERCENTAGE":22.85,"VOTES_RANK4":1232.0,"VOTES_RANK4_PERCENTAGE":0.76,"CANDIDATE_RANK1_GENDER":null,"CANDIDATE_RANK2_GENDER":null,"CANDIDATE_RANK3_GENDER":null,"CANDIDATE_RANK4_GENDER":null,"HORSE_RACE":null,"GENERAL_ELECTORS_TOTAL":null,"GENERAL_ELECTORS_MALE":null,"GENERAL_ELECTORS_FEMALE":null,"GENERAL_ELECTORS_THIRD_GENDER":null,"GENERAL_VOTERS_TOTAL":null,"GENERAL_VOTERS_MALE":null,"GENERAL_VOTERS_FEMALE":null,"GENERAL_VOTERS_THIRD_GENDER":null,"GENERAL_TURNOUT_MALE":null,"GENERAL_TURNOUT_FEMALE":null,"GENERAL_TURNOUT_THIRD_GENDER":null,"RES_COLOR":null,"HORSE_RACE_COLOR":null,"GENDER_COLOR":null,"ID":26943}},{"type":"Feature","geometry":{"type":"Polygon","coordinates":[[[76.0071,10.6897],[76.0229,10.6827],[76.0322,10.6705],[76.0341,10.665],[76.0274,10.6619],[76.0282,10.6526],[76.0424,10.6268],[76.0497,10.6266],[76.0532,10.6181],[76.0566,10.6188],[76.0593,10.6078],[76.0547,10.6019],[76.0517,10.605],[76.0482,10.6024],[76.047,10.5916],[76.042,10.5864],[76.0359,10.5881],[76.0417,10.5738],[76.0344,10.57],[76.0662,10.5223],[76.0786,10.4964],[76.0765,10.4927],[76.0716,10.4919],[76.0696,10.4965],[76.0571,10.4913],[76.0589,10.4871],[76.0531,10.4826],[76.0326,10.516],[75.9566,10.6866],[75.9671,10.6946],[75.9769,10.6923],[75.9774,10.6965],[75.9829,10.6873],[76.0009,10.6949],[76.0071,10.6897]]]},"properties":{"STATE":"KERALA","DISTRICT":"THRISSUR","AC":"AC","AC_NAME":"GURUVAYOOR","YEAR":2026.0,"RES":"GEN","ELECTORS":218747.0,"VOTERS":162039.0,"TURNOUT":74.08,"MARGIN":1998.0,"MARGIN_PERCENTAGE":1.23,"MARGIN_PERCENTAGE2":null,"MARGIN_PERCENTAGE3":null,"PARTY_RANK1":"CPI(M)","PARTY_RANK2":"IUML","PARTY_RANK3":"BJP","PARTY_RANK4":"SDPI","CANDIDATE_RANK1":"N. K. AKBAR","CANDIDATE_RANK2":"C. H. RASHEED","CANDIDATE_RANK3":"ADV. B. GOPALAKRISHNAN","CANDIDATE_RANK4":"K. V. ABDUL NASAR","COLOR":"#FF0000","VOTES_RANK1":66069.0,"VOTES_RANK1_PERCENTAGE":40.77,"VOTES_RANK2":64071.0,"VOTES_RANK2_PERCENTAGE":39.54,"VOTES_RANK3":28947.0,"VOTES_RANK3_PERCENTAGE":17.86,"VOTES_RANK4":1610.0,"VOTES_RANK4_PERCENTAGE":0.99,"CANDIDATE_RANK1_GENDER":null,"CANDIDATE_RANK2_GENDER":null,"CANDIDATE_RANK3_GENDER":null,"CANDIDATE_RANK4_GENDER":null,"HORSE_RACE":null,"GENERAL_ELECTORS_TOTAL":null,"GENERAL_ELECTORS_MALE":null,"GENERAL_ELECTORS_FEMALE":null,"GENERAL_ELECTORS_THIRD_GENDER":null,"GENERAL_VOTERS_TOTAL":null,"GENERAL_VOTERS_MALE":null,"GENERAL_VOTERS_FEMALE":null,"GENERAL_VOTERS_THIRD_GENDER":null,"GENERAL_TURNOUT_MALE":null,"GENERAL_TURNOUT_FEMALE":null,"GENERAL_TURNOUT_THIRD_GENDER":null,"RES_COLOR":null,"HORSE_RACE_COLOR":null,"GENDER_COLOR":null,"ID":26955}},{"type":"Feature","geometry":{"type":"Polygon","coordinates":[[[76.2227,10.4044],[76.2438,10.3837],[76.2534,10.3916],[76.2702,10.3923],[76.2758,10.3869],[76.2753,10.3707],[76.2882,10.3724],[76.2837,10.3622],[76.2891,10.3467],[76.3066,10.3478],[76.3156,10.3438],[76.3102,10.3271],[76.3114,10.2932],[76.3026,10.2913],[76.2966,10.2897],[76.2859,10.3004],[76.2791,10.2868],[76.2751,10.2899],[76.271,10.2863],[76.2652,10.2893],[76.2648,10.2957],[76.2537,10.2969],[76.249,10.284],[76.2386,10.2859],[76.238,10.2821],[76.2311,10.2822],[76.2319,10.2873],[76.229,10.2854],[76.2272,10.291],[76.2329,10.3038],[76.2314,10.312],[76.2066,10.3164],[76.2038,10.318],[76.1989,10.3114],[76.2087,10.3111],[76.2052,10.293],[76.2028,10.2971],[76.2001,10.2941],[76.1956,10.2969],[76.1976,10.294],[76.1946,10.2954],[76.1917,10.2884],[76.1765,10.2885],[76.1641,10.3008],[76.1683,10.3167],[76.1592,10.3181],[76.1553,10.324],[76.159,10.3296],[76.153,10.3421],[76.1597,10.3532],[76.1527,10.3553],[76.1571,10.3634],[76.1452,10.3855],[76.149,10.3947],[76.1529,10.4041],[76.1712,10.4007],[76.1918,10.4126],[76.2045,10.4102],[76.2086,10.4044],[76.2227,10.4044]]]},"properties":{"STATE":"KERALA","DISTRICT":"THRISSUR","AC":"AC","AC_NAME":"IRINJALAKKUDA","YEAR":2026.0,"RES":"GEN","ELECTORS":194673.0,"VOTERS":152241.0,"TURNOUT":78.2,"MARGIN":10212.0,"MARGIN_PERCENTAGE":6.71,"MARGIN_PERCENTAGE2":null,"MARGIN_PERCENTAGE3":null,"PARTY_RANK1":"KEC","PARTY_RANK2":"CPI(M)","PARTY_RANK3":"BJP","PARTY_RANK4":"BSP","CANDIDATE_RANK1":"ADV. THOMAS UNNIYADAN","CANDIDATE_RANK2":"DR.R.BINDU","CANDIDATE_RANK3":"SANTHOSH CHERAKULAM","CANDIDATE_RANK4":"THANKAMANY THARAYIL","COLOR":"#FF6347","VOTES_RANK1":66282.0,"VOTES_RANK1_PERCENTAGE":43.54,"VOTES_RANK2":56070.0,"VOTES_RANK2_PERCENTAGE":36.83,"VOTES_RANK3":27167.0,"VOTES_RANK3_PERCENTAGE":17.84,"VOTES_RANK4":921.0,"VOTES_RANK4_PERCENTAGE":0.6,"CANDIDATE_RANK1_GENDER":null,"CANDIDATE_RANK2_GENDER":null,"CANDIDATE_RANK3_GENDER":null,"CANDIDATE_RANK4_GENDER":null,"HORSE_RACE":null,"GENERAL_ELECTORS_TOTAL":null,"GENERAL_ELECTORS_MALE":null,"GENERAL_ELECTORS_FEMALE":null,"GENERAL_ELECTORS_THIRD_GENDER":null,"GENERAL_VOTERS_TOTAL":null,"GENERAL_VOTERS_MALE":null,"GENERAL_VOTERS_FEMALE":null,"GENERAL_VOTERS_THIRD_GENDER":null,"GENERAL_TURNOUT_MALE":null,"GENERAL_TURNOUT_FEMALE":null,"GENERAL_TURNOUT_THIRD_GENDER":null,"RES_COLOR":null,"HORSE_RACE_COLOR":null,"GENDER_COLOR":null,"ID":26959}},{"type":"Feature","geometry":{"type":"Polygon","coordinates":[[[76.149,10.3947],[76.1452,10.3855],[76.1571,10.3634],[76.1527,10.3553],[76.1597,10.3532],[76.153,10.3421],[76.159,10.3296],[76.1553,10.324],[76.1592,10.3181],[76.1683,10.3167],[76.1641,10.3008],[76.1765,10.2885],[76.1796,10.2683],[76.2006,10.2579],[76.2001,10.2432],[76.1767,10.2381],[76.1904,10.2194],[76.1802,10.217],[76.1742,10.2097],[76.1794,10.1884],[76.1752,10.1865],[76.1671,10.1823],[76.1627,10.1839],[76.1535,10.2091],[76.1102,10.3505],[76.1195,10.3538],[76.1241,10.3634],[76.1326,10.3652],[76.1226,10.3877],[76.1258,10.3923],[76.1232,10.4009],[76.127,10.4044],[76.1372,10.3956],[76.1344,10.39],[76.1389,10.3856],[76.149,10.3947]]]},"properties":{"STATE":"KERALA","DISTRICT":"THRISSUR","AC":"AC","AC_NAME":"KAIPAMANGALAM","YEAR":2026.0,"RES":"GEN","ELECTORS":182765.0,"VOTERS":142854.0,"TURNOUT":78.16,"MARGIN":9944.0,"MARGIN_PERCENTAGE":6.96,"MARGIN_PERCENTAGE2":null,"MARGIN_PERCENTAGE3":null,"PARTY_RANK1":"CPI","PARTY_RANK2":"INC","PARTY_RANK3":"BDJS","PARTY_RANK4":"NOTA","CANDIDATE_RANK1":"K.K. VALSARAJ","CANDIDATE_RANK2":"T.M. NAZAR","CANDIDATE_RANK3":"ATHULLIAGHOSH VETTIYATTIL","CANDIDATE_RANK4":"NOTA","COLOR":"#FF0001","VOTES_RANK1":65448.0,"VOTES_RANK1_PERCENTAGE":45.81,"VOTES_RANK2":55504.0,"VOTES_RANK2_PERCENTAGE":38.85,"VOTES_RANK3":19688.0,"VOTES_RANK3_PERCENTAGE":13.78,"VOTES_RANK4":690.0,"VOTES_RANK4_PERCENTAGE":0.48,"CANDIDATE_RANK1_GENDER":null,"CANDIDATE_RANK2_GENDER":null,"CANDIDATE_RANK3_GENDER":null,"CANDIDATE_RANK4_GENDER":null,"HORSE_RACE":null,"GENERAL_ELECTORS_TOTAL":null,"GENERAL_ELECTORS_MALE":null,"GENERAL_ELECTORS_FEMALE":null,"GENERAL_ELECTORS_THIRD_GENDER":null,"GENERAL_VOTERS_TOTAL":null,"GENERAL_VOTERS_MALE":null,"GENERAL_VOTERS_FEMALE":null,"GENERAL_VOTERS_THIRD_GENDER":null,"GENERAL_TURNOUT_MALE":null,"GENERAL_TURNOUT_FEMALE":null,"GENERAL_TURNOUT_THIRD_GENDER":null,"RES_COLOR":null,"HORSE_RACE_COLOR":null,"GENDER_COLOR":null,"ID":26961}},{"type":"Feature","geometry":{"type":"Polygon","coordinates":[[[76.2066,10.3164],[76.2314,10.312],[76.2329,10.3038],[76.2272,10.291],[76.229,10.2854],[76.2319,10.2873],[76.2311,10.2822],[76.238,10.2821],[76.2386,10.2859],[76.249,10.284],[76.2537,10.2969],[76.2648,10.2957],[76.2652,10.2893],[76.271,10.2863],[76.2751,10.2899],[76.2791,10.2868],[76.2859,10.3004],[76.2966,10.2897],[76.3026,10.2913],[76.3038,10.2759],[76.3004,10.2723],[76.295,10.278],[76.2961,10.2706],[76.2886,10.2568],[76.3074,10.2525],[76.3095,10.2477],[76.3182,10.2485],[76.3122,10.2404],[76.3167,10.2368],[76.3209,10.243],[76.3297,10.2426],[76.3288,10.2491],[76.3399,10.2495],[76.3538,10.2589],[76.3513,10.2418],[76.3581,10.237],[76.3396,10.232],[76.3411,10.2267],[76.3309,10.209],[76.3102,10.2058],[76.3121,10.1829],[76.302,10.1857],[76.2966,10.1761],[76.274,10.1751],[76.2721,10.1844],[76.2611,10.1898],[76.2596,10.1972],[76.2637,10.2],[76.2198,10.2071],[76.2116,10.201],[76.2135,10.1942],[76.1794,10.1884],[76.1742,10.2097],[76.1802,10.217],[76.1904,10.2194],[76.1767,10.2381],[76.2001,10.2432],[76.2006,10.2579],[76.1796,10.2683],[76.1765,10.2885],[76.1917,10.2884],[76.1946,10.2954],[76.1976,10.294],[76.1956,10.2969],[76.2001,10.2941],[76.2028,10.2971],[76.2052,10.293],[76.2087,10.3111],[76.1989,10.3114],[76.2038,10.318],[76.2066,10.3164]]]},"properties":{"STATE":"KERALA","DISTRICT":"THRISSUR","AC":"AC","AC_NAME":"KODUNGALLUR","YEAR":2026.0,"RES":"GEN","ELECTORS":187315.0,"VOTERS":147912.0,"TURNOUT":78.96,"MARGIN":8308.0,"MARGIN_PERCENTAGE":5.62,"MARGIN_PERCENTAGE2":null,"MARGIN_PERCENTAGE3":null,"PARTY_RANK1":"INC","PARTY_RANK2":"CPI","PARTY_RANK3":"TTPty","PARTY_RANK4":"NOTA","CANDIDATE_RANK1":"ADV. O J JANEESH","CANDIDATE_RANK2":"ADV. V R SUNIL KUMAR","CANDIDATE_RANK3":"DR. VARGHESE GEORGE","CANDIDATE_RANK4":"NOTA","COLOR":"#00BFFF","VOTES_RANK1":65162.0,"VOTES_RANK1_PERCENTAGE":44.05,"VOTES_RANK2":56854.0,"VOTES_RANK2_PERCENTAGE":38.44,"VOTES_RANK3":23933.0,"VOTES_RANK3_PERCENTAGE":16.18,"VOTES_RANK4":744.0,"VOTES_RANK4_PERCENTAGE":0.5,"CANDIDATE_RANK1_GENDER":null,"CANDIDATE_RANK2_GENDER":null,"CANDIDATE_RANK3_GENDER":null,"CANDIDATE_RANK4_GENDER":null,"HORSE_RACE":null,"GENERAL_ELECTORS_TOTAL":null,"GENERAL_ELECTORS_MALE":null,"GENERAL_ELECTORS_FEMALE":null,"GENERAL_ELECTORS_THIRD_GENDER":null,"GENERAL_VOTERS_TOTAL":null,"GENERAL_VOTERS_MALE":null,"GENERAL_VOTERS_FEMALE":null,"GENERAL_VOTERS_THIRD_GENDER":null,"GENERAL_TURNOUT_MALE":null,"GENERAL_TURNOUT_FEMALE":null,"GENERAL_TURNOUT_THIRD_GENDER":null,"RES_COLOR":null,"HORSE_RACE_COLOR":null,"GENDER_COLOR":null,"ID":26974}},{"type":"Feature","geometry":{"type":"Polygon","coordinates":[[[76.0693,10.7304],[76.0827,10.7263],[76.0961,10.7283],[76.1227,10.7105],[76.133,10.7225],[76.1449,10.7198],[76.1539,10.7117],[76.1572,10.7181],[76.1613,10.707],[76.1719,10.7006],[76.1734,10.7066],[76.1887,10.7081],[76.1981,10.6997],[76.1971,10.6948],[76.2039,10.6944],[76.204,10.6995],[76.2076,10.7],[76.2111,10.6989],[76.2072,10.6943],[76.2143,10.6926],[76.2134,10.6955],[76.2187,10.6968],[76.2119,10.7072],[76.2179,10.7074],[76.219,10.713],[76.2359,10.703],[76.235,10.7059],[76.2386,10.705],[76.2328,10.7093],[76.2439,10.7095],[76.2439,10.6878],[76.235,10.6704],[76.2297,10.6697],[76.2268,10.6746],[76.2028,10.6676],[76.197,10.6713],[76.1919,10.6689],[76.1903,10.6615],[76.1815,10.6602],[76.1816,10.6333],[76.1726,10.6293],[76.1755,10.618],[76.1667,10.6171],[76.1634,10.6115],[76.1577,10.6122],[76.1598,10.6185],[76.1549,10.6232],[76.1444,10.6215],[76.1455,10.6319],[76.1401,10.6383],[76.1425,10.6438],[76.1284,10.6499],[76.1201,10.6454],[76.1099,10.6467],[76.111,10.6406],[76.1045,10.6314],[76.0841,10.6294],[76.075,10.6185],[76.0687,10.6196],[76.0593,10.6078],[76.0566,10.6188],[76.0532,10.6181],[76.0497,10.6266],[76.0424,10.6268],[76.0282,10.6526],[76.0274,10.6619],[76.0341,10.665],[76.0322,10.6705],[76.0229,10.6827],[76.0071,10.6897],[76.0344,10.7008],[76.0371,10.7074],[76.0518,10.7045],[76.0612,10.7199],[76.0593,10.7276],[76.0671,10.7234],[76.0658,10.7291],[76.0693,10.7304]]]},"properties":{"STATE":"KERALA","DISTRICT":"THRISSUR","AC":"AC","AC_NAME":"KUNNAMKULAM","YEAR":2026.0,"RES":"GEN","ELECTORS":196955.0,"VOTERS":153735.0,"TURNOUT":78.06,"MARGIN":4563.0,"MARGIN_PERCENTAGE":2.97,"MARGIN_PERCENTAGE2":null,"MARGIN_PERCENTAGE3":null,"PARTY_RANK1":"CPI(M)","PARTY_RANK2":"INC","PARTY_RANK3":"BDJS","PARTY_RANK4":"NOTA","CANDIDATE_RANK1":"A C MOIDEEN","CANDIDATE_RANK2":"P T AJAY MOHAN","CANDIDATE_RANK3":"K R RAJIN","CANDIDATE_RANK4":"NOTA","COLOR":"#FF0000","VOTES_RANK1":69522.0,"VOTES_RANK1_PERCENTAGE":45.22,"VOTES_RANK2":64959.0,"VOTES_RANK2_PERCENTAGE":42.25,"VOTES_RANK3":17104.0,"VOTES_RANK3_PERCENTAGE":11.13,"VOTES_RANK4":1115.0,"VOTES_RANK4_PERCENTAGE":0.73,"CANDIDATE_RANK1_GENDER":null,"CANDIDATE_RANK2_GENDER":null,"CANDIDATE_RANK3_GENDER":null,"CANDIDATE_RANK4_GENDER":null,"HORSE_RACE":null,"GENERAL_ELECTORS_TOTAL":null,"GENERAL_ELECTORS_MALE":null,"GENERAL_ELECTORS_FEMALE":null,"GENERAL_ELECTORS_THIRD_GENDER":null,"GENERAL_VOTERS_TOTAL":null,"GENERAL_VOTERS_MALE":null,"GENERAL_VOTERS_FEMALE":null,"GENERAL_VOTERS_THIRD_GENDER":null,"GENERAL_TURNOUT_MALE":null,"GENERAL_TURNOUT_FEMALE":null,"GENERAL_TURNOUT_THIRD_GENDER":null,"RES_COLOR":null,"HORSE_RACE_COLOR":null,"GENDER_COLOR":null,"ID":26989}},{"type":"Feature","geometry":{"type":"Polygon","coordinates":[[[76.1444,10.6215],[76.1401,10.6217],[76.1315,10.6088],[76.116,10.6071],[76.1228,10.6027],[76.1124,10.5908],[76.119,10.5835],[76.1151,10.5793],[76.1176,10.5692],[76.1112,10.5664],[76.1159,10.5635],[76.1135,10.557],[76.1168,10.5504],[76.1255,10.5483],[76.1217,10.5442],[76.124,10.5324],[76.1336,10.5213],[76.1341,10.5123],[76.1482,10.5146],[76.1584,10.5149],[76.164,10.4976],[76.17,10.5054],[76.1754,10.5037],[76.1784,10.4887],[76.1743,10.4809],[76.1611,10.4654],[76.1478,10.4708],[76.1323,10.4688],[76.1271,10.4754],[76.125,10.47],[76.1125,10.4655],[76.1091,10.469],[76.1044,10.4636],[76.0998,10.4656],[76.0979,10.4607],[76.0899,10.4641],[76.0671,10.456],[76.0531,10.4826],[76.0589,10.4871],[76.0571,10.4913],[76.0696,10.4965],[76.0716,10.4919],[76.0765,10.4927],[76.0786,10.4964],[76.0662,10.5223],[76.0344,10.57],[76.0417,10.5738],[76.0359,10.5881],[76.042,10.5864],[76.047,10.5916],[76.0482,10.6024],[76.0517,10.605],[76.0547,10.6019],[76.0593,10.6078],[76.0687,10.6196],[76.075,10.6185],[76.0841,10.6294],[76.1045,10.6314],[76.111,10.6406],[76.1099,10.6467],[76.1201,10.6454],[76.1284,10.6499],[76.1425,10.6438],[76.1401,10.6383],[76.1455,10.6319],[76.1444,10.6215]]]},"properties":{"STATE":"KERALA","DISTRICT":"THRISSUR","AC":"AC","AC_NAME":"MANALUR","YEAR":2026.0,"RES":"GEN","ELECTORS":222351.0,"VOTERS":171387.0,"TURNOUT":77.08,"MARGIN":126.0,"MARGIN_PERCENTAGE":0.07,"MARGIN_PERCENTAGE2":null,"MARGIN_PERCENTAGE3":null,"PARTY_RANK1":"CPI(M)","PARTY_RANK2":"INC","PARTY_RANK3":"BJP","PARTY_RANK4":"SDPI","CANDIDATE_RANK1":"PROF C RAVINDRANATH","CANDIDATE_RANK2":"T N PRATHAPAN","CANDIDATE_RANK3":"ADV K K ANEESHKUMAR","CANDIDATE_RANK4":"JILEEF (DILEEF ABDUL KHADAR)","COLOR":"#FF0000","VOTES_RANK1":65337.0,"VOTES_RANK1_PERCENTAGE":38.12,"VOTES_RANK2":65211.0,"VOTES_RANK2_PERCENTAGE":38.05,"VOTES_RANK3":38125.0,"VOTES_RANK3_PERCENTAGE":22.24,"VOTES_RANK4":1031.0,"VOTES_RANK4_PERCENTAGE":0.6,"CANDIDATE_RANK1_GENDER":null,"CANDIDATE_RANK2_GENDER":null,"CANDIDATE_RANK3_GENDER":null,"CANDIDATE_RANK4_GENDER":null,"HORSE_RACE":null,"GENERAL_ELECTORS_TOTAL":null,"GENERAL_ELECTORS_MALE":null,"GENERAL_ELECTORS_FEMALE":null,"GENERAL_ELECTORS_THIRD_GENDER":null,"GENERAL_VOTERS_TOTAL":null,"GENERAL_VOTERS_MALE":null,"GENERAL_VOTERS_FEMALE":null,"GENERAL_VOTERS_THIRD_GENDER":null,"GENERAL_TURNOUT_MALE":null,"GENERAL_TURNOUT_FEMALE":null,"GENERAL_TURNOUT_THIRD_GENDER":null,"RES_COLOR":null,"HORSE_RACE_COLOR":null,"GENDER_COLOR":null,"ID":26997}},{"type":"Feature","geometry":{"type":"Polygon","coordinates":[[[76.1882,10.4778],[76.2045,10.4758],[76.2135,10.4796],[76.219,10.4749],[76.2193,10.4786],[76.2286,10.4815],[76.2376,10.4771],[76.2353,10.4564],[76.2316,10.4581],[76.2239,10.453],[76.2195,10.4404],[76.2243,10.4318],[76.218,10.4274],[76.2166,10.4154],[76.2191,10.4123],[76.2216,10.4157],[76.2227,10.4044],[76.2086,10.4044],[76.2045,10.4102],[76.1918,10.4126],[76.1712,10.4007],[76.1529,10.4041],[76.149,10.3947],[76.1389,10.3856],[76.1344,10.39],[76.1372,10.3956],[76.127,10.4044],[76.1232,10.4009],[76.1258,10.3923],[76.1226,10.3877],[76.1326,10.3652],[76.1241,10.3634],[76.1195,10.3538],[76.1102,10.3505],[76.1005,10.3818],[76.0671,10.456],[76.0899,10.4641],[76.0979,10.4607],[76.0998,10.4656],[76.1044,10.4636],[76.1091,10.469],[76.1125,10.4655],[76.125,10.47],[76.1271,10.4754],[76.1323,10.4688],[76.1478,10.4708],[76.1611,10.4654],[76.1743,10.4809],[76.1882,10.4778]]]},"properties":{"STATE":"KERALA","DISTRICT":"THRISSUR","AC":"AC","AC_NAME":"NATTIKA","YEAR":2026.0,"RES":"SC","ELECTORS":203509.0,"VOTERS":157535.0,"TURNOUT":77.41,"MARGIN":7093.0,"MARGIN_PERCENTAGE":4.5,"MARGIN_PERCENTAGE2":null,"MARGIN_PERCENTAGE3":null,"PARTY_RANK1":"CPI","PARTY_RANK2":"INC","PARTY_RANK3":"BJP","PARTY_RANK4":"NOTA","CANDIDATE_RANK1":"GEETHAGOPI","CANDIDATE_RANK2":"ADV. SUNIL LALOOR","CANDIDATE_RANK3":"C.C. MUKUNDAN","CANDIDATE_RANK4":"NOTA","COLOR":"#FF0001","VOTES_RANK1":58979.0,"VOTES_RANK1_PERCENTAGE":37.44,"VOTES_RANK2":51886.0,"VOTES_RANK2_PERCENTAGE":32.94,"VOTES_RANK3":45216.0,"VOTES_RANK3_PERCENTAGE":28.7,"VOTES_RANK4":1454.0,"VOTES_RANK4_PERCENTAGE":0.92,"CANDIDATE_RANK1_GENDER":null,"CANDIDATE_RANK2_GENDER":null,"CANDIDATE_RANK3_GENDER":null,"CANDIDATE_RANK4_GENDER":null,"HORSE_RACE":null,"GENERAL_ELECTORS_TOTAL":null,"GENERAL_ELECTORS_MALE":null,"GENERAL_ELECTORS_FEMALE":null,"GENERAL_ELECTORS_THIRD_GENDER":null,"GENERAL_VOTERS_TOTAL":null,"GENERAL_VOTERS_MALE":null,"GENERAL_VOTERS_FEMALE":null,"GENERAL_VOTERS_THIRD_GENDER":null,"GENERAL_TURNOUT_MALE":null,"GENERAL_TURNOUT_FEMALE":null,"GENERAL_TURNOUT_THIRD_GENDER":null,"RES_COLOR":null,"HORSE_RACE_COLOR":null,"GENDER_COLOR":null,"ID":27007}},{"type":"Feature","geometry":{"type":"Polygon","coordinates":[[[76.375,10.6093],[76.3794,10.6092],[76.376,10.6045],[76.3837,10.5981],[76.3869,10.6021],[76.4028,10.591],[76.4093,10.5791],[76.4205,10.5784],[76.4308,10.5584],[76.4391,10.5572],[76.433,10.5344],[76.4421,10.5235],[76.4504,10.5217],[76.4673,10.5027],[76.4746,10.4875],[76.479,10.4865],[76.47,10.4794],[76.4581,10.4811],[76.4468,10.4709],[76.4415,10.4753],[76.4266,10.4688],[76.3998,10.4731],[76.3772,10.4661],[76.3731,10.4569],[76.3608,10.4529],[76.3311,10.474],[76.2959,10.4756],[76.2857,10.4686],[76.2755,10.4722],[76.2582,10.4627],[76.2471,10.4631],[76.2494,10.4546],[76.2475,10.4475],[76.2437,10.4487],[76.2433,10.437],[76.2392,10.4313],[76.2428,10.44],[76.2377,10.4449],[76.2378,10.4549],[76.2353,10.4564],[76.2376,10.4771],[76.2286,10.4815],[76.2281,10.4884],[76.2323,10.4916],[76.2261,10.5048],[76.2281,10.51],[76.2381,10.5127],[76.2359,10.52],[76.2419,10.5319],[76.2583,10.5347],[76.2585,10.5434],[76.2512,10.5495],[76.2511,10.5559],[76.2547,10.568],[76.2658,10.5776],[76.2652,10.5848],[76.2747,10.6016],[76.2855,10.603],[76.2967,10.5982],[76.326,10.5991],[76.3427,10.6204],[76.3598,10.6208],[76.375,10.6093]]]},"properties":{"STATE":"KERALA","DISTRICT":"THRISSUR","AC":"AC","AC_NAME":"OLLUR","YEAR":2026.0,"RES":"GEN","ELECTORS":188558.0,"VOTERS":151990.0,"TURNOUT":80.61,"MARGIN":8884.0,"MARGIN_PERCENTAGE":5.85,"MARGIN_PERCENTAGE2":null,"MARGIN_PERCENTAGE3":null,"PARTY_RANK1":"CPI","PARTY_RANK2":"INC","PARTY_RANK3":"BJP","PARTY_RANK4":"NOTA","CANDIDATE_RANK1":"K RAJAN","CANDIDATE_RANK2":"ADV. SHAJI J KODANKANDATH","CANDIDATE_RANK3":"BIJOY THOMAS","CANDIDATE_RANK4":"NOTA","COLOR":"#FF0001","VOTES_RANK1":69703.0,"VOTES_RANK1_PERCENTAGE":45.86,"VOTES_RANK2":60819.0,"VOTES_RANK2_PERCENTAGE":40.02,"VOTES_RANK3":19737.0,"VOTES_RANK3_PERCENTAGE":12.99,"VOTES_RANK4":862.0,"VOTES_RANK4_PERCENTAGE":0.57,"CANDIDATE_RANK1_GENDER":null,"CANDIDATE_RANK2_GENDER":null,"CANDIDATE_RANK3_GENDER":null,"CANDIDATE_RANK4_GENDER":null,"HORSE_RACE":null,"GENERAL_ELECTORS_TOTAL":null,"GENERAL_ELECTORS_MALE":null,"GENERAL_ELECTORS_FEMALE":null,"GENERAL_ELECTORS_THIRD_GENDER":null,"GENERAL_VOTERS_TOTAL":null,"GENERAL_VOTERS_MALE":null,"GENERAL_VOTERS_FEMALE":null,"GENERAL_VOTERS_THIRD_GENDER":null,"GENERAL_TURNOUT_MALE":null,"GENERAL_TURNOUT_FEMALE":null,"GENERAL_TURNOUT_THIRD_GENDER":null,"RES_COLOR":null,"HORSE_RACE_COLOR":null,"GENDER_COLOR":null,"ID":27013}},{"type":"Feature","geometry":{"type":"Polygon","coordinates":[[[76.479,10.4865],[76.488,10.4867],[76.4902,10.4793],[76.5014,10.4792],[76.5229,10.4694],[76.5365,10.4491],[76.5573,10.4441],[76.5588,10.4348],[76.5825,10.4372],[76.587,10.4364],[76.5797,10.427],[76.5548,10.4188],[76.501,10.3832],[76.474,10.3808],[76.4737,10.3764],[76.4662,10.3725],[76.4522,10.3733],[76.4182,10.3634],[76.4113,10.3578],[76.4011,10.3662],[76.386,10.3702],[76.3805,10.3703],[76.3787,10.3631],[76.3636,10.3614],[76.3615,10.3671],[76.3532,10.3668],[76.3384,10.3763],[76.3333,10.3726],[76.3354,10.3656],[76.3317,10.3698],[76.3238,10.3686],[76.3227,10.3742],[76.3152,10.3777],[76.3097,10.3724],[76.3138,10.3807],[76.3033,10.3845],[76.2906,10.3788],[76.2882,10.3724],[76.2753,10.3707],[76.2758,10.3869],[76.2702,10.3923],[76.2534,10.3916],[76.2438,10.3837],[76.2227,10.4044],[76.2216,10.4157],[76.2191,10.4123],[76.2166,10.4154],[76.218,10.4274],[76.2243,10.4318],[76.2195,10.4404],[76.2239,10.453],[76.2316,10.4581],[76.2353,10.4564],[76.2378,10.4549],[76.2377,10.4449],[76.2428,10.44],[76.2392,10.4313],[76.2433,10.437],[76.2437,10.4487],[76.2475,10.4475],[76.2494,10.4546],[76.2471,10.4631],[76.2582,10.4627],[76.2755,10.4722],[76.2857,10.4686],[76.2959,10.4756],[76.3311,10.474],[76.3608,10.4529],[76.3731,10.4569],[76.3772,10.4661],[76.3998,10.4731],[76.4266,10.4688],[76.4415,10.4753],[76.4468,10.4709],[76.4581,10.4811],[76.47,10.4794],[76.479,10.4865]]]},"properties":{"STATE":"KERALA","DISTRICT":"THRISSUR","AC":"AC","AC_NAME":"PUTHUKKAD","YEAR":2026.0,"RES":"GEN","ELECTORS":192513.0,"VOTERS":154161.0,"TURNOUT":80.08,"MARGIN":2853.0,"MARGIN_PERCENTAGE":1.85,"MARGIN_PERCENTAGE2":null,"MARGIN_PERCENTAGE3":null,"PARTY_RANK1":"CPI(M)","PARTY_RANK2":"INC","PARTY_RANK3":"BJP","PARTY_RANK4":"NOTA","CANDIDATE_RANK1":"K K RAMACHANDRAN","CANDIDATE_RANK2":"K M BABURAJAN","CANDIDATE_RANK3":"PARAMESWARAN A (NAGESH)","CANDIDATE_RANK4":"NOTA","COLOR":"#FF0000","VOTES_RANK1":63136.0,"VOTES_RANK1_PERCENTAGE":40.95,"VOTES_RANK2":60283.0,"VOTES_RANK2_PERCENTAGE":39.1,"VOTES_RANK3":28018.0,"VOTES_RANK3_PERCENTAGE":18.17,"VOTES_RANK4":1231.0,"VOTES_RANK4_PERCENTAGE":0.8,"CANDIDATE_RANK1_GENDER":null,"CANDIDATE_RANK2_GENDER":null,"CANDIDATE_RANK3_GENDER":null,"CANDIDATE_RANK4_GENDER":null,"HORSE_RACE":null,"GENERAL_ELECTORS_TOTAL":null,"GENERAL_ELECTORS_MALE":null,"GENERAL_ELECTORS_FEMALE":null,"GENERAL_ELECTORS_THIRD_GENDER":null,"GENERAL_VOTERS_TOTAL":null,"GENERAL_VOTERS_MALE":null,"GENERAL_VOTERS_FEMALE":null,"GENERAL_VOTERS_THIRD_GENDER":null,"GENERAL_TURNOUT_MALE":null,"GENERAL_TURNOUT_FEMALE":null,"GENERAL_TURNOUT_THIRD_GENDER":null,"RES_COLOR":null,"HORSE_RACE_COLOR":null,"GENDER_COLOR":null,"ID":27031}},{"type":"Feature","geometry":{"type":"Polygon","coordinates":[[[76.2652,10.5848],[76.2658,10.5776],[76.2547,10.568],[76.2511,10.5559],[76.2512,10.5495],[76.2585,10.5434],[76.2583,10.5347],[76.2419,10.5319],[76.2359,10.52],[76.2381,10.5127],[76.2281,10.51],[76.2261,10.5048],[76.2323,10.4916],[76.2281,10.4884],[76.2286,10.4815],[76.2193,10.4786],[76.219,10.4749],[76.2135,10.4796],[76.2045,10.4758],[76.1882,10.4778],[76.1743,10.4809],[76.1784,10.4887],[76.1754,10.5037],[76.17,10.5054],[76.164,10.4976],[76.1584,10.5149],[76.1482,10.5146],[76.1491,10.5314],[76.17,10.5337],[76.1816,10.5492],[76.1995,10.5539],[76.2042,10.5508],[76.2092,10.5576],[76.2073,10.5656],[76.2243,10.5681],[76.2273,10.5703],[76.2245,10.5745],[76.2406,10.5674],[76.243,10.5735],[76.2499,10.5729],[76.2483,10.5871],[76.2577,10.5871],[76.2577,10.578],[76.2652,10.5848]]]},"properties":{"STATE":"KERALA","DISTRICT":"THRISSUR","AC":"AC","AC_NAME":"THRISSUR","YEAR":2026.0,"RES":"GEN","ELECTORS":161303.0,"VOTERS":124182.0,"TURNOUT":76.99,"MARGIN":26803.0,"MARGIN_PERCENTAGE":21.58,"MARGIN_PERCENTAGE2":null,"MARGIN_PERCENTAGE3":null,"PARTY_RANK1":"INC","PARTY_RANK2":"CPI","PARTY_RANK3":"BJP","PARTY_RANK4":"NOTA","CANDIDATE_RANK1":"RAJAN. J. PALLAN","CANDIDATE_RANK2":"ALANKODE LEELAKRISHNAN","CANDIDATE_RANK3":"PADMAJA VENUGOPAL","CANDIDATE_RANK4":"NOTA","COLOR":"#00BFFF","VOTES_RANK1":60290.0,"VOTES_RANK1_PERCENTAGE":48.55,"VOTES_RANK2":33487.0,"VOTES_RANK2_PERCENTAGE":26.97,"VOTES_RANK3":28662.0,"VOTES_RANK3_PERCENTAGE":23.08,"VOTES_RANK4":1043.0,"VOTES_RANK4_PERCENTAGE":0.84,"CANDIDATE_RANK1_GENDER":null,"CANDIDATE_RANK2_GENDER":null,"CANDIDATE_RANK3_GENDER":null,"CANDIDATE_RANK4_GENDER":null,"HORSE_RACE":null,"GENERAL_ELECTORS_TOTAL":null,"GENERAL_ELECTORS_MALE":null,"GENERAL_ELECTORS_FEMALE":null,"GENERAL_ELECTORS_THIRD_GENDER":null,"GENERAL_VOTERS_TOTAL":null,"GENERAL_VOTERS_MALE":null,"GENERAL_VOTERS_FEMALE":null,"GENERAL_VOTERS_THIRD_GENDER":null,"GENERAL_TURNOUT_MALE":null,"GENERAL_TURNOUT_FEMALE":null,"GENERAL_TURNOUT_THIRD_GENDER":null,"RES_COLOR":null,"HORSE_RACE_COLOR":null,"GENDER_COLOR":null,"ID":27048}},{"type":"Feature","geometry":{"type":"Polygon","coordinates":[[[76.2511,10.6887],[76.2579,10.6782],[76.2631,10.6775],[76.267,10.6826],[76.2725,10.6795],[76.2655,10.6733],[76.2806,10.6695],[76.2705,10.6685],[76.277,10.6639],[76.2754,10.6543],[76.2833,10.6494],[76.2873,10.6527],[76.2935,10.6418],[76.3019,10.6524],[76.2981,10.6441],[76.3041,10.6384],[76.329,10.6336],[76.3292,10.6266],[76.3126,10.6313],[76.3118,10.6089],[76.2948,10.6099],[76.2967,10.5982],[76.2855,10.603],[76.2747,10.6016],[76.2652,10.5848],[76.2577,10.578],[76.2577,10.5871],[76.2483,10.5871],[76.2499,10.5729],[76.243,10.5735],[76.2406,10.5674],[76.2245,10.5745],[76.2273,10.5703],[76.2243,10.5681],[76.2073,10.5656],[76.2092,10.5576],[76.2042,10.5508],[76.1995,10.5539],[76.1816,10.5492],[76.17,10.5337],[76.1491,10.5314],[76.1482,10.5146],[76.1341,10.5123],[76.1336,10.5213],[76.124,10.5324],[76.1217,10.5442],[76.1255,10.5483],[76.1168,10.5504],[76.1135,10.557],[76.1159,10.5635],[76.1112,10.5664],[76.1176,10.5692],[76.1151,10.5793],[76.119,10.5835],[76.1124,10.5908],[76.1228,10.6027],[76.116,10.6071],[76.1315,10.6088],[76.1401,10.6217],[76.1444,10.6215],[76.1549,10.6232],[76.1598,10.6185],[76.1577,10.6122],[76.1634,10.6115],[76.1667,10.6171],[76.1755,10.618],[76.1726,10.6293],[76.1816,10.6333],[76.1815,10.6602],[76.1903,10.6615],[76.1919,10.6689],[76.197,10.6713],[76.2028,10.6676],[76.2268,10.6746],[76.2297,10.6697],[76.235,10.6704],[76.2439,10.6878],[76.2506,10.6942],[76.2511,10.6887]]]},"properties":{"STATE":"KERALA","DISTRICT":"THRISSUR","AC":"AC","AC_NAME":"WADAKKANCHERY","YEAR":2026.0,"RES":"GEN","ELECTORS":202015.0,"VOTERS":163634.0,"TURNOUT":81.0,"MARGIN":5690.0,"MARGIN_PERCENTAGE":3.48,"MARGIN_PERCENTAGE2":null,"MARGIN_PERCENTAGE3":null,"PARTY_RANK1":"CPI(M)","PARTY_RANK2":"INC","PARTY_RANK3":"BJP","PARTY_RANK4":"NOTA","CANDIDATE_RANK1":"XAVIER CHITTILAPPILLY","CANDIDATE_RANK2":"P.N. VAISAKH","CANDIDATE_RANK3":"ADV. T.S ULLAS BABU","CANDIDATE_RANK4":"NOTA","COLOR":"#FF0000","VOTES_RANK1":70725.0,"VOTES_RANK1_PERCENTAGE":43.22,"VOTES_RANK2":65035.0,"VOTES_RANK2_PERCENTAGE":39.74,"VOTES_RANK3":25844.0,"VOTES_RANK3_PERCENTAGE":15.79,"VOTES_RANK4":1184.0,"VOTES_RANK4_PERCENTAGE":0.72,"CANDIDATE_RANK1_GENDER":null,"CANDIDATE_RANK2_GENDER":null,"CANDIDATE_RANK3_GENDER":null,"CANDIDATE_RANK4_GENDER":null,"HORSE_RACE":null,"GENERAL_ELECTORS_TOTAL":null,"GENERAL_ELECTORS_MALE":null,"GENERAL_ELECTORS_FEMALE":null,"GENERAL_ELECTORS_THIRD_GENDER":null,"GENERAL_VOTERS_TOTAL":null,"GENERAL_VOTERS_MALE":null,"GENERAL_VOTERS_FEMALE":null,"GENERAL_VOTERS_THIRD_GENDER":null,"GENERAL_TURNOUT_MALE":null,"GENERAL_TURNOUT_FEMALE":null,"GENERAL_TURNOUT_THIRD_GENDER":null,"RES_COLOR":null,"HORSE_RACE_COLOR":null,"GENDER_COLOR":null,"ID":27063}},{"type":"Feature","geometry":{"type":"Polygon","coordinates":[[[76.1187,11.7402],[76.1015,11.7204],[76.0995,11.706],[76.1082,11.6985],[76.1123,11.7041],[76.1297,11.6929],[76.1426,11.6922],[76.1332,11.6779],[76.14,11.6762],[76.1346,11.6569],[76.1407,11.6487],[76.1517,11.6529],[76.1587,11.6495],[76.1711,11.6183],[76.1796,11.6096],[76.1759,11.6023],[76.1638,11.6035],[76.1617,11.5974],[76.1748,11.5843],[76.1789,11.5657],[76.1827,11.5615],[76.1962,11.5641],[76.2114,11.5489],[76.2276,11.5588],[76.234,11.5686],[76.2444,11.5543],[76.2445,11.543],[76.2514,11.5379],[76.2503,11.5275],[76.2378,11.5275],[76.2339,11.5288],[76.2294,11.524],[76.2242,11.5098],[76.2001,11.5069],[76.1916,11.4987],[76.1819,11.4842],[76.1871,11.4789],[76.1861,11.4737],[76.1698,11.4661],[76.1643,11.4584],[76.1429,11.4518],[76.1255,11.4672],[76.1231,11.474],[76.1114,11.4764],[76.1056,11.4827],[76.0924,11.4827],[76.0872,11.4876],[76.0931,11.4941],[76.0902,11.5111],[76.0759,11.5234],[76.0562,11.506],[76.0485,11.5038],[76.0452,11.5069],[76.0373,11.5028],[76.0322,11.5111],[76.0182,11.5145],[75.9804,11.541],[75.958,11.5609],[75.9574,11.5756],[75.9521,11.5811],[75.9092,11.601],[75.9012,11.617],[75.8972,11.6429],[75.9053,11.661],[75.9002,11.6759],[75.9027,11.6789],[75.9151,11.6907],[75.9289,11.6879],[75.9486,11.6967],[75.9589,11.6892],[75.9718,11.7071],[75.9778,11.7012],[75.9893,11.7108],[76.0002,11.7094],[76.0039,11.7204],[76.0277,11.7267],[76.0318,11.7229],[76.03,11.7183],[76.0219,11.7176],[76.0231,11.7079],[76.015,11.711],[76.0175,11.7084],[76.0125,11.6997],[76.0199,11.7027],[76.0226,11.6941],[76.026,11.7004],[76.0473,11.6873],[76.0456,11.6839],[76.0581,11.6807],[76.0642,11.7031],[76.0752,11.7065],[76.0745,11.7111],[76.0824,11.716],[76.0841,11.7404],[76.0898,11.7446],[76.0946,11.7417],[76.1025,11.7448],[76.1187,11.7402]]]},"properties":{"STATE":"KERALA","DISTRICT":"WAYANAD","AC":"AC","AC_NAME":"KALPETTA","YEAR":2026.0,"RES":"GEN","ELECTORS":213137.0,"VOTERS":173441.0,"TURNOUT":81.38,"MARGIN":45031.0,"MARGIN_PERCENTAGE":25.96,"MARGIN_PERCENTAGE2":null,"MARGIN_PERCENTAGE3":null,"PARTY_RANK1":"INC","PARTY_RANK2":"RJD","PARTY_RANK3":"BJP","PARTY_RANK4":"NOTA","CANDIDATE_RANK1":"ADV. T SIDDIQUE","CANDIDATE_RANK2":"P K ANIL KUMAR","CANDIDATE_RANK3":"PRASANTH MALAVAYAL","CANDIDATE_RANK4":"NOTA","COLOR":"#00BFFF","VOTES_RANK1":97379.0,"VOTES_RANK1_PERCENTAGE":56.15,"VOTES_RANK2":52348.0,"VOTES_RANK2_PERCENTAGE":30.18,"VOTES_RANK3":19175.0,"VOTES_RANK3_PERCENTAGE":11.06,"VOTES_RANK4":1137.0,"VOTES_RANK4_PERCENTAGE":0.66,"CANDIDATE_RANK1_GENDER":null,"CANDIDATE_RANK2_GENDER":null,"CANDIDATE_RANK3_GENDER":null,"CANDIDATE_RANK4_GENDER":null,"HORSE_RACE":null,"GENERAL_ELECTORS_TOTAL":null,"GENERAL_ELECTORS_MALE":null,"GENERAL_ELECTORS_FEMALE":null,"GENERAL_ELECTORS_THIRD_GENDER":null,"GENERAL_VOTERS_TOTAL":null,"GENERAL_VOTERS_MALE":null,"GENERAL_VOTERS_FEMALE":null,"GENERAL_VOTERS_THIRD_GENDER":null,"GENERAL_TURNOUT_MALE":null,"GENERAL_TURNOUT_FEMALE":null,"GENERAL_TURNOUT_THIRD_GENDER":null,"RES_COLOR":null,"HORSE_RACE_COLOR":null,"GENDER_COLOR":null,"ID":26964}},{"type":"Feature","geometry":{"type":"Polygon","coordinates":[[[75.9403,11.9436],[75.9558,11.9421],[75.9762,11.9336],[76.003,11.9314],[76.0109,11.9413],[76.0233,11.944],[76.0345,11.941],[76.0708,11.9674],[76.0939,11.9688],[76.1124,11.9791],[76.1126,11.8589],[76.1212,11.851],[76.1128,11.842],[76.0879,11.8335],[76.0896,11.8162],[76.0839,11.8071],[76.0778,11.8083],[76.0737,11.8],[76.0755,11.7933],[76.0885,11.7913],[76.0969,11.7835],[76.1145,11.7806],[76.1155,11.7842],[76.1174,11.7719],[76.1114,11.7569],[76.1233,11.7515],[76.1187,11.7402],[76.1025,11.7448],[76.0946,11.7417],[76.0898,11.7446],[76.0841,11.7404],[76.0824,11.716],[76.0745,11.7111],[76.0752,11.7065],[76.0642,11.7031],[76.0581,11.6807],[76.0456,11.6839],[76.0473,11.6873],[76.026,11.7004],[76.0226,11.6941],[76.0199,11.7027],[76.0125,11.6997],[76.0175,11.7084],[76.015,11.711],[76.0231,11.7079],[76.0219,11.7176],[76.03,11.7183],[76.0318,11.7229],[76.0277,11.7267],[76.0039,11.7204],[76.0002,11.7094],[75.9893,11.7108],[75.9778,11.7012],[75.9718,11.7071],[75.9589,11.6892],[75.9486,11.6967],[75.9289,11.6879],[75.9151,11.6907],[75.9003,11.6992],[75.8825,11.699],[75.8753,11.7045],[75.8726,11.7015],[75.8506,11.7029],[75.8454,11.707],[75.8457,11.7143],[75.8316,11.7207],[75.8102,11.743],[75.791,11.7436],[75.7984,11.7477],[75.7993,11.7535],[75.7831,11.7614],[75.7881,11.7653],[75.7874,11.7752],[75.7921,11.7788],[75.7938,11.7907],[75.7729,11.8027],[75.7988,11.8195],[75.7903,11.8411],[75.8053,11.8503],[75.8079,11.8561],[75.8196,11.8588],[75.8282,11.8514],[75.8422,11.8564],[75.8544,11.848],[75.8719,11.8492],[75.8925,11.8429],[75.9095,11.8438],[75.912,11.8463],[75.9179,11.8449],[75.9215,11.8476],[75.9238,11.8468],[75.9263,11.8475],[75.9271,11.8429],[75.9268,11.8471],[75.9255,11.8486],[75.9313,11.8585],[75.9116,11.8753],[75.9308,11.8828],[75.9364,11.8909],[75.9393,11.9035],[75.9251,11.9202],[75.9252,11.9303],[75.9288,11.935],[75.9363,11.935],[75.9403,11.9436]]]},"properties":{"STATE":"KERALA","DISTRICT":"WAYANAD","AC":"AC","AC_NAME":"MANANTHAVADY","YEAR":2026.0,"RES":"ST","ELECTORS":205676.0,"VOTERS":165006.0,"TURNOUT":80.23,"MARGIN":10543.0,"MARGIN_PERCENTAGE":6.39,"MARGIN_PERCENTAGE2":null,"MARGIN_PERCENTAGE3":null,"PARTY_RANK1":"INC","PARTY_RANK2":"CPI(M)","PARTY_RANK3":"BJP","PARTY_RANK4":"NOTA","CANDIDATE_RANK1":"USHA VIJAYAN","CANDIDATE_RANK2":"O R KELU","CANDIDATE_RANK3":"P SHYAMRAJ","CANDIDATE_RANK4":"NOTA","COLOR":"#00BFFF","VOTES_RANK1":77425.0,"VOTES_RANK1_PERCENTAGE":46.92,"VOTES_RANK2":66882.0,"VOTES_RANK2_PERCENTAGE":40.53,"VOTES_RANK3":19681.0,"VOTES_RANK3_PERCENTAGE":11.93,"VOTES_RANK4":1018.0,"VOTES_RANK4_PERCENTAGE":0.62,"CANDIDATE_RANK1_GENDER":null,"CANDIDATE_RANK2_GENDER":null,"CANDIDATE_RANK3_GENDER":null,"CANDIDATE_RANK4_GENDER":null,"HORSE_RACE":null,"GENERAL_ELECTORS_TOTAL":null,"GENERAL_ELECTORS_MALE":null,"GENERAL_ELECTORS_FEMALE":null,"GENERAL_ELECTORS_THIRD_GENDER":null,"GENERAL_VOTERS_TOTAL":null,"GENERAL_VOTERS_MALE":null,"GENERAL_VOTERS_FEMALE":null,"GENERAL_VOTERS_THIRD_GENDER":null,"GENERAL_TURNOUT_MALE":null,"GENERAL_TURNOUT_FEMALE":null,"GENERAL_TURNOUT_THIRD_GENDER":null,"RES_COLOR":null,"HORSE_RACE_COLOR":null,"GENDER_COLOR":null,"ID":26998}},{"type":"Feature","geometry":{"type":"Polygon","coordinates":[[[76.1219,11.8512],[76.1577,11.8709],[76.164,11.8678],[76.1916,11.8712],[76.2075,11.8617],[76.2132,11.843],[76.2101,11.8289],[76.2229,11.8091],[76.2464,11.8029],[76.2801,11.8115],[76.2903,11.7929],[76.3077,11.7839],[76.317,11.7523],[76.3287,11.7487],[76.3393,11.7391],[76.3522,11.7384],[76.3625,11.7483],[76.3769,11.7446],[76.3914,11.7549],[76.3987,11.751],[76.414,11.7589],[76.4105,11.7422],[76.4182,11.7427],[76.4274,11.7261],[76.414,11.7113],[76.4085,11.7151],[76.4034,11.7078],[76.4089,11.7065],[76.4124,11.6951],[76.4084,11.6898],[76.4159,11.6729],[76.4309,11.6665],[76.4358,11.6538],[76.4438,11.6472],[76.4325,11.6316],[76.4064,11.6341],[76.3879,11.6297],[76.3776,11.6019],[76.3547,11.5893],[76.3402,11.5871],[76.3358,11.5957],[76.3212,11.5863],[76.3159,11.5766],[76.3102,11.5773],[76.3022,11.5713],[76.2957,11.5907],[76.2861,11.5903],[76.2787,11.6009],[76.2742,11.5938],[76.2649,11.5938],[76.234,11.5686],[76.2276,11.5588],[76.2114,11.5489],[76.1962,11.5641],[76.1827,11.5615],[76.1789,11.5657],[76.1748,11.5843],[76.1617,11.5974],[76.1638,11.6035],[76.1759,11.6023],[76.1796,11.6096],[76.1711,11.6183],[76.1587,11.6495],[76.1517,11.6529],[76.1407,11.6487],[76.1346,11.6569],[76.14,11.6762],[76.1332,11.6779],[76.1426,11.6922],[76.1297,11.6929],[76.1123,11.7041],[76.1082,11.6985],[76.0995,11.706],[76.1015,11.7204],[76.1187,11.7402],[76.1233,11.7515],[76.1114,11.7569],[76.1174,11.7719],[76.1155,11.7842],[76.1145,11.7806],[76.0969,11.7835],[76.0885,11.7913],[76.0755,11.7933],[76.0737,11.8],[76.0778,11.8083],[76.0839,11.8071],[76.0896,11.8162],[76.0879,11.8335],[76.1128,11.842],[76.1212,11.851],[76.1219,11.8512]]]},"properties":{"STATE":"KERALA","DISTRICT":"WAYANAD","AC":"AC","AC_NAME":"SULTHANBATHERY","YEAR":2026.0,"RES":"ST","ELECTORS":225780.0,"VOTERS":176938.0,"TURNOUT":78.37,"MARGIN":16597.0,"MARGIN_PERCENTAGE":9.38,"MARGIN_PERCENTAGE2":null,"MARGIN_PERCENTAGE3":null,"PARTY_RANK1":"INC","PARTY_RANK2":"CPI(M)","PARTY_RANK3":"BJP","PARTY_RANK4":"AAAP","CANDIDATE_RANK1":"I C BALAKRISHNAN","CANDIDATE_RANK2":"M S VISWANATHAN","CANDIDATE_RANK3":"KAVITHA A S","CANDIDATE_RANK4":"PRAKRITHI N V","COLOR":"#00BFFF","VOTES_RANK1":78936.0,"VOTES_RANK1_PERCENTAGE":44.61,"VOTES_RANK2":62339.0,"VOTES_RANK2_PERCENTAGE":35.23,"VOTES_RANK3":31308.0,"VOTES_RANK3_PERCENTAGE":17.69,"VOTES_RANK4":1781.0,"VOTES_RANK4_PERCENTAGE":1.01,"CANDIDATE_RANK1_GENDER":null,"CANDIDATE_RANK2_GENDER":null,"CANDIDATE_RANK3_GENDER":null,"CANDIDATE_RANK4_GENDER":null,"HORSE_RACE":null,"GENERAL_ELECTORS_TOTAL":null,"GENERAL_ELECTORS_MALE":null,"GENERAL_ELECTORS_FEMALE":null,"GENERAL_ELECTORS_THIRD_GENDER":null,"GENERAL_VOTERS_TOTAL":null,"GENERAL_VOTERS_MALE":null,"GENERAL_VOTERS_FEMALE":null,"GENERAL_VOTERS_THIRD_GENDER":null,"GENERAL_TURNOUT_MALE":null,"GENERAL_TURNOUT_FEMALE":null,"GENERAL_TURNOUT_THIRD_GENDER":null,"RES_COLOR":null,"HORSE_RACE_COLOR":null,"GENDER_COLOR":null,"ID":27036}}]}