{"type":"FeatureCollection","features":[{"type":"Feature","geometry":{"type":"Polygon","coordinates":[[[79.1875,11.2328],[79.1913,11.2315],[79.1908,11.2249],[79.1788,11.2204],[79.1738,11.2033],[79.148,11.1899],[79.1498,11.1841],[79.1648,11.1786],[79.1903,11.1784],[79.1841,11.1545],[79.1902,11.1521],[79.1994,11.1636],[79.217,11.1696],[79.2193,11.1592],[79.2292,11.1546],[79.2313,11.1567],[79.2251,11.1574],[79.2311,11.1633],[79.2253,11.1665],[79.2305,11.1718],[79.2222,11.1728],[79.2215,11.1792],[79.2291,11.1784],[79.2405,11.1661],[79.2641,11.172],[79.2896,11.1601],[79.2927,11.1543],[79.2981,11.1617],[79.3077,11.1635],[79.3096,11.1507],[79.3147,11.1482],[79.3136,11.1366],[79.3,11.1214],[79.3044,11.1107],[79.3107,11.1118],[79.3158,11.1021],[79.318,11.0705],[79.3379,11.068],[79.3369,11.0549],[79.3459,11.0418],[79.311,11.0182],[79.3087,11.0207],[79.2908,11.0141],[79.2732,10.997],[79.2749,10.9938],[79.2684,10.9862],[79.2121,10.9409],[79.2048,10.9405],[79.2029,10.9493],[79.1786,10.9399],[79.1421,10.9407],[79.1289,10.9336],[79.11,10.9251],[79.0862,10.9273],[79.0792,10.9242],[79.069,10.9129],[79.0639,10.8991],[79.0497,10.8883],[79.0343,10.8865],[79.0044,10.8939],[79.0019,10.9222],[78.988,10.9284],[78.9811,10.9208],[78.9755,10.9406],[78.9444,10.9574],[78.9561,10.971],[78.983,10.9654],[78.9781,10.9746],[78.9861,10.9779],[78.987,11.0015],[78.9933,10.9991],[79.0119,11.0098],[79.0066,11.0564],[79.0093,11.0612],[79.0201,11.0624],[79.0181,11.0664],[79.0262,11.0681],[79.0318,11.0842],[79.0543,11.0871],[79.0684,11.1074],[79.0642,11.1309],[79.0561,11.1347],[79.0583,11.1424],[79.0614,11.1416],[79.0619,11.1531],[79.0739,11.1584],[79.0704,11.1772],[79.0777,11.1834],[79.0772,11.1898],[79.0662,11.1897],[79.0666,11.2057],[79.095,11.1999],[79.0998,11.2315],[79.1123,11.2318],[79.11,11.2455],[79.1225,11.2497],[79.1234,11.2617],[79.1299,11.2608],[79.1371,11.269],[79.1513,11.2539],[79.1581,11.2534],[79.1582,11.2404],[79.1777,11.2391],[79.1795,11.2341],[79.1875,11.2328]]]},"properties":{"STATE":"TAMIL NADU","DISTRICT":"ARIYALUR","AC_NAME":"ARIYALUR","AC":"AC","YEAR":2026.0,"RES":"GEN","ELECTORS":263156.0,"VOTERS":235858.0,"TURNOUT":89.63,"MARGIN":24498.0,"MARGIN_PERCENTAGE":10.39,"PARTY_RANK1":"AIADMK","PARTY_RANK2":"DMK","PARTY_RANK3":"TVK","PARTY_RANK4":"NTK","CANDIDATE_RANK1":"RAJENDRAN S","CANDIDATE_RANK2":"LATHA BALU","CANDIDATE_RANK3":"SIVAKUMAR M","CANDIDATE_RANK4":"PUGAZHENDHI D","VOTES_RANK1":95219.0,"VOTES_RANK2":70721.0,"VOTES_RANK3":57359.0,"VOTES_RANK4":8527.0,"VOTES_RANK1_PERCENTAGE":40.37,"VOTES_RANK2_PERCENTAGE":29.98,"VOTES_RANK3_PERCENTAGE":24.32,"VOTES_RANK4_PERCENTAGE":3.62,"COLOR":"#007500","ID":27548}},{"type":"Feature","geometry":{"type":"Polygon","coordinates":[[[79.3146,11.4186],[79.3466,11.4158],[79.3625,11.4186],[79.3722,11.4152],[79.3781,11.4113],[79.3733,11.3984],[79.3843,11.397],[79.3855,11.4019],[79.3779,11.4016],[79.3801,11.4104],[79.3943,11.4017],[79.39,11.3879],[79.3944,11.3771],[79.3895,11.3686],[79.3939,11.3666],[79.3955,11.3534],[79.4006,11.3498],[79.4057,11.3539],[79.4088,11.3647],[79.4243,11.3605],[79.4265,11.3656],[79.4287,11.3571],[79.4377,11.3572],[79.4371,11.349],[79.4314,11.3447],[79.4379,11.3335],[79.4491,11.3349],[79.4635,11.3183],[79.474,11.3138],[79.4878,11.3167],[79.4985,11.3139],[79.4953,11.3033],[79.5017,11.2911],[79.5011,11.2727],[79.5052,11.2646],[79.5039,11.2578],[79.495,11.2586],[79.4951,11.2485],[79.5103,11.2282],[79.5004,11.203],[79.4817,11.1777],[79.4723,11.1773],[79.4638,11.1706],[79.4558,11.1559],[79.4586,11.1505],[79.4307,11.1206],[79.4134,11.082],[79.3927,11.0635],[79.3459,11.0418],[79.3369,11.0549],[79.3379,11.068],[79.318,11.0705],[79.3158,11.1021],[79.3107,11.1118],[79.3044,11.1107],[79.3,11.1214],[79.3136,11.1366],[79.3147,11.1482],[79.3096,11.1507],[79.3077,11.1635],[79.2981,11.1617],[79.2927,11.1543],[79.2896,11.1601],[79.2641,11.172],[79.2644,11.1861],[79.2699,11.1873],[79.2716,11.2009],[79.2878,11.2029],[79.2872,11.2081],[79.2965,11.2135],[79.2881,11.2262],[79.2904,11.2435],[79.2772,11.2477],[79.2668,11.2604],[79.264,11.288],[79.2564,11.2872],[79.2522,11.2959],[79.2474,11.2919],[79.2462,11.3098],[79.2597,11.3227],[79.259,11.3331],[79.2669,11.331],[79.2648,11.3436],[79.2852,11.3449],[79.2887,11.3484],[79.2889,11.3592],[79.2818,11.3622],[79.2784,11.3701],[79.2855,11.3801],[79.2965,11.3809],[79.2901,11.4021],[79.2927,11.4123],[79.3146,11.4186]]]},"properties":{"STATE":"TAMIL NADU","DISTRICT":"ARIYALUR","AC_NAME":"JAYANKONDAM","AC":"AC","YEAR":2026.0,"RES":"GEN","ELECTORS":263862.0,"VOTERS":228548.0,"TURNOUT":86.62,"MARGIN":18490.0,"MARGIN_PERCENTAGE":8.09,"PARTY_RANK1":"PMK","PARTY_RANK2":"DMK","PARTY_RANK3":"TVK","PARTY_RANK4":"NTK","CANDIDATE_RANK1":"VAITHILINGAM G.","CANDIDATE_RANK2":"KANNAN KA.SO.KA.","CANDIDATE_RANK3":"KAVITHA RAJENDRAN G.","CANDIDATE_RANK4":"REVATHI K.","VOTES_RANK1":88992.0,"VOTES_RANK2":70502.0,"VOTES_RANK3":55538.0,"VOTES_RANK4":6192.0,"VOTES_RANK1_PERCENTAGE":38.94,"VOTES_RANK2_PERCENTAGE":30.85,"VOTES_RANK3_PERCENTAGE":24.3,"VOTES_RANK4_PERCENTAGE":2.71,"COLOR":"#FFFF00","ID":27589}},{"type":"Feature","geometry":{"type":"Polygon","coordinates":[[[80.2441,13.0847],[80.254,13.0844],[80.2541,13.0771],[80.2297,13.0731],[80.2285,13.0662],[80.2227,13.0671],[80.2224,13.0585],[80.2189,13.0584],[80.2077,13.059],[80.2078,13.0721],[80.2009,13.0732],[80.1993,13.0778],[80.2074,13.0862],[80.2087,13.101],[80.2348,13.0851],[80.2441,13.0847]]]},"properties":{"STATE":"TAMIL NADU","DISTRICT":"CHENNAI","AC_NAME":"ANNA NAGAR","AC":"AC","YEAR":2026.0,"RES":"GEN","ELECTORS":188908.0,"VOTERS":163339.0,"TURNOUT":86.46,"MARGIN":21363.0,"MARGIN_PERCENTAGE":13.08,"PARTY_RANK1":"TVK","PARTY_RANK2":"DMK","PARTY_RANK3":"AIADMK","PARTY_RANK4":"NTK","CANDIDATE_RANK1":"V.K.RAMKUMAR","CANDIDATE_RANK2":"N.CHITRARASU","CANDIDATE_RANK3":"S.GOKULA INDIRA","CANDIDATE_RANK4":"S.SHANKAR","VOTES_RANK1":71375.0,"VOTES_RANK2":50012.0,"VOTES_RANK3":34382.0,"VOTES_RANK4":4839.0,"VOTES_RANK1_PERCENTAGE":43.7,"VOTES_RANK2_PERCENTAGE":30.62,"VOTES_RANK3_PERCENTAGE":21.05,"VOTES_RANK4_PERCENTAGE":2.96,"COLOR":null,"ID":27541}},{"type":"Feature","geometry":{"type":"Polygon","coordinates":[[[80.2682,13.0793],[80.2746,13.0717],[80.2727,13.0663],[80.2863,13.0603],[80.283,13.0458],[80.2659,13.0471],[80.2674,13.0393],[80.2573,13.0384],[80.2641,13.0527],[80.2578,13.0554],[80.2652,13.0573],[80.2621,13.0649],[80.2675,13.0703],[80.265,13.0789],[80.2682,13.0793]]]},"properties":{"STATE":"TAMIL NADU","DISTRICT":"CHENNAI","AC_NAME":"CHEPAUK-THIRUVALLIKENI","AC":"AC","YEAR":2026.0,"RES":"GEN","ELECTORS":166050.0,"VOTERS":140741.0,"TURNOUT":84.76,"MARGIN":7140.0,"MARGIN_PERCENTAGE":5.07,"PARTY_RANK1":"DMK","PARTY_RANK2":"TVK","PARTY_RANK3":"AIADMK","PARTY_RANK4":"NTK","CANDIDATE_RANK1":"UDHAYANIDHI STALIN","CANDIDATE_RANK2":"SELVAM. D","CANDIDATE_RANK3":"AADIRAJARAM","CANDIDATE_RANK4":"AYSHA","VOTES_RANK1":62992.0,"VOTES_RANK2":55852.0,"VOTES_RANK3":16507.0,"VOTES_RANK4":2971.0,"VOTES_RANK1_PERCENTAGE":44.76,"VOTES_RANK2_PERCENTAGE":39.68,"VOTES_RANK3_PERCENTAGE":11.73,"VOTES_RANK4_PERCENTAGE":2.11,"COLOR":"#000000","ID":27561}},{"type":"Feature","geometry":{"type":"Polygon","coordinates":[[[80.301,13.143],[80.2979,13.135],[80.3063,13.1303],[80.3008,13.1212],[80.2947,13.1174],[80.2859,13.1218],[80.2819,13.1145],[80.2697,13.1094],[80.2719,13.1235],[80.2681,13.1266],[80.2734,13.1393],[80.2863,13.146],[80.301,13.143]]]},"properties":{"STATE":"TAMIL NADU","DISTRICT":"CHENNAI","AC_NAME":"DR.RADHAKRISHNAN NAGAR","AC":"AC","YEAR":2026.0,"RES":"GEN","ELECTORS":199394.0,"VOTERS":181210.0,"TURNOUT":90.88,"MARGIN":49668.0,"MARGIN_PERCENTAGE":27.41,"PARTY_RANK1":"TVK","PARTY_RANK2":"DMK","PARTY_RANK3":"AIADMK","PARTY_RANK4":"NTK","CANDIDATE_RANK1":"N. MARIE WILSON","CANDIDATE_RANK2":"J. JOHN EBENEZER","CANDIDATE_RANK3":"R.S.RAAJESH","CANDIDATE_RANK4":"VENNILA.T","VOTES_RANK1":97800.0,"VOTES_RANK2":48132.0,"VOTES_RANK3":26892.0,"VOTES_RANK4":5364.0,"VOTES_RANK1_PERCENTAGE":53.97,"VOTES_RANK2_PERCENTAGE":26.56,"VOTES_RANK3_PERCENTAGE":14.84,"VOTES_RANK4_PERCENTAGE":2.96,"COLOR":null,"ID":27574}},{"type":"Feature","geometry":{"type":"Polygon","coordinates":[[[80.273,13.0963],[80.2745,13.0798],[80.2682,13.0793],[80.265,13.0789],[80.2675,13.0703],[80.2621,13.0649],[80.2583,13.06],[80.2513,13.0689],[80.2285,13.0662],[80.2297,13.0731],[80.2541,13.0771],[80.254,13.0844],[80.2441,13.0847],[80.2484,13.0897],[80.2621,13.0929],[80.2592,13.0986],[80.273,13.0963]]]},"properties":{"STATE":"TAMIL NADU","DISTRICT":"CHENNAI","AC_NAME":"EGMORE","AC":"AC","YEAR":2026.0,"RES":"SC","ELECTORS":138796.0,"VOTERS":119738.0,"TURNOUT":86.27,"MARGIN":10804.0,"MARGIN_PERCENTAGE":9.02,"PARTY_RANK1":"TVK","PARTY_RANK2":"DMK","PARTY_RANK3":"AIADMK","PARTY_RANK4":"NTK","CANDIDATE_RANK1":"RAJMOHAN","CANDIDATE_RANK2":"TAMILAN PRASANNA","CANDIDATE_RANK3":"ABISHEK. R","CANDIDATE_RANK4":"SARANYA IMRAN","VOTES_RANK1":53901.0,"VOTES_RANK2":43097.0,"VOTES_RANK3":18191.0,"VOTES_RANK4":2522.0,"VOTES_RANK1_PERCENTAGE":45.02,"VOTES_RANK2_PERCENTAGE":35.99,"VOTES_RANK3_PERCENTAGE":15.19,"VOTES_RANK4_PERCENTAGE":2.11,"COLOR":null,"ID":27576}},{"type":"Feature","geometry":{"type":"Polygon","coordinates":[[[80.2929,13.1],[80.2982,13.1019],[80.3017,13.0987],[80.2969,13.0993],[80.2948,13.0931],[80.3006,13.0911],[80.3038,13.1026],[80.311,13.1088],[80.2863,13.0603],[80.2727,13.0663],[80.2746,13.0717],[80.2682,13.0793],[80.2745,13.0798],[80.273,13.0963],[80.2727,13.0997],[80.278,13.1041],[80.2929,13.1]]]},"properties":{"STATE":"TAMIL NADU","DISTRICT":"CHENNAI","AC_NAME":"HARBOUR","AC":"AC","YEAR":2026.0,"RES":"GEN","ELECTORS":120142.0,"VOTERS":99622.0,"TURNOUT":82.92,"MARGIN":11750.0,"MARGIN_PERCENTAGE":11.79,"PARTY_RANK1":"DMK","PARTY_RANK2":"TVK","PARTY_RANK3":"AIADMK","PARTY_RANK4":"NTK","CANDIDATE_RANK1":"P K SEKARBABU","CANDIDATE_RANK2":"SINORA P S ASHOK","CANDIDATE_RANK3":"R MANOHAR","CANDIDATE_RANK4":"R FOUZAN SHARIFF","VOTES_RANK1":45254.0,"VOTES_RANK2":33504.0,"VOTES_RANK3":17256.0,"VOTES_RANK4":1607.0,"VOTES_RANK1_PERCENTAGE":45.43,"VOTES_RANK2_PERCENTAGE":33.63,"VOTES_RANK3_PERCENTAGE":17.32,"VOTES_RANK4_PERCENTAGE":1.61,"COLOR":"#000000","ID":27586}},{"type":"Feature","geometry":{"type":"Polygon","coordinates":[[[80.2419,13.1286],[80.2456,13.1227],[80.243,13.1127],[80.2414,13.0963],[80.2364,13.0975],[80.2359,13.1075],[80.2036,13.1112],[80.2064,13.1185],[80.2007,13.1184],[80.2015,13.1271],[80.2232,13.1307],[80.2232,13.1276],[80.2419,13.1286]]]},"properties":{"STATE":"TAMIL NADU","DISTRICT":"CHENNAI","AC_NAME":"KOLATHUR","AC":"AC","YEAR":2026.0,"RES":"GEN","ELECTORS":211833.0,"VOTERS":184051.0,"TURNOUT":86.88,"MARGIN":8795.0,"MARGIN_PERCENTAGE":4.78,"PARTY_RANK1":"TVK","PARTY_RANK2":"DMK","PARTY_RANK3":"AIADMK","PARTY_RANK4":"NTK","CANDIDATE_RANK1":"V. S. BABU","CANDIDATE_RANK2":"M. K. STALIN","CANDIDATE_RANK3":"P. SANTHANA KRISHNAN","CANDIDATE_RANK4":"SOUNDARA PANDIAN LUDER SETH","VOTES_RANK1":82997.0,"VOTES_RANK2":74202.0,"VOTES_RANK3":18430.0,"VOTES_RANK4":5046.0,"VOTES_RANK1_PERCENTAGE":45.09,"VOTES_RANK2_PERCENTAGE":40.32,"VOTES_RANK3_PERCENTAGE":10.01,"VOTES_RANK4_PERCENTAGE":2.74,"COLOR":null,"ID":27607}},{"type":"Feature","geometry":{"type":"Polygon","coordinates":[[[80.283,13.0458],[80.2776,13.0133],[80.2555,13.0143],[80.2496,13.0189],[80.24,13.0311],[80.2468,13.0389],[80.2573,13.0384],[80.2674,13.0393],[80.2659,13.0471],[80.283,13.0458]]]},"properties":{"STATE":"TAMIL NADU","DISTRICT":"CHENNAI","AC_NAME":"MYLAPORE","AC":"AC","YEAR":2026.0,"RES":"GEN","ELECTORS":199496.0,"VOTERS":150594.0,"TURNOUT":75.49,"MARGIN":28972.0,"MARGIN_PERCENTAGE":19.24,"PARTY_RANK1":"TVK","PARTY_RANK2":"DMK","PARTY_RANK3":"BJP","PARTY_RANK4":"NTK","CANDIDATE_RANK1":"VENKATARAMANAN. P","CANDIDATE_RANK2":"VELU. DHA","CANDIDATE_RANK3":"DR. TAMILISAI SOUNDARARAJAN","CANDIDATE_RANK4":"ARUN. R.L","VOTES_RANK1":70070.0,"VOTES_RANK2":41098.0,"VOTES_RANK3":32328.0,"VOTES_RANK4":4499.0,"VOTES_RANK1_PERCENTAGE":46.53,"VOTES_RANK2_PERCENTAGE":27.29,"VOTES_RANK3_PERCENTAGE":21.47,"VOTES_RANK4_PERCENTAGE":2.99,"COLOR":null,"ID":27638}},{"type":"Feature","geometry":{"type":"Polygon","coordinates":[[[80.2734,13.1393],[80.2681,13.1266],[80.2719,13.1235],[80.2697,13.1094],[80.2527,13.1093],[80.243,13.1127],[80.2456,13.1227],[80.2419,13.1286],[80.241,13.1426],[80.255,13.15],[80.2682,13.1483],[80.2652,13.1409],[80.2734,13.1393]]]},"properties":{"STATE":"TAMIL NADU","DISTRICT":"CHENNAI","AC_NAME":"PERAMBUR","AC":"AC","YEAR":2026.0,"RES":"GEN","ELECTORS":226345.0,"VOTERS":204384.0,"TURNOUT":90.3,"MARGIN":53715.0,"MARGIN_PERCENTAGE":26.28,"PARTY_RANK1":"TVK","PARTY_RANK2":"DMK","PARTY_RANK3":"PMK","PARTY_RANK4":"NTK","CANDIDATE_RANK1":"C. JOSEPH VIJAY","CANDIDATE_RANK2":"R.D. SHEKAR","CANDIDATE_RANK3":"M. THILAGABAMA","CANDIDATE_RANK4":"S. VETRI THAMIZHAN","VOTES_RANK1":120365.0,"VOTES_RANK2":66650.0,"VOTES_RANK3":8561.0,"VOTES_RANK4":5114.0,"VOTES_RANK1_PERCENTAGE":58.89,"VOTES_RANK2_PERCENTAGE":32.61,"VOTES_RANK3_PERCENTAGE":4.19,"VOTES_RANK4_PERCENTAGE":2.5,"COLOR":null,"ID":27665}},{"type":"Feature","geometry":{"type":"Polygon","coordinates":[[[80.3008,13.1212],[80.3054,13.1098],[80.3038,13.1057],[80.3014,13.1121],[80.2982,13.1019],[80.2929,13.1],[80.278,13.1041],[80.2727,13.0997],[80.2697,13.1094],[80.2819,13.1145],[80.2859,13.1218],[80.2947,13.1174],[80.3008,13.1212]]]},"properties":{"STATE":"TAMIL NADU","DISTRICT":"CHENNAI","AC_NAME":"ROYAPURAM","AC":"AC","YEAR":2026.0,"RES":"GEN","ELECTORS":159672.0,"VOTERS":127356.0,"TURNOUT":79.76,"MARGIN":14249.0,"MARGIN_PERCENTAGE":11.19,"PARTY_RANK1":"TVK","PARTY_RANK2":"DMK","PARTY_RANK3":"AIADMK","PARTY_RANK4":"NTK","CANDIDATE_RANK1":"K.V. VIJAY DAMU","CANDIDATE_RANK2":"DR. A. SUBAIR KHAN","CANDIDATE_RANK3":"D. JAYAKUMAR","CANDIDATE_RANK4":"A. BABU MAILAN","VOTES_RANK1":59091.0,"VOTES_RANK2":44842.0,"VOTES_RANK3":18420.0,"VOTES_RANK4":2947.0,"VOTES_RANK1_PERCENTAGE":46.4,"VOTES_RANK2_PERCENTAGE":35.21,"VOTES_RANK3_PERCENTAGE":14.46,"VOTES_RANK4_PERCENTAGE":2.31,"COLOR":null,"ID":27681}},{"type":"Feature","geometry":{"type":"Polygon","coordinates":[[[80.2092,13.0353],[80.2272,13.0359],[80.226,13.0312],[80.2309,13.0314],[80.2304,13.026],[80.24,13.0311],[80.2496,13.0189],[80.2502,12.9935],[80.242,12.9952],[80.2333,12.9863],[80.218,12.9876],[80.2161,12.993],[80.2069,12.9962],[80.2134,13.0066],[80.1992,13.0168],[80.1997,13.0224],[80.2099,13.0271],[80.2092,13.0353]]]},"properties":{"STATE":"TAMIL NADU","DISTRICT":"CHENNAI","AC_NAME":"SAIDAPET","AC":"AC","YEAR":2026.0,"RES":"GEN","ELECTORS":204177.0,"VOTERS":160401.0,"TURNOUT":78.56,"MARGIN":28514.0,"MARGIN_PERCENTAGE":17.78,"PARTY_RANK1":"TVK","PARTY_RANK2":"DMK","PARTY_RANK3":"AMMK","PARTY_RANK4":"NTK","CANDIDATE_RANK1":"ARUL PRAKASAM. M","CANDIDATE_RANK2":"SUBRAMANIAN. MA","CANDIDATE_RANK3":"SENTHAMIZHAN. G","CANDIDATE_RANK4":"SRIVIDYA. G","VOTES_RANK1":81205.0,"VOTES_RANK2":52691.0,"VOTES_RANK3":17839.0,"VOTES_RANK4":5918.0,"VOTES_RANK1_PERCENTAGE":50.63,"VOTES_RANK2_PERCENTAGE":32.85,"VOTES_RANK3_PERCENTAGE":11.12,"VOTES_RANK4_PERCENTAGE":3.69,"COLOR":null,"ID":27682}},{"type":"Feature","geometry":{"type":"Polygon","coordinates":[[[80.2527,13.1093],[80.2697,13.1094],[80.2727,13.0997],[80.273,13.0963],[80.2592,13.0986],[80.2621,13.0929],[80.2484,13.0897],[80.2441,13.0847],[80.2402,13.0867],[80.2414,13.0963],[80.243,13.1127],[80.2527,13.1093]]]},"properties":{"STATE":"TAMIL NADU","DISTRICT":"CHENNAI","AC_NAME":"THIRU-VI-KA-NAGAR","AC":"AC","YEAR":2026.0,"RES":"SC","ELECTORS":181658.0,"VOTERS":143903.0,"TURNOUT":79.22,"MARGIN":22333.0,"MARGIN_PERCENTAGE":15.52,"PARTY_RANK1":"TVK","PARTY_RANK2":"DMK","PARTY_RANK3":"AIADMK","PARTY_RANK4":"NTK","CANDIDATE_RANK1":"M. R. PALLAVI","CANDIDATE_RANK2":"K. S. RAVICHANDRAN","CANDIDATE_RANK3":"PORKODI ARMSTRONG","CANDIDATE_RANK4":"JAGADESH CHANDER .M","VOTES_RANK1":69125.0,"VOTES_RANK2":46792.0,"VOTES_RANK3":23304.0,"VOTES_RANK4":2658.0,"VOTES_RANK1_PERCENTAGE":48.04,"VOTES_RANK2_PERCENTAGE":32.52,"VOTES_RANK3_PERCENTAGE":16.19,"VOTES_RANK4_PERCENTAGE":1.85,"COLOR":null,"ID":27717}},{"type":"Feature","geometry":{"type":"Polygon","coordinates":[[[80.2189,13.0584],[80.2159,13.0513],[80.231,13.0536],[80.2306,13.0477],[80.2445,13.0432],[80.2398,13.0356],[80.2308,13.0358],[80.2309,13.0314],[80.226,13.0312],[80.2272,13.0359],[80.2092,13.0353],[80.2039,13.0446],[80.2077,13.059],[80.2189,13.0584]]]},"properties":{"STATE":"TAMIL NADU","DISTRICT":"CHENNAI","AC_NAME":"THIYAGARAYANAGAR","AC":"AC","YEAR":2026.0,"RES":"GEN","ELECTORS":158791.0,"VOTERS":133928.0,"TURNOUT":84.34,"MARGIN":13027.0,"MARGIN_PERCENTAGE":9.73,"PARTY_RANK1":"TVK","PARTY_RANK2":"AIADMK","PARTY_RANK3":"DMK","PARTY_RANK4":"NTK","CANDIDATE_RANK1":"ANAND N","CANDIDATE_RANK2":"SATHIYANARAYANAN B","CANDIDATE_RANK3":"RAJA ANBAZHAGAN","CANDIDATE_RANK4":"ANUSHA V","VOTES_RANK1":51632.0,"VOTES_RANK2":38605.0,"VOTES_RANK3":37017.0,"VOTES_RANK4":4554.0,"VOTES_RANK1_PERCENTAGE":38.55,"VOTES_RANK2_PERCENTAGE":28.83,"VOTES_RANK3_PERCENTAGE":27.64,"VOTES_RANK4_PERCENTAGE":3.4,"COLOR":null,"ID":27719}},{"type":"Feature","geometry":{"type":"Polygon","coordinates":[[[80.2513,13.0689],[80.2583,13.06],[80.2621,13.0649],[80.2652,13.0573],[80.2578,13.0554],[80.2641,13.0527],[80.2573,13.0384],[80.2468,13.0389],[80.24,13.0311],[80.2304,13.026],[80.2309,13.0314],[80.2308,13.0358],[80.2398,13.0356],[80.2445,13.0432],[80.2306,13.0477],[80.231,13.0536],[80.2159,13.0513],[80.2189,13.0584],[80.2224,13.0585],[80.2227,13.0671],[80.2285,13.0662],[80.2513,13.0689]]]},"properties":{"STATE":"TAMIL NADU","DISTRICT":"CHENNAI","AC_NAME":"THOUSAND LIGHTS","AC":"AC","YEAR":2026.0,"RES":"GEN","ELECTORS":157551.0,"VOTERS":131824.0,"TURNOUT":83.67,"MARGIN":15141.0,"MARGIN_PERCENTAGE":11.49,"PARTY_RANK1":"TVK","PARTY_RANK2":"DMK","PARTY_RANK3":"AIADMK","PARTY_RANK4":"NTK","CANDIDATE_RANK1":"PRABHAKAR.J.C.D","CANDIDATE_RANK2":"EZHILAN NAGANATHAN","CANDIDATE_RANK3":"VALARMATHI.B","CANDIDATE_RANK4":"KALANCHIYAM.MU","VOTES_RANK1":58965.0,"VOTES_RANK2":43824.0,"VOTES_RANK3":23320.0,"VOTES_RANK4":3717.0,"VOTES_RANK1_PERCENTAGE":44.73,"VOTES_RANK2_PERCENTAGE":33.24,"VOTES_RANK3_PERCENTAGE":17.69,"VOTES_RANK4_PERCENTAGE":2.82,"COLOR":null,"ID":27722}},{"type":"Feature","geometry":{"type":"Polygon","coordinates":[[[80.2555,13.0143],[80.2776,13.0133],[80.2669,12.9753],[80.2528,12.977],[80.2529,12.9804],[80.2433,12.9839],[80.2435,12.9801],[80.2211,12.9657],[80.2089,12.9787],[80.2036,12.9835],[80.2069,12.9962],[80.2161,12.993],[80.218,12.9876],[80.2333,12.9863],[80.242,12.9952],[80.2502,12.9935],[80.2496,13.0189],[80.2555,13.0143]]]},"properties":{"STATE":"TAMIL NADU","DISTRICT":"CHENNAI","AC_NAME":"VELACHERY","AC":"AC","YEAR":2026.0,"RES":"GEN","ELECTORS":217208.0,"VOTERS":184815.0,"TURNOUT":85.09,"MARGIN":33305.0,"MARGIN_PERCENTAGE":18.02,"PARTY_RANK1":"TVK","PARTY_RANK2":"AIADMK","PARTY_RANK3":"INC","PARTY_RANK4":"NTK","CANDIDATE_RANK1":"KUMAR. R","CANDIDATE_RANK2":"ASHOK. M.K","CANDIDATE_RANK3":"AASSAN MAULAANA J.M.H","CANDIDATE_RANK4":"KEERTHANA. M","VOTES_RANK1":80430.0,"VOTES_RANK2":47125.0,"VOTES_RANK3":45928.0,"VOTES_RANK4":7697.0,"VOTES_RANK1_PERCENTAGE":43.52,"VOTES_RANK2_PERCENTAGE":25.5,"VOTES_RANK3_PERCENTAGE":24.85,"VOTES_RANK4_PERCENTAGE":4.16,"COLOR":null,"ID":27754}},{"type":"Feature","geometry":{"type":"Polygon","coordinates":[[[80.2064,13.1185],[80.2036,13.1112],[80.2359,13.1075],[80.2364,13.0975],[80.2414,13.0963],[80.2402,13.0867],[80.2441,13.0847],[80.2348,13.0851],[80.2087,13.101],[80.2074,13.0862],[80.1993,13.0778],[80.1902,13.0819],[80.1953,13.0897],[80.192,13.1056],[80.2007,13.1184],[80.2064,13.1185]]]},"properties":{"STATE":"TAMIL NADU","DISTRICT":"CHENNAI","AC_NAME":"VILLIVAKKAM","AC":"AC","YEAR":2026.0,"RES":"GEN","ELECTORS":163416.0,"VOTERS":141452.0,"TURNOUT":86.56,"MARGIN":17302.0,"MARGIN_PERCENTAGE":12.23,"PARTY_RANK1":"TVK","PARTY_RANK2":"DMK","PARTY_RANK3":"AIADMK","PARTY_RANK4":"NTK","CANDIDATE_RANK1":"AADHAV ARJUNA","CANDIDATE_RANK2":"KARTHIK MOHAN","CANDIDATE_RANK3":"VIJAYAKUMAR S.R","CANDIDATE_RANK4":"ROSHINI S","VOTES_RANK1":66445.0,"VOTES_RANK2":49143.0,"VOTES_RANK3":19338.0,"VOTES_RANK4":4310.0,"VOTES_RANK1_PERCENTAGE":46.97,"VOTES_RANK2_PERCENTAGE":34.74,"VOTES_RANK3_PERCENTAGE":13.67,"VOTES_RANK4_PERCENTAGE":3.05,"COLOR":null,"ID":27760}},{"type":"Feature","geometry":{"type":"Polygon","coordinates":[[[80.1993,13.0778],[80.2009,13.0732],[80.2078,13.0721],[80.2077,13.059],[80.2039,13.0446],[80.2092,13.0353],[80.2099,13.0271],[80.2001,13.0299],[80.1884,13.0267],[80.1816,13.0489],[80.1857,13.0734],[80.1902,13.0819],[80.1993,13.0778]]]},"properties":{"STATE":"TAMIL NADU","DISTRICT":"CHENNAI","AC_NAME":"VIRUGAMPAKKAM","AC":"AC","YEAR":2026.0,"RES":"GEN","ELECTORS":200627.0,"VOTERS":172831.0,"TURNOUT":86.15,"MARGIN":27086.0,"MARGIN_PERCENTAGE":15.67,"PARTY_RANK1":"TVK","PARTY_RANK2":"DMK","PARTY_RANK3":"AIADMK","PARTY_RANK4":"NTK","CANDIDATE_RANK1":"SABARINATHAN.R","CANDIDATE_RANK2":"PRABHAKARA RAJA.A.M.V","CANDIDATE_RANK3":"VIRUGAI V.N.RAVI","CANDIDATE_RANK4":"SANTHOSH","VOTES_RANK1":76092.0,"VOTES_RANK2":49006.0,"VOTES_RANK3":38767.0,"VOTES_RANK4":6056.0,"VOTES_RANK1_PERCENTAGE":44.03,"VOTES_RANK2_PERCENTAGE":28.35,"VOTES_RANK3_PERCENTAGE":22.43,"VOTES_RANK4_PERCENTAGE":3.5,"COLOR":null,"ID":27764}},{"type":"Feature","geometry":{"type":"Polygon","coordinates":[[[77.0082,11.0457],[77.0093,11.0386],[76.9958,11.0429],[76.9969,11.0349],[76.9905,11.0286],[76.9912,11.0223],[76.9722,11.0307],[76.9552,11.0317],[76.9506,11.0262],[76.9617,11.0199],[76.9561,11.0135],[76.9438,11.0141],[76.9402,11.0037],[76.9239,11.0054],[76.9177,10.9982],[76.9115,10.9989],[76.9156,11.0038],[76.9132,11.0054],[76.9078,11.0016],[76.9003,11.006],[76.8852,11.0056],[76.8804,10.9971],[76.8617,11.0207],[76.8665,11.0273],[76.8743,11.0289],[76.8584,11.029],[76.8633,11.0454],[76.8924,11.0359],[76.8943,11.0422],[76.8999,11.0417],[76.9091,11.0315],[76.9177,11.0372],[76.9191,11.0318],[76.9511,11.0366],[76.9468,11.0539],[76.9833,11.0519],[77.0033,11.0586],[77.0082,11.0457]]]},"properties":{"STATE":"TAMIL NADU","DISTRICT":"COIMBATORE","AC_NAME":"COIMBATORE (NORTH)","AC":"AC","YEAR":2026.0,"RES":"GEN","ELECTORS":296994.0,"VOTERS":226109.0,"TURNOUT":76.13,"MARGIN":21992.0,"MARGIN_PERCENTAGE":9.73,"PARTY_RANK1":"TVK","PARTY_RANK2":"DMK","PARTY_RANK3":"BJP","PARTY_RANK4":"NTK","CANDIDATE_RANK1":"V. SAMPATHKUMAR","CANDIDATE_RANK2":"DURAI. SENTHAMIL SELVAN B.E","CANDIDATE_RANK3":"VANATHI SRINIVASAN","CANDIDATE_RANK4":"NARMADHA. G.","VOTES_RANK1":92500.0,"VOTES_RANK2":70508.0,"VOTES_RANK3":49722.0,"VOTES_RANK4":9036.0,"VOTES_RANK1_PERCENTAGE":40.91,"VOTES_RANK2_PERCENTAGE":31.18,"VOTES_RANK3_PERCENTAGE":21.99,"VOTES_RANK4_PERCENTAGE":4.0,"COLOR":null,"ID":27565}},{"type":"Feature","geometry":{"type":"Polygon","coordinates":[[[76.9912,11.0223],[76.9917,11.015],[77.0045,10.9958],[76.9944,10.9901],[76.9927,10.9955],[76.9863,10.9955],[76.9867,10.9894],[76.9937,10.987],[76.9906,10.9793],[76.9783,10.9786],[76.982,10.9719],[76.9631,10.9754],[76.9764,10.9841],[76.9614,10.9915],[76.9561,11.0135],[76.9617,11.0199],[76.9506,11.0262],[76.9552,11.0317],[76.9722,11.0307],[76.9912,11.0223]]]},"properties":{"STATE":"TAMIL NADU","DISTRICT":"COIMBATORE","AC_NAME":"COIMBATORE (SOUTH)","AC":"AC","YEAR":2026.0,"RES":"GEN","ELECTORS":188912.0,"VOTERS":156499.0,"TURNOUT":82.84,"MARGIN":2271.0,"MARGIN_PERCENTAGE":1.45,"PARTY_RANK1":"DMK","PARTY_RANK2":"TVK","PARTY_RANK3":"AIADMK","PARTY_RANK4":"NTK","CANDIDATE_RANK1":"V SENTHILBALAJI","CANDIDATE_RANK2":"V. SENTHILKUMAR","CANDIDATE_RANK3":"AMMAN K.ARJUNAN","CANDIDATE_RANK4":"PERARIVALAN. V","VOTES_RANK1":59724.0,"VOTES_RANK2":57453.0,"VOTES_RANK3":31689.0,"VOTES_RANK4":5062.0,"VOTES_RANK1_PERCENTAGE":38.16,"VOTES_RANK2_PERCENTAGE":36.71,"VOTES_RANK3_PERCENTAGE":20.25,"VOTES_RANK4_PERCENTAGE":3.23,"COLOR":"#000000","ID":27566}},{"type":"Feature","geometry":{"type":"Polygon","coordinates":[[[77.0047,11.194],[77.0066,11.1728],[77.0115,11.1731],[77.0269,11.1585],[77.0375,11.1573],[77.0498,11.1414],[77.0538,11.1252],[77.0766,11.1204],[77.075,11.1137],[77.0798,11.1114],[77.0884,11.1158],[77.0994,11.1043],[77.0966,11.0958],[77.0834,11.0841],[77.0602,11.0766],[77.0611,11.0386],[77.0501,11.0349],[77.0511,11.0263],[77.035,11.0266],[77.0297,11.0468],[77.0082,11.0457],[77.0033,11.0586],[76.9833,11.0519],[76.9468,11.0539],[76.9511,11.0366],[76.9191,11.0318],[76.9177,11.0372],[76.9091,11.0315],[76.8999,11.0417],[76.8943,11.0422],[76.8924,11.0359],[76.8633,11.0454],[76.8644,11.0543],[76.847,11.0512],[76.8323,11.0569],[76.8001,11.0551],[76.796,11.0564],[76.7889,11.046],[76.7774,11.0423],[76.7654,11.0457],[76.7606,11.0527],[76.7442,11.057],[76.7413,11.0731],[76.7548,11.079],[76.7515,11.0931],[76.7468,11.0924],[76.7388,11.1039],[76.7456,11.1085],[76.7475,11.1177],[76.7701,11.1312],[76.7745,11.1272],[76.789,11.1275],[76.7873,11.139],[76.8191,11.1439],[76.8264,11.1489],[76.8342,11.1442],[76.8487,11.1488],[76.852,11.1521],[76.833,11.1576],[76.8391,11.1789],[76.8468,11.1787],[76.8465,11.1833],[76.8625,11.178],[76.8687,11.1845],[76.877,11.1828],[76.8809,11.1909],[76.8919,11.1913],[76.8986,11.1991],[76.9136,11.1941],[76.9101,11.1647],[76.9208,11.1595],[76.9265,11.1514],[76.917,11.141],[76.9232,11.1378],[76.9106,11.1283],[76.9096,11.1185],[76.9325,11.1203],[76.9482,11.1293],[76.949,11.1395],[76.9424,11.1561],[76.9452,11.1657],[76.9545,11.1704],[76.9675,11.1511],[76.9768,11.1489],[76.978,11.1935],[76.9898,11.2007],[77.0047,11.194]]]},"properties":{"STATE":"TAMIL NADU","DISTRICT":"COIMBATORE","AC_NAME":"KAVUNDAMPALAYAM","AC":"AC","YEAR":2026.0,"RES":"GEN","ELECTORS":422240.0,"VOTERS":363991.0,"TURNOUT":86.2,"MARGIN":42140.0,"MARGIN_PERCENTAGE":11.58,"PARTY_RANK1":"TVK","PARTY_RANK2":"AIADMK","PARTY_RANK3":"INC","PARTY_RANK4":"NTK","CANDIDATE_RANK1":"KANIMOZHI SANTHOSH","CANDIDATE_RANK2":"ARUNKUMAR PRG","CANDIDATE_RANK3":"SURYA PRAKASH K.P","CANDIDATE_RANK4":"KALAMANI JAGANATHAN","VOTES_RANK1":146466.0,"VOTES_RANK2":104326.0,"VOTES_RANK3":90726.0,"VOTES_RANK4":16834.0,"VOTES_RANK1_PERCENTAGE":40.24,"VOTES_RANK2_PERCENTAGE":28.66,"VOTES_RANK3_PERCENTAGE":24.93,"VOTES_RANK4_PERCENTAGE":4.62,"COLOR":null,"ID":27601}},{"type":"Feature","geometry":{"type":"Polygon","coordinates":[[[77.0369,10.9845],[77.0469,10.9524],[77.0521,10.9543],[77.0609,10.9466],[77.0692,10.9285],[77.06,10.9022],[77.0531,10.9002],[77.0557,10.8931],[77.0481,10.8914],[77.0399,10.877],[77.0319,10.8617],[77.0258,10.8589],[77.0302,10.8495],[77.0324,10.8144],[77.0398,10.8105],[77.0433,10.7972],[77.0379,10.7888],[77.0298,10.7878],[77.0257,10.7919],[77.0238,10.7864],[77.0165,10.7907],[76.9975,10.7916],[76.9569,10.7713],[76.9441,10.79],[76.9147,10.7778],[76.9113,10.7707],[76.9042,10.7725],[76.9072,10.7792],[76.9001,10.8086],[76.8716,10.8086],[76.8632,10.8182],[76.8505,10.8189],[76.8448,10.8258],[76.8528,10.8342],[76.8475,10.8499],[76.8332,10.8599],[76.8281,10.873],[76.8125,10.8769],[76.8151,10.8827],[76.8306,10.8852],[76.8362,10.9146],[76.8477,10.9126],[76.8503,10.9214],[76.8606,10.9299],[76.8591,10.9408],[76.854,10.9437],[76.8516,10.9742],[76.8664,10.9781],[76.9146,10.9721],[76.9174,10.9374],[76.9111,10.9266],[76.9174,10.9261],[76.9204,10.918],[76.9256,10.9336],[76.9573,10.9286],[76.965,10.9357],[76.9648,10.959],[76.9592,10.9691],[76.9631,10.9754],[76.982,10.9719],[77.0369,10.9845]]]},"properties":{"STATE":"TAMIL NADU","DISTRICT":"COIMBATORE","AC_NAME":"KINATHUKADAVU","AC":"AC","YEAR":2026.0,"RES":"GEN","ELECTORS":305919.0,"VOTERS":267917.0,"TURNOUT":87.58,"MARGIN":11710.0,"MARGIN_PERCENTAGE":4.37,"PARTY_RANK1":"TVK","PARTY_RANK2":"DMK","PARTY_RANK3":"AIADMK","PARTY_RANK4":"NTK","CANDIDATE_RANK1":"VIGNESH K","CANDIDATE_RANK2":"SABARI KARTHIKEYAN K.V.K.S","CANDIDATE_RANK3":"DAMODARAN S","CANDIDATE_RANK4":"BANUPRIYA M","VOTES_RANK1":99950.0,"VOTES_RANK2":88240.0,"VOTES_RANK3":67789.0,"VOTES_RANK4":9667.0,"VOTES_RANK1_PERCENTAGE":37.31,"VOTES_RANK2_PERCENTAGE":32.94,"VOTES_RANK3_PERCENTAGE":25.3,"VOTES_RANK4_PERCENTAGE":3.61,"COLOR":null,"ID":27606}},{"type":"Feature","geometry":{"type":"Polygon","coordinates":[[[76.9573,11.3812],[76.9716,11.3863],[76.9808,11.3783],[76.9815,11.3831],[76.9876,11.3823],[77.0136,11.3688],[77.0254,11.3734],[77.0234,11.3878],[77.0325,11.3849],[77.0454,11.4026],[77.0704,11.4026],[77.0704,11.3862],[77.0757,11.3918],[77.0811,11.3878],[77.0913,11.3936],[77.0884,11.397],[77.0932,11.3991],[77.0915,11.4034],[77.1102,11.4064],[77.1131,11.381],[77.1304,11.3754],[77.1295,11.3667],[77.1331,11.3631],[77.1293,11.3542],[77.1416,11.3369],[77.1261,11.3401],[77.1044,11.3372],[77.0976,11.3188],[77.0937,11.3186],[77.0899,11.3289],[77.0931,11.3356],[77.0838,11.337],[77.0805,11.3449],[77.0713,11.3374],[77.0651,11.3244],[77.0686,11.3152],[77.0633,11.3117],[77.054,11.3231],[77.0457,11.3226],[77.0451,11.3032],[77.0524,11.2999],[77.0462,11.2853],[77.0225,11.2733],[77.0202,11.2613],[77.0108,11.2667],[77.0071,11.2643],[77.0157,11.24],[77.0085,11.2305],[77.0183,11.2106],[77.0092,11.2093],[77.0047,11.194],[76.9898,11.2007],[76.978,11.1935],[76.9768,11.1489],[76.9675,11.1511],[76.9545,11.1704],[76.9452,11.1657],[76.9424,11.1561],[76.949,11.1395],[76.9482,11.1293],[76.9325,11.1203],[76.9096,11.1185],[76.9106,11.1283],[76.9232,11.1378],[76.917,11.141],[76.9265,11.1514],[76.9208,11.1595],[76.9101,11.1647],[76.9136,11.1941],[76.8986,11.1991],[76.8919,11.1913],[76.8809,11.1909],[76.877,11.1828],[76.8687,11.1845],[76.8625,11.178],[76.8465,11.1833],[76.8468,11.1787],[76.8391,11.1789],[76.833,11.1576],[76.852,11.1521],[76.8487,11.1488],[76.8342,11.1442],[76.8264,11.1489],[76.8191,11.1439],[76.7873,11.139],[76.789,11.1275],[76.7745,11.1272],[76.7701,11.1312],[76.7475,11.1177],[76.7464,11.1377],[76.7394,11.1317],[76.7344,11.1361],[76.7284,11.1303],[76.7177,11.1475],[76.7087,11.1476],[76.7122,11.1423],[76.7056,11.1419],[76.6896,11.1592],[76.6928,11.1723],[76.7011,11.1765],[76.6999,11.1816],[76.7067,11.1796],[76.7103,11.1885],[76.7178,11.1866],[76.7226,11.1919],[76.7284,11.1914],[76.722,11.2034],[76.7317,11.2156],[76.7254,11.2191],[76.7253,11.2256],[76.7209,11.225],[76.7067,11.2381],[76.6998,11.246],[76.6999,11.2571],[76.7054,11.2641],[76.737,11.2449],[76.7412,11.2524],[76.7554,11.2508],[76.7532,11.2552],[76.7675,11.2641],[76.7698,11.2774],[76.765,11.2841],[76.7689,11.2897],[76.7902,11.2793],[76.7975,11.2958],[76.8069,11.2992],[76.8177,11.2901],[76.8297,11.2936],[76.8425,11.2875],[76.854,11.2964],[76.8536,11.3064],[76.8597,11.3044],[76.8593,11.3139],[76.8544,11.3183],[76.8606,11.3244],[76.8512,11.3276],[76.8547,11.3333],[76.8483,11.335],[76.8496,11.3441],[76.8535,11.3409],[76.8606,11.3476],[76.8689,11.3452],[76.8626,11.3514],[76.8671,11.3552],[76.8733,11.3521],[76.877,11.3589],[76.8841,11.3519],[76.8906,11.3616],[76.8892,11.3658],[76.903,11.3626],[76.9001,11.3581],[76.9031,11.3511],[76.9326,11.363],[76.9327,11.3571],[76.9371,11.3637],[76.9495,11.3659],[76.938,11.3663],[76.9349,11.3706],[76.9283,11.3682],[76.934,11.3765],[76.9471,11.3763],[76.9573,11.3812]]]},"properties":{"STATE":"TAMIL NADU","DISTRICT":"COIMBATORE","AC_NAME":"METTUPPALAYAM","AC":"AC","YEAR":2026.0,"RES":"GEN","ELECTORS":282235.0,"VOTERS":244319.0,"TURNOUT":86.57,"MARGIN":7768.0,"MARGIN_PERCENTAGE":3.18,"PARTY_RANK1":"TVK","PARTY_RANK2":"DMK","PARTY_RANK3":"AIADMK","PARTY_RANK4":"IND","CANDIDATE_RANK1":"SUNILANAND","CANDIDATE_RANK2":"SMT.KAVITHA KALYANASUNDARAM","CANDIDATE_RANK3":"O.K.CHINNARAJ","CANDIDATE_RANK4":"T.R.SHANMUGASUNDARAM","VOTES_RANK1":75664.0,"VOTES_RANK2":67896.0,"VOTES_RANK3":61736.0,"VOTES_RANK4":26756.0,"VOTES_RANK1_PERCENTAGE":30.97,"VOTES_RANK2_PERCENTAGE":27.79,"VOTES_RANK3_PERCENTAGE":25.27,"VOTES_RANK4_PERCENTAGE":10.95,"COLOR":null,"ID":27633}},{"type":"Feature","geometry":{"type":"Polygon","coordinates":[[[77.1134,10.8866],[77.1201,10.8872],[77.1226,10.8741],[77.1295,10.8674],[77.1467,10.865],[77.1487,10.8498],[77.1576,10.848],[77.1576,10.8367],[77.1635,10.8319],[77.1702,10.8109],[77.1678,10.7999],[77.1574,10.7945],[77.1589,10.7789],[77.1525,10.7794],[77.1553,10.7723],[77.152,10.7651],[77.1425,10.7679],[77.1364,10.7546],[77.1321,10.7535],[77.1388,10.7314],[77.0784,10.7268],[77.0711,10.7129],[77.0766,10.6871],[77.0668,10.6863],[77.0719,10.6809],[77.0749,10.6655],[77.068,10.6631],[77.0559,10.6467],[77.0473,10.6603],[77.0256,10.6575],[77.0214,10.6404],[76.9924,10.6505],[76.9867,10.6468],[76.9889,10.6694],[76.9924,10.6717],[76.9824,10.6748],[76.9851,10.6691],[76.9819,10.6678],[76.9724,10.6735],[76.9667,10.671],[76.963,10.6757],[76.9615,10.6664],[76.9669,10.6568],[76.9631,10.6494],[76.9566,10.648],[76.9552,10.6438],[76.959,10.6423],[76.9457,10.6382],[76.9344,10.6436],[76.9247,10.6565],[76.8968,10.6553],[76.8912,10.6557],[76.8785,10.6717],[76.8778,10.6768],[76.8673,10.6799],[76.8662,10.6855],[76.8714,10.6928],[76.8679,10.6954],[76.8825,10.7175],[76.8905,10.7172],[76.8933,10.7219],[76.8888,10.7344],[76.9046,10.7626],[76.9042,10.7725],[76.9113,10.7707],[76.9147,10.7778],[76.9441,10.79],[76.9569,10.7713],[76.9975,10.7916],[77.0165,10.7907],[77.0238,10.7864],[77.0257,10.7919],[77.0298,10.7878],[77.0379,10.7888],[77.0433,10.7972],[77.0398,10.8105],[77.0324,10.8144],[77.0302,10.8495],[77.0258,10.8589],[77.0319,10.8617],[77.0399,10.877],[77.0686,10.8797],[77.0708,10.8756],[77.082,10.8859],[77.101,10.8827],[77.1108,10.8896],[77.1134,10.8866]]]},"properties":{"STATE":"TAMIL NADU","DISTRICT":"COIMBATORE","AC_NAME":"POLLACHI","AC":"AC","YEAR":2026.0,"RES":"GEN","ELECTORS":204008.0,"VOTERS":181196.0,"TURNOUT":88.82,"MARGIN":4627.0,"MARGIN_PERCENTAGE":2.55,"PARTY_RANK1":"DMK","PARTY_RANK2":"AIADMK","PARTY_RANK3":"TVK","PARTY_RANK4":"NTK","CANDIDATE_RANK1":"K. NITHYANANDHAN","CANDIDATE_RANK2":"POLLACHI V. JAYARAMAN","CANDIDATE_RANK3":"G. RAMANATHAN","CANDIDATE_RANK4":"N. SENTHIL KUMAR","VOTES_RANK1":62013.0,"VOTES_RANK2":57386.0,"VOTES_RANK3":53819.0,"VOTES_RANK4":4866.0,"VOTES_RANK1_PERCENTAGE":34.22,"VOTES_RANK2_PERCENTAGE":31.67,"VOTES_RANK3_PERCENTAGE":29.7,"VOTES_RANK4_PERCENTAGE":2.69,"COLOR":"#000000","ID":27669}},{"type":"Feature","geometry":{"type":"Polygon","coordinates":[[[77.0297,11.0468],[77.035,11.0266],[77.0511,11.0263],[77.0609,11.0015],[77.0537,10.9884],[77.0369,10.9845],[76.982,10.9719],[76.9783,10.9786],[76.9906,10.9793],[76.9937,10.987],[76.9867,10.9894],[76.9863,10.9955],[76.9927,10.9955],[76.9944,10.9901],[77.0045,10.9958],[76.9917,11.015],[76.9912,11.0223],[76.9905,11.0286],[76.9969,11.0349],[76.9958,11.0429],[77.0093,11.0386],[77.0082,11.0457],[77.0297,11.0468]]]},"properties":{"STATE":"TAMIL NADU","DISTRICT":"COIMBATORE","AC_NAME":"SINGANALLUR","AC":"AC","YEAR":2026.0,"RES":"GEN","ELECTORS":269997.0,"VOTERS":221033.0,"TURNOUT":81.86,"MARGIN":19139.0,"MARGIN_PERCENTAGE":8.66,"PARTY_RANK1":"TVK","PARTY_RANK2":"INC","PARTY_RANK3":"AIADMK","PARTY_RANK4":"NTK","CANDIDATE_RANK1":"K.S.SRI GIRI PRASATH","CANDIDATE_RANK2":"V.SRINIDHI","CANDIDATE_RANK3":"K.R.JAYARAM","CANDIDATE_RANK4":"NEHRUJI GUNASEKARAN","VOTES_RANK1":84163.0,"VOTES_RANK2":65024.0,"VOTES_RANK3":57783.0,"VOTES_RANK4":9203.0,"VOTES_RANK1_PERCENTAGE":38.08,"VOTES_RANK2_PERCENTAGE":29.42,"VOTES_RANK3_PERCENTAGE":26.14,"VOTES_RANK4_PERCENTAGE":4.16,"COLOR":null,"ID":27694}},{"type":"Feature","geometry":{"type":"Polygon","coordinates":[[[77.1401,11.1957],[77.154,11.1996],[77.1574,11.1972],[77.1612,11.1672],[77.1746,11.1668],[77.1854,11.1597],[77.175,11.1547],[77.1785,11.1459],[77.1746,11.1391],[77.1819,11.1365],[77.1899,11.1493],[77.1942,11.1483],[77.2237,11.1247],[77.2324,11.1281],[77.2361,11.1381],[77.2445,11.1371],[77.2703,11.1058],[77.2519,11.1065],[77.2423,11.1025],[77.2398,11.072],[77.2357,11.067],[77.1739,11.0507],[77.1657,11.0582],[77.1672,11.0654],[77.1464,11.0513],[77.1454,11.0385],[77.1529,11.0349],[77.1688,11.0074],[77.1566,10.9953],[77.1783,10.9446],[77.1808,10.9251],[77.2007,10.9226],[77.2061,10.9101],[77.2184,10.9063],[77.2294,10.9111],[77.2579,10.8964],[77.2665,10.8592],[77.2878,10.8519],[77.2897,10.8326],[77.2986,10.815],[77.2778,10.8031],[77.2755,10.7917],[77.2798,10.789],[77.2329,10.7759],[77.2078,10.7903],[77.2139,10.8041],[77.2026,10.8023],[77.1827,10.7982],[77.1678,10.7999],[77.1702,10.8109],[77.1635,10.8319],[77.1576,10.8367],[77.1576,10.848],[77.1487,10.8498],[77.1467,10.865],[77.1295,10.8674],[77.1226,10.8741],[77.1201,10.8872],[77.1134,10.8866],[77.1108,10.8896],[77.101,10.8827],[77.082,10.8859],[77.0708,10.8756],[77.0686,10.8797],[77.0399,10.877],[77.0481,10.8914],[77.0557,10.8931],[77.0531,10.9002],[77.06,10.9022],[77.0692,10.9285],[77.0609,10.9466],[77.0521,10.9543],[77.0469,10.9524],[77.0369,10.9845],[77.0537,10.9884],[77.0609,11.0015],[77.0511,11.0263],[77.0501,11.0349],[77.0611,11.0386],[77.0602,11.0766],[77.0834,11.0841],[77.0966,11.0958],[77.0994,11.1043],[77.115,11.1091],[77.1125,11.1126],[77.1334,11.1118],[77.1385,11.1295],[77.1212,11.1251],[77.1151,11.1536],[77.098,11.1691],[77.106,11.1731],[77.1187,11.196],[77.1249,11.1991],[77.1401,11.1957]]]},"properties":{"STATE":"TAMIL NADU","DISTRICT":"COIMBATORE","AC_NAME":"SULUR","AC":"AC","YEAR":2026.0,"RES":"GEN","ELECTORS":307699.0,"VOTERS":273544.0,"TURNOUT":88.9,"MARGIN":4790.0,"MARGIN_PERCENTAGE":1.75,"PARTY_RANK1":"TVK","PARTY_RANK2":"AIADMK","PARTY_RANK3":"DMK","PARTY_RANK4":"NTK","CANDIDATE_RANK1":"NM.SUKUMAR","CANDIDATE_RANK2":"V.P.KANDASAMY","CANDIDATE_RANK3":"THALAPATHY MURUGESAN","CANDIDATE_RANK4":"DR.S.RAJASEKARAN","VOTES_RANK1":90531.0,"VOTES_RANK2":85741.0,"VOTES_RANK3":83654.0,"VOTES_RANK4":10147.0,"VOTES_RANK1_PERCENTAGE":33.1,"VOTES_RANK2_PERCENTAGE":31.34,"VOTES_RANK3_PERCENTAGE":30.58,"VOTES_RANK4_PERCENTAGE":3.71,"COLOR":null,"ID":27702}},{"type":"Feature","geometry":{"type":"Polygon","coordinates":[[[76.8633,11.0454],[76.8584,11.029],[76.8743,11.0289],[76.8665,11.0273],[76.8617,11.0207],[76.8804,10.9971],[76.8852,11.0056],[76.9003,11.006],[76.9078,11.0016],[76.9132,11.0054],[76.9156,11.0038],[76.9115,10.9989],[76.9177,10.9982],[76.9239,11.0054],[76.9402,11.0037],[76.9438,11.0141],[76.9561,11.0135],[76.9614,10.9915],[76.9764,10.9841],[76.9631,10.9754],[76.9592,10.9691],[76.9648,10.959],[76.965,10.9357],[76.9573,10.9286],[76.9256,10.9336],[76.9204,10.918],[76.9174,10.9261],[76.9111,10.9266],[76.9174,10.9374],[76.9146,10.9721],[76.8664,10.9781],[76.8516,10.9742],[76.854,10.9437],[76.8591,10.9408],[76.8606,10.9299],[76.8503,10.9214],[76.8477,10.9126],[76.8362,10.9146],[76.8306,10.8852],[76.8151,10.8827],[76.8125,10.8769],[76.7919,10.8823],[76.7821,10.8913],[76.7685,10.8878],[76.7548,10.8952],[76.7412,10.8903],[76.7157,10.9075],[76.6951,10.9102],[76.6593,10.9306],[76.656,10.9391],[76.6647,10.9436],[76.6671,10.9693],[76.6859,10.9902],[76.6945,11.0228],[76.71,11.0343],[76.7109,11.039],[76.738,11.0396],[76.766,11.0297],[76.7918,11.038],[76.8001,11.0551],[76.8323,11.0569],[76.847,11.0512],[76.8644,11.0543],[76.8633,11.0454]]]},"properties":{"STATE":"TAMIL NADU","DISTRICT":"COIMBATORE","AC_NAME":"THONDAMUTHUR","AC":"AC","YEAR":2026.0,"RES":"GEN","ELECTORS":293379.0,"VOTERS":258549.0,"TURNOUT":88.13,"MARGIN":14725.0,"MARGIN_PERCENTAGE":5.7,"PARTY_RANK1":"AIADMK","PARTY_RANK2":"TVK","PARTY_RANK3":"DMK","PARTY_RANK4":"NTK","CANDIDATE_RANK1":"S.P.VELUMANI","CANDIDATE_RANK2":"SATHISH RAJU (ALIAS) K.P.R. SATHISH","CANDIDATE_RANK3":"N.R.KARTHIKEYAN","CANDIDATE_RANK4":"RAJABU NISHA.Z","VOTES_RANK1":93316.0,"VOTES_RANK2":78591.0,"VOTES_RANK3":75917.0,"VOTES_RANK4":6976.0,"VOTES_RANK1_PERCENTAGE":36.09,"VOTES_RANK2_PERCENTAGE":30.4,"VOTES_RANK3_PERCENTAGE":29.36,"VOTES_RANK4_PERCENTAGE":2.7,"COLOR":"#007500","ID":27720}},{"type":"Feature","geometry":{"type":"Polygon","coordinates":[[[76.8968,10.6553],[76.9247,10.6565],[76.9344,10.6436],[76.9457,10.6382],[76.959,10.6423],[76.9718,10.6343],[76.9676,10.6288],[76.9703,10.621],[76.9904,10.6251],[76.9882,10.6189],[76.9952,10.6066],[76.9933,10.5871],[77.0011,10.5842],[77.0018,10.5793],[77.0174,10.5798],[77.0212,10.585],[77.0228,10.5813],[77.0309,10.5815],[77.0367,10.5956],[77.0428,10.5891],[77.0645,10.5872],[77.0677,10.5756],[77.0734,10.5798],[77.0762,10.599],[77.0845,10.596],[77.0894,10.5842],[77.0807,10.5666],[77.0844,10.5628],[77.0767,10.56],[77.0738,10.5412],[77.0766,10.5293],[77.0739,10.5149],[77.0785,10.5136],[77.0791,10.5039],[77.0606,10.4746],[77.0746,10.4621],[77.0417,10.4236],[77.0518,10.4078],[77.0701,10.3944],[77.0883,10.3722],[77.0902,10.3507],[77.0804,10.3354],[77.0858,10.3271],[77.0837,10.3219],[77.0895,10.3239],[77.0931,10.3115],[77.0912,10.3141],[77.0662,10.2977],[77.0565,10.2869],[77.0435,10.2837],[77.0528,10.2725],[77.0509,10.2627],[77.0404,10.2527],[77.0151,10.2449],[76.9826,10.2204],[76.9687,10.2311],[76.9507,10.2327],[76.9395,10.2392],[76.9217,10.2325],[76.9128,10.235],[76.9084,10.2411],[76.9031,10.2406],[76.9056,10.2482],[76.9011,10.2519],[76.8975,10.2626],[76.8733,10.2767],[76.8732,10.2985],[76.8627,10.2923],[76.855,10.2931],[76.8522,10.2855],[76.8486,10.2854],[76.8421,10.2909],[76.8446,10.2952],[76.8408,10.2999],[76.83,10.3039],[76.8376,10.338],[76.8361,10.3462],[76.8463,10.3579],[76.8487,10.3686],[76.844,10.3779],[76.8237,10.3954],[76.8338,10.4036],[76.8335,10.4081],[76.8303,10.4117],[76.8245,10.4103],[76.8162,10.4237],[76.8283,10.4508],[76.8304,10.4985],[76.8431,10.5374],[76.8353,10.5458],[76.8397,10.5649],[76.8341,10.5747],[76.8388,10.5971],[76.8327,10.6],[76.8261,10.5968],[76.8174,10.6038],[76.8168,10.6173],[76.8105,10.6243],[76.8145,10.6358],[76.8301,10.6379],[76.8595,10.6323],[76.8826,10.6395],[76.8843,10.6484],[76.8785,10.6717],[76.8912,10.6557],[76.8968,10.6553]]]},"properties":{"STATE":"TAMIL NADU","DISTRICT":"COIMBATORE","AC_NAME":"VALPARAI","AC":"AC","YEAR":2026.0,"RES":"SC","ELECTORS":173659.0,"VOTERS":150431.0,"TURNOUT":86.62,"MARGIN":9371.0,"MARGIN_PERCENTAGE":6.23,"PARTY_RANK1":"DMK","PARTY_RANK2":"TVK","PARTY_RANK3":"AIADMK","PARTY_RANK4":"NTK","CANDIDATE_RANK1":"KUTTY (ALIAS) SUDHAKAR. A","CANDIDATE_RANK2":"DR. SRIDHARAN. A","CANDIDATE_RANK3":"LEKSHMANA SINGH. D","CANDIDATE_RANK4":"UMADEVI. P","VOTES_RANK1":54671.0,"VOTES_RANK2":45300.0,"VOTES_RANK3":43728.0,"VOTES_RANK4":5256.0,"VOTES_RANK1_PERCENTAGE":36.34,"VOTES_RANK2_PERCENTAGE":30.11,"VOTES_RANK3_PERCENTAGE":29.07,"VOTES_RANK4_PERCENTAGE":3.49,"COLOR":"#000000","ID":27746}},{"type":"Feature","geometry":{"type":"Polygon","coordinates":[[[79.4405,11.5993],[79.4414,11.5952],[79.4482,11.5959],[79.4521,11.5867],[79.4698,11.59],[79.4686,11.5792],[79.4828,11.5697],[79.4944,11.5736],[79.4949,11.5676],[79.5136,11.5679],[79.5236,11.5607],[79.5218,11.5514],[79.5336,11.5479],[79.5394,11.5394],[79.5334,11.5341],[79.5344,11.5242],[79.5306,11.5252],[79.5283,11.5112],[79.5188,11.5007],[79.5225,11.4936],[79.5338,11.4877],[79.5451,11.4893],[79.5522,11.5026],[79.5755,11.5026],[79.5757,11.5088],[79.5882,11.5069],[79.5886,11.5034],[79.5981,11.5042],[79.6004,11.5209],[79.6111,11.5149],[79.6139,11.5221],[79.6287,11.5264],[79.6354,11.5036],[79.6572,11.512],[79.657,11.4997],[79.6655,11.4956],[79.6628,11.4854],[79.6589,11.4846],[79.6575,11.4708],[79.6531,11.4708],[79.6537,11.4611],[79.6439,11.4559],[79.6449,11.4517],[79.6506,11.4561],[79.6683,11.4553],[79.6716,11.4509],[79.6731,11.4443],[79.6664,11.4432],[79.6614,11.4355],[79.6629,11.4312],[79.6701,11.431],[79.6673,11.4192],[79.6724,11.4088],[79.6723,11.3885],[79.6639,11.3742],[79.6382,11.3766],[79.6216,11.3736],[79.6213,11.3681],[79.6283,11.3614],[79.5643,11.3549],[79.5615,11.3675],[79.5373,11.3629],[79.5309,11.385],[79.5357,11.3992],[79.531,11.4175],[79.5328,11.4324],[79.5096,11.4299],[79.4927,11.4341],[79.4587,11.4213],[79.4568,11.4161],[79.4442,11.4201],[79.4319,11.4309],[79.4023,11.436],[79.3874,11.4462],[79.3757,11.4477],[79.3673,11.4558],[79.3515,11.4522],[79.3365,11.4626],[79.3378,11.5016],[79.3445,11.5029],[79.3445,11.5212],[79.3496,11.5199],[79.3503,11.5147],[79.3556,11.5173],[79.3521,11.5035],[79.359,11.5005],[79.3594,11.4931],[79.366,11.491],[79.3738,11.5107],[79.3726,11.5211],[79.3682,11.5222],[79.3702,11.5326],[79.3902,11.5369],[79.4136,11.5205],[79.4116,11.5492],[79.4212,11.5485],[79.4225,11.5563],[79.4327,11.5578],[79.4426,11.5515],[79.4484,11.5581],[79.4422,11.56],[79.4454,11.588],[79.4349,11.5969],[79.4367,11.6024],[79.4405,11.5993]]]},"properties":{"STATE":"TAMIL NADU","DISTRICT":"CUDDALORE","AC_NAME":"BHUVANAGIRI","AC":"AC","YEAR":2026.0,"RES":"GEN","ELECTORS":233353.0,"VOTERS":207310.0,"TURNOUT":88.84,"MARGIN":2487.0,"MARGIN_PERCENTAGE":1.2,"PARTY_RANK1":"AIADMK","PARTY_RANK2":"DMK","PARTY_RANK3":"TVK","PARTY_RANK4":"NTK","CANDIDATE_RANK1":"ARUNMOZHITHEVAN . A","CANDIDATE_RANK2":"SARAVANAN. DURAI . K","CANDIDATE_RANK3":"MAHALINGAM . T","CANDIDATE_RANK4":"SUMATHI . S","VOTES_RANK1":75707.0,"VOTES_RANK2":73220.0,"VOTES_RANK3":49904.0,"VOTES_RANK4":5105.0,"VOTES_RANK1_PERCENTAGE":36.52,"VOTES_RANK2_PERCENTAGE":35.32,"VOTES_RANK3_PERCENTAGE":24.07,"VOTES_RANK4_PERCENTAGE":2.46,"COLOR":"#007500","ID":27557}},{"type":"Feature","geometry":{"type":"Polygon","coordinates":[[[79.7572,11.5672],[79.759,11.5449],[79.7686,11.5148],[79.7784,11.5069],[79.7785,11.5],[79.8058,11.4482],[79.813,11.424],[79.8032,11.3811],[79.7913,11.3726],[79.7641,11.3819],[79.7567,11.3728],[79.7591,11.3525],[79.7255,11.3462],[79.697,11.3216],[79.6922,11.334],[79.6881,11.3338],[79.6908,11.3482],[79.6755,11.3479],[79.6738,11.3406],[79.6697,11.3407],[79.672,11.3369],[79.6594,11.3428],[79.6525,11.3374],[79.6475,11.3405],[79.6407,11.3375],[79.6346,11.3265],[79.6321,11.3359],[79.6405,11.3533],[79.6349,11.3548],[79.635,11.3652],[79.6422,11.3707],[79.6382,11.3766],[79.6639,11.3742],[79.6723,11.3885],[79.6724,11.4088],[79.6673,11.4192],[79.6701,11.431],[79.6629,11.4312],[79.6614,11.4355],[79.6664,11.4432],[79.6731,11.4443],[79.6716,11.4509],[79.6683,11.4553],[79.6506,11.4561],[79.6449,11.4517],[79.6439,11.4559],[79.6537,11.4611],[79.6531,11.4708],[79.6575,11.4708],[79.6589,11.4846],[79.6628,11.4854],[79.6655,11.4956],[79.657,11.4997],[79.6572,11.512],[79.6625,11.5135],[79.675,11.5367],[79.6704,11.5373],[79.6723,11.5413],[79.6688,11.5446],[79.6881,11.5429],[79.7039,11.5483],[79.7107,11.564],[79.7261,11.5662],[79.7312,11.5732],[79.7447,11.567],[79.7572,11.5672]]]},"properties":{"STATE":"TAMIL NADU","DISTRICT":"CUDDALORE","AC_NAME":"CHIDAMBARAM","AC":"AC","YEAR":2026.0,"RES":"GEN","ELECTORS":231325.0,"VOTERS":196586.0,"TURNOUT":84.98,"MARGIN":5747.0,"MARGIN_PERCENTAGE":2.92,"PARTY_RANK1":"DMK","PARTY_RANK2":"AIADMK","PARTY_RANK3":"TVK","PARTY_RANK4":"NTK","CANDIDATE_RANK1":"THAMIMUN ANSARI. M","CANDIDATE_RANK2":"PANDIAN. K.A","CANDIDATE_RANK3":"NEDUNCHEZHIYAN","CANDIDATE_RANK4":"THAMIZH","VOTES_RANK1":69739.0,"VOTES_RANK2":63992.0,"VOTES_RANK3":54584.0,"VOTES_RANK4":6169.0,"VOTES_RANK1_PERCENTAGE":35.48,"VOTES_RANK2_PERCENTAGE":32.55,"VOTES_RANK3_PERCENTAGE":27.77,"VOTES_RANK4_PERCENTAGE":3.14,"COLOR":"#000000","ID":27564}},{"type":"Feature","geometry":{"type":"MultiPolygon","coordinates":[[[[79.7074,11.8891],[79.7094,11.8837],[79.7082,11.8691],[79.7196,11.853],[79.7211,11.8625],[79.7338,11.8656],[79.7419,11.8629],[79.7431,11.8485],[79.7518,11.8484],[79.757,11.8682],[79.7574,11.8761],[79.77,11.8746],[79.7708,11.8614],[79.7621,11.8484],[79.7661,11.8406],[79.7758,11.8385],[79.7817,11.8558],[79.8006,11.8553],[79.8077,11.8468],[79.8077,11.8364],[79.807,11.8335],[79.7982,11.8387],[79.7936,11.8324],[79.8006,11.8307],[79.7975,11.8246],[79.7957,11.8285],[79.7802,11.8319],[79.773,11.8227],[79.7677,11.8227],[79.7644,11.8338],[79.7377,11.8429],[79.7381,11.8369],[79.7295,11.837],[79.7357,11.8093],[79.7245,11.8104],[79.7228,11.7965],[79.7139,11.7963],[79.7124,11.7915],[79.7198,11.7849],[79.755,11.7753],[79.7658,11.7919],[79.7706,11.7896],[79.7719,11.7822],[79.7804,11.7812],[79.7844,11.7874],[79.7958,11.7855],[79.7769,11.7],[79.7751,11.7052],[79.7684,11.7018],[79.7679,11.7052],[79.7511,11.7102],[79.7537,11.7194],[79.7463,11.7194],[79.7495,11.7274],[79.7345,11.7325],[79.7392,11.7412],[79.7281,11.7428],[79.7227,11.7492],[79.7237,11.7583],[79.7116,11.7599],[79.7083,11.764],[79.6842,11.7655],[79.6867,11.7912],[79.6817,11.797],[79.6903,11.8054],[79.6842,11.8127],[79.6851,11.8206],[79.6908,11.8205],[79.6853,11.8326],[79.7026,11.8322],[79.6948,11.844],[79.6945,11.8595],[79.6893,11.864],[79.6897,11.8809],[79.685,11.881],[79.6848,11.886],[79.7074,11.8891]],[[79.6926,11.8225],[79.692,11.8142],[79.7026,11.8135],[79.7003,11.8217],[79.6926,11.8225]],[[79.6994,11.8743],[79.696,11.8604],[79.6991,11.8613],[79.6998,11.8738],[79.6994,11.8743]]],[[[79.7814,11.9028],[79.7903,11.8972],[79.7964,11.8999],[79.7965,11.8949],[79.7851,11.863],[79.7784,11.8632],[79.7796,11.878],[79.7727,11.8758],[79.7715,11.9027],[79.7814,11.9028]]]]},"properties":{"STATE":"TAMIL NADU","DISTRICT":"CUDDALORE","AC_NAME":"CUDDALORE","AC":"AC","YEAR":2026.0,"RES":"GEN","ELECTORS":223243.0,"VOTERS":190378.0,"TURNOUT":85.28,"MARGIN":15519.0,"MARGIN_PERCENTAGE":8.15,"PARTY_RANK1":"TVK","PARTY_RANK2":"INC","PARTY_RANK3":"AIADMK","PARTY_RANK4":"NTK","CANDIDATE_RANK1":"B.RAJKUMAR","CANDIDATE_RANK2":"A.S.CHANDARASEKARAN","CANDIDATE_RANK3":"M.C.SAMPATH","CANDIDATE_RANK4":"S.SARASU","VOTES_RANK1":70856.0,"VOTES_RANK2":55337.0,"VOTES_RANK3":55258.0,"VOTES_RANK4":5766.0,"VOTES_RANK1_PERCENTAGE":37.22,"VOTES_RANK2_PERCENTAGE":29.07,"VOTES_RANK3_PERCENTAGE":29.03,"VOTES_RANK4_PERCENTAGE":3.03,"COLOR":null,"ID":27569}},{"type":"Feature","geometry":{"type":"Polygon","coordinates":[[[79.3365,11.4626],[79.3515,11.4522],[79.3673,11.4558],[79.3757,11.4477],[79.3874,11.4462],[79.4023,11.436],[79.4319,11.4309],[79.4442,11.4201],[79.4568,11.4161],[79.4587,11.4213],[79.4927,11.4341],[79.5096,11.4299],[79.5328,11.4324],[79.531,11.4175],[79.5357,11.3992],[79.5309,11.385],[79.5373,11.3629],[79.5615,11.3675],[79.5643,11.3549],[79.6283,11.3614],[79.6213,11.3681],[79.6216,11.3736],[79.6382,11.3766],[79.6422,11.3707],[79.635,11.3652],[79.6349,11.3548],[79.6405,11.3533],[79.6321,11.3359],[79.6346,11.3265],[79.6407,11.3375],[79.6475,11.3405],[79.6525,11.3374],[79.6594,11.3428],[79.672,11.3369],[79.6697,11.3407],[79.6738,11.3406],[79.6755,11.3479],[79.6908,11.3482],[79.6881,11.3338],[79.6922,11.334],[79.697,11.3216],[79.6774,11.3081],[79.6561,11.3034],[79.6467,11.2951],[79.6427,11.2807],[79.6494,11.262],[79.648,11.251],[79.6335,11.2466],[79.6234,11.2552],[79.6164,11.2556],[79.6025,11.2217],[79.5629,11.209],[79.5269,11.1839],[79.5001,11.1757],[79.4586,11.1505],[79.4558,11.1559],[79.4638,11.1706],[79.4723,11.1773],[79.4817,11.1777],[79.5004,11.203],[79.5103,11.2282],[79.4951,11.2485],[79.495,11.2586],[79.5039,11.2578],[79.5052,11.2646],[79.5011,11.2727],[79.5017,11.2911],[79.4953,11.3033],[79.4985,11.3139],[79.4878,11.3167],[79.474,11.3138],[79.4635,11.3183],[79.4491,11.3349],[79.4379,11.3335],[79.4314,11.3447],[79.4371,11.349],[79.4377,11.3572],[79.4287,11.3571],[79.4265,11.3656],[79.4243,11.3605],[79.4088,11.3647],[79.4057,11.3539],[79.4006,11.3498],[79.3955,11.3534],[79.3939,11.3666],[79.3895,11.3686],[79.3944,11.3771],[79.39,11.3879],[79.3943,11.4017],[79.3801,11.4104],[79.3779,11.4016],[79.3855,11.4019],[79.3843,11.397],[79.3733,11.3984],[79.3781,11.4113],[79.3722,11.4152],[79.3723,11.4277],[79.3619,11.4375],[79.3451,11.4365],[79.3442,11.4423],[79.3319,11.4451],[79.3293,11.4414],[79.3269,11.4467],[79.322,11.4472],[79.3309,11.4614],[79.3365,11.4626]]]},"properties":{"STATE":"TAMIL NADU","DISTRICT":"CUDDALORE","AC_NAME":"KATTUMANNARKOIL","AC":"AC","YEAR":2026.0,"RES":"SC","ELECTORS":226509.0,"VOTERS":187905.0,"TURNOUT":82.96,"MARGIN":33063.0,"MARGIN_PERCENTAGE":17.6,"PARTY_RANK1":"VCK","PARTY_RANK2":"PMK","PARTY_RANK3":"TVK","PARTY_RANK4":"NTK","CANDIDATE_RANK1":"L.E. JOTHIMANI","CANDIDATE_RANK2":"A. SOZHAN","CANDIDATE_RANK3":"S. SEENUVASAN","CANDIDATE_RANK4":"SIVAJOTHI .M","VOTES_RANK1":85179.0,"VOTES_RANK2":52116.0,"VOTES_RANK3":43156.0,"VOTES_RANK4":4563.0,"VOTES_RANK1_PERCENTAGE":45.33,"VOTES_RANK2_PERCENTAGE":27.74,"VOTES_RANK3_PERCENTAGE":22.97,"VOTES_RANK4_PERCENTAGE":2.43,"COLOR":"#0000FF","ID":27600}},{"type":"Feature","geometry":{"type":"Polygon","coordinates":[[[79.7083,11.764],[79.7116,11.7599],[79.7237,11.7583],[79.7227,11.7492],[79.7281,11.7428],[79.7392,11.7412],[79.7345,11.7325],[79.7495,11.7274],[79.7463,11.7194],[79.7537,11.7194],[79.7511,11.7102],[79.7679,11.7052],[79.7684,11.7018],[79.7751,11.7052],[79.7769,11.7],[79.7607,11.622],[79.7572,11.5672],[79.7447,11.567],[79.7312,11.5732],[79.7261,11.5662],[79.7107,11.564],[79.7039,11.5483],[79.6881,11.5429],[79.6688,11.5446],[79.6723,11.5413],[79.6704,11.5373],[79.675,11.5367],[79.6625,11.5135],[79.6572,11.512],[79.6354,11.5036],[79.6287,11.5264],[79.6139,11.5221],[79.6111,11.5149],[79.6004,11.5209],[79.5981,11.5042],[79.5886,11.5034],[79.5882,11.5069],[79.5757,11.5088],[79.5755,11.5026],[79.5522,11.5026],[79.5451,11.4893],[79.5338,11.4877],[79.5225,11.4936],[79.5188,11.5007],[79.5283,11.5112],[79.5306,11.5252],[79.5344,11.5242],[79.5334,11.5341],[79.5394,11.5394],[79.5336,11.5479],[79.5218,11.5514],[79.5236,11.5607],[79.5488,11.5656],[79.5556,11.5834],[79.5719,11.5864],[79.5807,11.5831],[79.5895,11.5904],[79.6058,11.5923],[79.6073,11.5975],[79.6114,11.595],[79.6161,11.6028],[79.6087,11.6093],[79.6088,11.6143],[79.6255,11.6139],[79.6217,11.6352],[79.6256,11.6448],[79.6323,11.6452],[79.6367,11.6402],[79.6561,11.6405],[79.6692,11.6487],[79.6738,11.6689],[79.6885,11.6684],[79.6917,11.6718],[79.647,11.6813],[79.6442,11.7013],[79.6256,11.7099],[79.6092,11.7082],[79.6035,11.724],[79.5944,11.7265],[79.5935,11.7311],[79.6045,11.7379],[79.6103,11.7486],[79.6223,11.7416],[79.6551,11.7416],[79.6634,11.73],[79.664,11.7394],[79.677,11.7399],[79.6847,11.7457],[79.6842,11.7655],[79.7083,11.764]]]},"properties":{"STATE":"TAMIL NADU","DISTRICT":"CUDDALORE","AC_NAME":"KURINJIPADI","AC":"AC","YEAR":2026.0,"RES":"GEN","ELECTORS":238287.0,"VOTERS":213965.0,"TURNOUT":89.79,"MARGIN":7589.0,"MARGIN_PERCENTAGE":3.55,"PARTY_RANK1":"DMK","PARTY_RANK2":"AIADMK","PARTY_RANK3":"TVK","PARTY_RANK4":"TAVK","CANDIDATE_RANK1":"M.R.K.PANNEERSELVAM","CANDIDATE_RANK2":"A BHUVANENTHIRAN","CANDIDATE_RANK3":"RAJKUMAR D","CANDIDATE_RANK4":"T KANNAN","VOTES_RANK1":76695.0,"VOTES_RANK2":69106.0,"VOTES_RANK3":53110.0,"VOTES_RANK4":7113.0,"VOTES_RANK1_PERCENTAGE":35.84,"VOTES_RANK2_PERCENTAGE":32.3,"VOTES_RANK3_PERCENTAGE":24.82,"VOTES_RANK4_PERCENTAGE":3.32,"COLOR":"#000000","ID":27615}},{"type":"Feature","geometry":{"type":"Polygon","coordinates":[[[79.4638,11.7675],[79.4706,11.7788],[79.4926,11.7731],[79.502,11.7654],[79.5103,11.7741],[79.5199,11.7672],[79.5218,11.7522],[79.5389,11.7554],[79.5483,11.7621],[79.5569,11.7582],[79.5558,11.7383],[79.5729,11.7455],[79.5755,11.7359],[79.5847,11.7304],[79.5935,11.7311],[79.5944,11.7265],[79.6035,11.724],[79.6092,11.7082],[79.6256,11.7099],[79.6442,11.7013],[79.647,11.6813],[79.6917,11.6718],[79.6885,11.6684],[79.6738,11.6689],[79.6692,11.6487],[79.6561,11.6405],[79.6367,11.6402],[79.6323,11.6452],[79.6256,11.6448],[79.6217,11.6352],[79.6255,11.6139],[79.6088,11.6143],[79.6087,11.6093],[79.6161,11.6028],[79.6114,11.595],[79.6073,11.5975],[79.6058,11.5923],[79.5895,11.5904],[79.5807,11.5831],[79.5719,11.5864],[79.5556,11.5834],[79.5488,11.5656],[79.5236,11.5607],[79.5136,11.5679],[79.4949,11.5676],[79.4944,11.5736],[79.4828,11.5697],[79.4686,11.5792],[79.4698,11.59],[79.4521,11.5867],[79.4482,11.5959],[79.4414,11.5952],[79.4405,11.5993],[79.4367,11.6024],[79.4388,11.6107],[79.4551,11.6204],[79.4706,11.6196],[79.4702,11.6258],[79.4533,11.6296],[79.4317,11.6658],[79.4442,11.6659],[79.4417,11.689],[79.4372,11.6916],[79.4345,11.7033],[79.4371,11.718],[79.4284,11.7307],[79.4393,11.7364],[79.457,11.7374],[79.4627,11.7428],[79.4638,11.7675]]]},"properties":{"STATE":"TAMIL NADU","DISTRICT":"CUDDALORE","AC_NAME":"NEYVELI","AC":"AC","YEAR":2026.0,"RES":"GEN","ELECTORS":191337.0,"VOTERS":168780.0,"TURNOUT":88.21,"MARGIN":10962.0,"MARGIN_PERCENTAGE":6.49,"PARTY_RANK1":"AIADMK","PARTY_RANK2":"DMK","PARTY_RANK3":"TVK","PARTY_RANK4":"TAVK","CANDIDATE_RANK1":"RAJENDRAN.R","CANDIDATE_RANK2":"SABA.RAJENDRAN","CANDIDATE_RANK3":"ANAND.K","CANDIDATE_RANK4":"THIRUMALVALAVAN.T","VOTES_RANK1":63731.0,"VOTES_RANK2":52769.0,"VOTES_RANK3":34291.0,"VOTES_RANK4":11381.0,"VOTES_RANK1_PERCENTAGE":37.76,"VOTES_RANK2_PERCENTAGE":31.26,"VOTES_RANK3_PERCENTAGE":20.32,"VOTES_RANK4_PERCENTAGE":6.74,"COLOR":"#007500","ID":27645}},{"type":"Feature","geometry":{"type":"Polygon","coordinates":[[[79.4551,11.8712],[79.4683,11.872],[79.5094,11.8578],[79.5281,11.8575],[79.5644,11.8401],[79.5772,11.8424],[79.5908,11.8412],[79.6037,11.8293],[79.6162,11.8251],[79.6235,11.8127],[79.6404,11.7986],[79.6652,11.8104],[79.6748,11.8067],[79.6817,11.797],[79.6867,11.7912],[79.6842,11.7655],[79.6847,11.7457],[79.677,11.7399],[79.664,11.7394],[79.6634,11.73],[79.6551,11.7416],[79.6223,11.7416],[79.6103,11.7486],[79.6045,11.7379],[79.5935,11.7311],[79.5847,11.7304],[79.5755,11.7359],[79.5729,11.7455],[79.5558,11.7383],[79.5569,11.7582],[79.5483,11.7621],[79.5389,11.7554],[79.5218,11.7522],[79.5199,11.7672],[79.5103,11.7741],[79.502,11.7654],[79.4926,11.7731],[79.4706,11.7788],[79.4638,11.7675],[79.453,11.7696],[79.4463,11.7639],[79.4361,11.7681],[79.4353,11.7754],[79.4306,11.7782],[79.4388,11.7888],[79.4423,11.8099],[79.4655,11.8075],[79.4643,11.8005],[79.47,11.7996],[79.4723,11.8058],[79.4776,11.8057],[79.4821,11.8118],[79.4765,11.8234],[79.481,11.8294],[79.4799,11.8375],[79.4705,11.8349],[79.4688,11.8443],[79.4722,11.8472],[79.4512,11.8489],[79.4551,11.8712]]]},"properties":{"STATE":"TAMIL NADU","DISTRICT":"CUDDALORE","AC_NAME":"PANRUTI","AC":"AC","YEAR":2026.0,"RES":"GEN","ELECTORS":241839.0,"VOTERS":210767.0,"TURNOUT":87.15,"MARGIN":10663.0,"MARGIN_PERCENTAGE":5.06,"PARTY_RANK1":"AIADMK","PARTY_RANK2":"VCK","PARTY_RANK3":"TVK","PARTY_RANK4":"NTK","CANDIDATE_RANK1":"MOHAN. K","CANDIDATE_RANK2":"ABDUR RAHMAN. A.R","CANDIDATE_RANK3":"MANIKANDAN. M","CANDIDATE_RANK4":"BANUPRIYA. M","VOTES_RANK1":78398.0,"VOTES_RANK2":67735.0,"VOTES_RANK3":56022.0,"VOTES_RANK4":4884.0,"VOTES_RANK1_PERCENTAGE":37.2,"VOTES_RANK2_PERCENTAGE":32.14,"VOTES_RANK3_PERCENTAGE":26.58,"VOTES_RANK4_PERCENTAGE":2.32,"COLOR":"#007500","ID":27657}},{"type":"Feature","geometry":{"type":"Polygon","coordinates":[[[78.8775,11.5075],[78.8787,11.5102],[78.9047,11.5046],[78.917,11.5287],[78.9154,11.5378],[78.924,11.5675],[78.9712,11.5746],[78.9805,11.5678],[78.9951,11.5755],[79.0044,11.5747],[79.0188,11.5929],[79.0121,11.6027],[79.0183,11.6068],[79.0334,11.598],[79.0498,11.5957],[79.0431,11.5873],[79.0491,11.5858],[79.0646,11.5929],[79.0681,11.5988],[79.0774,11.599],[79.0786,11.5733],[79.0711,11.5698],[79.0654,11.5522],[79.0572,11.5492],[79.0565,11.5439],[79.0604,11.5358],[79.0719,11.5352],[79.0727,11.5277],[79.0906,11.5341],[79.1004,11.5299],[79.1037,11.5178],[79.1295,11.4972],[79.1235,11.4784],[79.1479,11.4701],[79.1544,11.4788],[79.1649,11.48],[79.1723,11.4946],[79.1789,11.4951],[79.183,11.5017],[79.1947,11.4934],[79.2131,11.5011],[79.2276,11.4966],[79.2315,11.4846],[79.2286,11.4718],[79.2367,11.4759],[79.284,11.4802],[79.2932,11.4607],[79.2873,11.4531],[79.3078,11.4383],[79.3146,11.4186],[79.2927,11.4123],[79.2901,11.4021],[79.2965,11.3809],[79.2855,11.3801],[79.2737,11.3803],[79.273,11.3859],[79.2585,11.3883],[79.2518,11.3756],[79.2412,11.3697],[79.2378,11.3887],[79.2261,11.3921],[79.1752,11.3742],[79.1618,11.3818],[79.1429,11.3842],[79.1282,11.3944],[79.1066,11.4019],[79.0844,11.3969],[79.0523,11.403],[79.0317,11.3937],[79.0096,11.3981],[78.9977,11.4072],[78.9822,11.4024],[78.9602,11.4063],[78.9564,11.4155],[78.9485,11.4194],[78.9438,11.4302],[78.9117,11.4648],[78.9081,11.4761],[78.884,11.4967],[78.8775,11.5075]]]},"properties":{"STATE":"TAMIL NADU","DISTRICT":"CUDDALORE","AC_NAME":"TITTAKUDI","AC":"AC","YEAR":2026.0,"RES":"SC","ELECTORS":209006.0,"VOTERS":175754.0,"TURNOUT":84.09,"MARGIN":2629.0,"MARGIN_PERCENTAGE":1.5,"PARTY_RANK1":"DMK","PARTY_RANK2":"TVK","PARTY_RANK3":"AIADMK","PARTY_RANK4":"NTK","CANDIDATE_RANK1":"GANESAN C.V","CANDIDATE_RANK2":"RAJASEKAR A","CANDIDATE_RANK3":"MURUGUMARAN N","CANDIDATE_RANK4":"MAHALAKSHMI V","VOTES_RANK1":63106.0,"VOTES_RANK2":60477.0,"VOTES_RANK3":42502.0,"VOTES_RANK4":5709.0,"VOTES_RANK1_PERCENTAGE":35.91,"VOTES_RANK2_PERCENTAGE":34.41,"VOTES_RANK3_PERCENTAGE":24.18,"VOTES_RANK4_PERCENTAGE":3.25,"COLOR":"#000000","ID":27739}},{"type":"Feature","geometry":{"type":"Polygon","coordinates":[[[79.1944,11.6023],[79.2123,11.6201],[79.2099,11.6338],[79.2158,11.6392],[79.2355,11.6294],[79.2487,11.6527],[79.2711,11.6439],[79.2793,11.6494],[79.2923,11.6469],[79.2964,11.6369],[79.3085,11.6328],[79.3115,11.6437],[79.3184,11.6422],[79.3207,11.6486],[79.3263,11.6477],[79.3327,11.6611],[79.3591,11.6597],[79.3622,11.6611],[79.3616,11.6726],[79.3772,11.6791],[79.3953,11.6801],[79.395,11.6772],[79.4184,11.6714],[79.4185,11.6677],[79.4317,11.6658],[79.4533,11.6296],[79.4702,11.6258],[79.4706,11.6196],[79.4551,11.6204],[79.4388,11.6107],[79.4367,11.6024],[79.4349,11.5969],[79.4454,11.588],[79.4422,11.56],[79.4484,11.5581],[79.4426,11.5515],[79.4327,11.5578],[79.4225,11.5563],[79.4212,11.5485],[79.4116,11.5492],[79.4136,11.5205],[79.3902,11.5369],[79.3702,11.5326],[79.3682,11.5222],[79.3726,11.5211],[79.3738,11.5107],[79.366,11.491],[79.3594,11.4931],[79.359,11.5005],[79.3521,11.5035],[79.3556,11.5173],[79.3503,11.5147],[79.3496,11.5199],[79.3445,11.5212],[79.3445,11.5029],[79.3378,11.5016],[79.3365,11.4626],[79.3309,11.4614],[79.322,11.4472],[79.3269,11.4467],[79.3293,11.4414],[79.3319,11.4451],[79.3442,11.4423],[79.3451,11.4365],[79.3619,11.4375],[79.3723,11.4277],[79.3722,11.4152],[79.3625,11.4186],[79.3466,11.4158],[79.3146,11.4186],[79.3078,11.4383],[79.2873,11.4531],[79.2932,11.4607],[79.284,11.4802],[79.2367,11.4759],[79.2286,11.4718],[79.2315,11.4846],[79.2276,11.4966],[79.2131,11.5011],[79.1947,11.4934],[79.183,11.5017],[79.1789,11.4951],[79.1723,11.4946],[79.1649,11.48],[79.1544,11.4788],[79.1479,11.4701],[79.1235,11.4784],[79.1295,11.4972],[79.1037,11.5178],[79.1004,11.5299],[79.0906,11.5341],[79.0727,11.5277],[79.0719,11.5352],[79.0604,11.5358],[79.0565,11.5439],[79.0572,11.5492],[79.0654,11.5522],[79.0711,11.5698],[79.0786,11.5733],[79.0774,11.599],[79.0769,11.6081],[79.0655,11.6114],[79.0693,11.621],[79.0674,11.6303],[79.0782,11.6296],[79.084,11.6344],[79.0913,11.6233],[79.0986,11.6212],[79.0982,11.6142],[79.1028,11.6107],[79.1061,11.615],[79.1129,11.6133],[79.118,11.6056],[79.1164,11.5992],[79.1335,11.594],[79.1357,11.589],[79.1477,11.5895],[79.1502,11.5975],[79.1564,11.5983],[79.1836,11.586],[79.1925,11.593],[79.1944,11.6023]]]},"properties":{"STATE":"TAMIL NADU","DISTRICT":"CUDDALORE","AC_NAME":"VRIDDHACHALAM","AC":"AC","YEAR":2026.0,"RES":"GEN","ELECTORS":240844.0,"VOTERS":209186.0,"TURNOUT":86.86,"MARGIN":2387.0,"MARGIN_PERCENTAGE":1.14,"PARTY_RANK1":"DMDK","PARTY_RANK2":"TVK","PARTY_RANK3":"PMK","PARTY_RANK4":"NTK","CANDIDATE_RANK1":"PREMALLATHA VIJAYAKANT","CANDIDATE_RANK2":"VIJAY.S","CANDIDATE_RANK3":"DR.TAMIZHARASI.P","CANDIDATE_RANK4":"ANANTHI DHANDAPANI","VOTES_RANK1":69351.0,"VOTES_RANK2":66964.0,"VOTES_RANK3":59791.0,"VOTES_RANK4":6047.0,"VOTES_RANK1_PERCENTAGE":33.15,"VOTES_RANK2_PERCENTAGE":32.01,"VOTES_RANK3_PERCENTAGE":28.58,"VOTES_RANK4_PERCENTAGE":2.89,"COLOR":"#FFEA19","ID":27765}},{"type":"Feature","geometry":{"type":"Polygon","coordinates":[[[78.1135,12.1783],[78.1039,12.1517],[78.1135,12.1314],[78.1211,12.1254],[78.1325,12.1241],[78.144,12.1419],[78.1557,12.1418],[78.1584,12.1497],[78.1691,12.1429],[78.1775,12.1522],[78.2092,12.1354],[78.2058,12.1225],[78.1984,12.1233],[78.1958,12.1285],[78.1917,12.1208],[78.1719,12.1269],[78.1609,12.1036],[78.1482,12.1014],[78.1467,12.0891],[78.1575,12.0862],[78.1693,12.0556],[78.1747,12.0593],[78.1885,12.0544],[78.1813,12.0455],[78.183,12.0412],[78.1922,12.0406],[78.1922,12.0372],[78.173,12.0285],[78.1593,12.0329],[78.1408,12.0048],[78.1533,11.988],[78.1268,11.9867],[78.1153,11.9729],[78.1187,11.9599],[78.1006,11.9556],[78.0738,11.9371],[78.0612,11.9379],[78.0347,11.935],[78.0269,11.9209],[78.011,11.9216],[77.9982,11.9093],[77.9798,11.9027],[77.9781,11.8966],[77.9556,11.9009],[77.9481,11.8949],[77.9345,11.9003],[77.9291,11.9077],[77.9371,11.953],[77.948,11.9663],[77.9642,11.9641],[77.9657,11.9678],[77.9549,11.9736],[77.954,11.9791],[77.9579,11.9796],[77.9593,11.9747],[77.9696,11.9816],[77.9649,11.9905],[77.982,12.0188],[77.9872,12.0172],[77.9876,12.0215],[77.9926,12.0196],[78.001,12.0244],[78.0013,12.0195],[78.0096,12.0152],[78.0394,12.053],[78.012,12.0704],[78.0057,12.0633],[77.987,12.0623],[77.9756,12.0552],[77.9532,12.0767],[77.9292,12.0791],[77.9277,12.0831],[77.9365,12.0956],[77.9382,12.0878],[77.9507,12.0888],[77.9567,12.1007],[77.9523,12.1242],[77.9715,12.1368],[77.9851,12.1327],[78.0125,12.1371],[78.0192,12.1575],[78.0393,12.1807],[78.0493,12.1848],[78.0552,12.1821],[78.0638,12.1928],[78.073,12.1867],[78.0949,12.1938],[78.1135,12.1783]]]},"properties":{"STATE":"TAMIL NADU","DISTRICT":"DHARMAPURI","AC_NAME":"DHARMAPURI","AC":"AC","YEAR":2026.0,"RES":"GEN","ELECTORS":260979.0,"VOTERS":238579.0,"TURNOUT":91.42,"MARGIN":20896.0,"MARGIN_PERCENTAGE":8.76,"PARTY_RANK1":"PMK","PARTY_RANK2":"TVK","PARTY_RANK3":"DMDK","PARTY_RANK4":"NTK","CANDIDATE_RANK1":"SOWMIYA ANBUMANI","CANDIDATE_RANK2":"SIVAN. M.","CANDIDATE_RANK3":"DR. ELANGOVAN. V.","CANDIDATE_RANK4":"SHANTHALAKSHMI. K.","VOTES_RANK1":93713.0,"VOTES_RANK2":72817.0,"VOTES_RANK3":56905.0,"VOTES_RANK4":6758.0,"VOTES_RANK1_PERCENTAGE":39.28,"VOTES_RANK2_PERCENTAGE":30.52,"VOTES_RANK3_PERCENTAGE":23.85,"VOTES_RANK4_PERCENTAGE":2.83,"COLOR":"#FFFF00","ID":27572}},{"type":"Feature","geometry":{"type":"Polygon","coordinates":[[[78.3489,12.2504],[78.3583,12.2354],[78.3546,12.2256],[78.3632,12.2223],[78.3694,12.2264],[78.3788,12.2217],[78.3835,12.229],[78.4026,12.2234],[78.3924,12.2063],[78.3786,12.2061],[78.3749,12.1946],[78.3822,12.1944],[78.3908,12.1856],[78.3977,12.1907],[78.3994,12.186],[78.4116,12.1958],[78.4197,12.1908],[78.4435,12.1912],[78.4467,12.1838],[78.4735,12.1716],[78.4664,12.1508],[78.4912,12.1412],[78.5067,12.1442],[78.5154,12.1778],[78.5537,12.1805],[78.5727,12.1941],[78.5843,12.1643],[78.5963,12.1681],[78.6133,12.1837],[78.6334,12.1773],[78.6475,12.1626],[78.642,12.1499],[78.6359,12.1472],[78.6314,12.128],[78.6489,12.1293],[78.657,12.125],[78.6645,12.1149],[78.6611,12.1023],[78.6842,12.1063],[78.6907,12.1152],[78.7284,12.1273],[78.7378,12.1341],[78.7454,12.1238],[78.734,12.1135],[78.7363,12.1113],[78.7275,12.1002],[78.7203,12.0685],[78.7036,12.0294],[78.7017,11.9991],[78.6973,11.9922],[78.7027,11.9866],[78.7169,11.9836],[78.7102,11.9674],[78.7127,11.9508],[78.7087,11.9515],[78.7042,11.9393],[78.7239,11.9197],[78.7111,11.9082],[78.7084,11.8975],[78.6938,11.8941],[78.6901,11.9041],[78.6597,11.8951],[78.6517,11.8846],[78.6345,11.889],[78.634,11.8751],[78.6274,11.8717],[78.6076,11.8483],[78.5973,11.8239],[78.5726,11.8198],[78.5401,11.8054],[78.5222,11.8155],[78.5125,11.8115],[78.4738,11.8177],[78.4688,11.8237],[78.449,11.8301],[78.4406,11.84],[78.4328,11.8624],[78.4413,11.8688],[78.4143,11.8802],[78.4029,11.8736],[78.3819,11.8282],[78.3517,11.7932],[78.346,11.7932],[78.3293,11.7762],[78.3222,11.778],[78.3129,11.7831],[78.3286,11.797],[78.3508,11.8338],[78.3467,11.8398],[78.3514,11.8455],[78.3478,11.8482],[78.3513,11.8483],[78.3556,11.8644],[78.3672,11.8796],[78.3676,11.8887],[78.387,11.8896],[78.4071,11.9019],[78.4203,11.8999],[78.4505,11.9439],[78.4623,11.935],[78.4777,11.9504],[78.4819,11.9616],[78.4715,11.9742],[78.4665,11.9667],[78.4622,11.9756],[78.4482,11.9819],[78.4458,11.989],[78.4309,11.9808],[78.4209,11.9875],[78.4236,12.0009],[78.4404,12.0066],[78.4408,12.02],[78.4482,12.0225],[78.4433,12.0275],[78.4313,12.0291],[78.4357,12.0486],[78.445,12.0587],[78.4432,12.0655],[78.4307,12.0719],[78.4221,12.0633],[78.4056,12.0594],[78.3949,12.0465],[78.385,12.0617],[78.391,12.0836],[78.3746,12.0841],[78.3727,12.0919],[78.3675,12.0943],[78.3613,12.0888],[78.3557,12.0935],[78.3613,12.1096],[78.3694,12.1148],[78.3512,12.1226],[78.3308,12.1087],[78.322,12.1092],[78.3248,12.1144],[78.3184,12.1192],[78.3197,12.1395],[78.294,12.1413],[78.2869,12.1481],[78.2909,12.1557],[78.2874,12.1617],[78.2752,12.1658],[78.2694,12.1785],[78.2807,12.1953],[78.2818,12.2035],[78.2767,12.2049],[78.2791,12.2172],[78.269,12.2241],[78.2535,12.2255],[78.2619,12.2453],[78.2705,12.2503],[78.2764,12.2615],[78.2999,12.2735],[78.3196,12.2594],[78.3296,12.2654],[78.3489,12.2504]]]},"properties":{"STATE":"TAMIL NADU","DISTRICT":"DHARMAPURI","AC_NAME":"HARUR","AC":"AC","YEAR":2026.0,"RES":"SC","ELECTORS":245971.0,"VOTERS":220042.0,"TURNOUT":89.46,"MARGIN":3329.0,"MARGIN_PERCENTAGE":1.51,"PARTY_RANK1":"AIADMK","PARTY_RANK2":"DMK","PARTY_RANK3":"TVK","PARTY_RANK4":"NTK","CANDIDATE_RANK1":"SAMPATHKUMAR. V","CANDIDATE_RANK2":"SHANMUGAM. A","CANDIDATE_RANK3":"RAKESH. K","CANDIDATE_RANK4":"ANITHA. A","VOTES_RANK1":75523.0,"VOTES_RANK2":72194.0,"VOTES_RANK3":62756.0,"VOTES_RANK4":5245.0,"VOTES_RANK1_PERCENTAGE":34.32,"VOTES_RANK2_PERCENTAGE":32.81,"VOTES_RANK3_PERCENTAGE":28.52,"VOTES_RANK4_PERCENTAGE":2.38,"COLOR":"#007500","ID":27587}},{"type":"Feature","geometry":{"type":"Polygon","coordinates":[[[77.9389,12.518],[77.9561,12.483],[77.9823,12.5027],[77.9878,12.5125],[77.992,12.5106],[77.994,12.5006],[78.0155,12.5046],[78.0125,12.4898],[78.0218,12.4733],[78.019,12.4591],[78.032,12.4475],[78.0379,12.4543],[78.04,12.473],[78.0478,12.4752],[78.0581,12.4647],[78.0759,12.4606],[78.0798,12.4489],[78.0961,12.4428],[78.1065,12.4505],[78.1151,12.4508],[78.1167,12.4475],[78.1098,12.4381],[78.1262,12.434],[78.1317,12.4249],[78.128,12.4101],[78.1299,12.3936],[78.143,12.3701],[78.1657,12.3635],[78.1639,12.3508],[78.1761,12.3328],[78.1788,12.3357],[78.1865,12.3317],[78.1877,12.3353],[78.2013,12.3331],[78.2033,12.3277],[78.2246,12.3422],[78.2349,12.3446],[78.239,12.3437],[78.2368,12.336],[78.2413,12.3311],[78.2371,12.3224],[78.2255,12.318],[78.2341,12.3126],[78.2364,12.3023],[78.2611,12.2918],[78.2603,12.2782],[78.2681,12.2615],[78.2764,12.2615],[78.2705,12.2503],[78.2619,12.2453],[78.2535,12.2255],[78.2475,12.2271],[78.2358,12.218],[78.2232,12.2172],[78.2029,12.201],[78.2021,12.2074],[78.1907,12.2033],[78.1811,12.2072],[78.1694,12.1998],[78.1708,12.1933],[78.1508,12.1921],[78.1453,12.1867],[78.1404,12.2017],[78.1433,12.212],[78.1399,12.2294],[78.1304,12.2376],[78.1333,12.2412],[78.1303,12.2449],[78.125,12.2443],[78.1161,12.2307],[78.0986,12.2494],[78.0924,12.2468],[78.0935,12.2391],[78.0897,12.2372],[78.0899,12.2423],[78.0835,12.2453],[78.079,12.2397],[78.0745,12.2407],[78.072,12.2681],[78.0504,12.2755],[78.0206,12.2699],[77.9988,12.2599],[77.9783,12.2586],[77.9744,12.2635],[77.9581,12.2692],[77.9532,12.281],[77.9276,12.3092],[77.9254,12.3239],[77.9515,12.3371],[77.9498,12.3449],[77.9554,12.3546],[77.9496,12.3739],[77.9698,12.3972],[77.9716,12.4124],[77.9466,12.4485],[77.9276,12.4533],[77.9304,12.4746],[77.9189,12.4935],[77.8957,12.4932],[77.8915,12.4992],[77.9087,12.5115],[77.9196,12.5053],[77.9389,12.518]]]},"properties":{"STATE":"TAMIL NADU","DISTRICT":"DHARMAPURI","AC_NAME":"PALACODU","AC":"AC","YEAR":2026.0,"RES":"GEN","ELECTORS":240861.0,"VOTERS":225257.0,"TURNOUT":93.52,"MARGIN":39042.0,"MARGIN_PERCENTAGE":17.33,"PARTY_RANK1":"AIADMK","PARTY_RANK2":"TVK","PARTY_RANK3":"DMK","PARTY_RANK4":"NTK","CANDIDATE_RANK1":"ANBALAGAN. K.P.","CANDIDATE_RANK2":"GOPI. R.","CANDIDATE_RANK3":"DR. DNV SENTHILKUMAR. S.","CANDIDATE_RANK4":"BOOPATHI. R.","VOTES_RANK1":102807.0,"VOTES_RANK2":63765.0,"VOTES_RANK3":50043.0,"VOTES_RANK4":5598.0,"VOTES_RANK1_PERCENTAGE":45.64,"VOTES_RANK2_PERCENTAGE":28.31,"VOTES_RANK3_PERCENTAGE":22.22,"VOTES_RANK4_PERCENTAGE":2.49,"COLOR":"#007500","ID":27652}},{"type":"Feature","geometry":{"type":"Polygon","coordinates":[[[78.2535,12.2255],[78.269,12.2241],[78.2791,12.2172],[78.2767,12.2049],[78.2818,12.2035],[78.2807,12.1953],[78.2694,12.1785],[78.2752,12.1658],[78.2874,12.1617],[78.2909,12.1557],[78.2869,12.1481],[78.294,12.1413],[78.3197,12.1395],[78.3184,12.1192],[78.3248,12.1144],[78.322,12.1092],[78.3308,12.1087],[78.3512,12.1226],[78.3694,12.1148],[78.3613,12.1096],[78.3557,12.0935],[78.3613,12.0888],[78.3675,12.0943],[78.3727,12.0919],[78.3746,12.0841],[78.391,12.0836],[78.385,12.0617],[78.3949,12.0465],[78.4056,12.0594],[78.4221,12.0633],[78.4307,12.0719],[78.4432,12.0655],[78.445,12.0587],[78.4357,12.0486],[78.4313,12.0291],[78.4433,12.0275],[78.4482,12.0225],[78.4408,12.02],[78.4404,12.0066],[78.4236,12.0009],[78.4209,11.9875],[78.4309,11.9808],[78.4458,11.989],[78.4482,11.9819],[78.4622,11.9756],[78.4665,11.9667],[78.4715,11.9742],[78.4819,11.9616],[78.4777,11.9504],[78.4623,11.935],[78.4505,11.9439],[78.4203,11.8999],[78.4071,11.9019],[78.387,11.8896],[78.3676,11.8887],[78.3534,11.8936],[78.3605,11.9083],[78.3572,11.9135],[78.3401,11.8967],[78.3352,11.9005],[78.3081,11.8815],[78.3266,11.8988],[78.3234,11.9043],[78.3316,11.9193],[78.3287,11.9264],[78.3191,11.932],[78.292,11.9139],[78.2927,11.9062],[78.2724,11.8975],[78.2692,11.899],[78.2798,11.9131],[78.2798,11.9232],[78.2883,11.924],[78.2931,11.929],[78.2902,11.9317],[78.2767,11.9315],[78.2597,11.9111],[78.2634,11.9275],[78.2733,11.9387],[78.2562,11.9399],[78.2548,11.9336],[78.2359,11.9182],[78.2496,11.9377],[78.2521,11.9496],[78.2449,11.9686],[78.235,11.979],[78.1404,11.9666],[78.1187,11.9599],[78.1153,11.9729],[78.1268,11.9867],[78.1533,11.988],[78.1408,12.0048],[78.1593,12.0329],[78.173,12.0285],[78.1922,12.0372],[78.1922,12.0406],[78.183,12.0412],[78.1813,12.0455],[78.1885,12.0544],[78.1747,12.0593],[78.1693,12.0556],[78.1575,12.0862],[78.1467,12.0891],[78.1482,12.1014],[78.1609,12.1036],[78.1719,12.1269],[78.1917,12.1208],[78.1958,12.1285],[78.1984,12.1233],[78.2058,12.1225],[78.2092,12.1354],[78.1775,12.1522],[78.1691,12.1429],[78.1584,12.1497],[78.1557,12.1418],[78.144,12.1419],[78.1325,12.1241],[78.1211,12.1254],[78.1135,12.1314],[78.1039,12.1517],[78.1135,12.1783],[78.1391,12.1818],[78.1453,12.1867],[78.1508,12.1921],[78.1708,12.1933],[78.1694,12.1998],[78.1811,12.2072],[78.1907,12.2033],[78.2021,12.2074],[78.2029,12.201],[78.2232,12.2172],[78.2358,12.218],[78.2475,12.2271],[78.2535,12.2255]]]},"properties":{"STATE":"TAMIL NADU","DISTRICT":"DHARMAPURI","AC_NAME":"PAPPIREDDIPPATTI","AC":"AC","YEAR":2026.0,"RES":"GEN","ELECTORS":257016.0,"VOTERS":236621.0,"TURNOUT":92.06,"MARGIN":33114.0,"MARGIN_PERCENTAGE":13.99,"PARTY_RANK1":"AIADMK","PARTY_RANK2":"DMK","PARTY_RANK3":"TVK","PARTY_RANK4":"NTK","CANDIDATE_RANK1":"MARAGATHAM VETRIVEL","CANDIDATE_RANK2":"PALANIAPPAN. P","CANDIDATE_RANK3":"THILAGAVATHI. S","CANDIDATE_RANK4":"ARCHANA TAMILARUVI","VOTES_RANK1":101829.0,"VOTES_RANK2":68715.0,"VOTES_RANK3":57619.0,"VOTES_RANK4":5216.0,"VOTES_RANK1_PERCENTAGE":43.03,"VOTES_RANK2_PERCENTAGE":29.04,"VOTES_RANK3_PERCENTAGE":24.35,"VOTES_RANK4_PERCENTAGE":2.2,"COLOR":"#007500","ID":27659}},{"type":"Feature","geometry":{"type":"Polygon","coordinates":[[[77.9744,12.2635],[77.9783,12.2586],[77.9988,12.2599],[78.0206,12.2699],[78.0504,12.2755],[78.072,12.2681],[78.0745,12.2407],[78.079,12.2397],[78.0835,12.2453],[78.0899,12.2423],[78.0897,12.2372],[78.0935,12.2391],[78.0924,12.2468],[78.0986,12.2494],[78.1161,12.2307],[78.125,12.2443],[78.1303,12.2449],[78.1333,12.2412],[78.1304,12.2376],[78.1399,12.2294],[78.1433,12.212],[78.1404,12.2017],[78.1453,12.1867],[78.1391,12.1818],[78.1135,12.1783],[78.0949,12.1938],[78.073,12.1867],[78.0638,12.1928],[78.0552,12.1821],[78.0493,12.1848],[78.0393,12.1807],[78.0192,12.1575],[78.0125,12.1371],[77.9851,12.1327],[77.9715,12.1368],[77.9523,12.1242],[77.9567,12.1007],[77.9507,12.0888],[77.9382,12.0878],[77.9365,12.0956],[77.9277,12.0831],[77.9292,12.0791],[77.9532,12.0767],[77.9756,12.0552],[77.987,12.0623],[78.0057,12.0633],[78.012,12.0704],[78.0394,12.053],[78.0096,12.0152],[78.0013,12.0195],[78.001,12.0244],[77.9926,12.0196],[77.9876,12.0215],[77.9872,12.0172],[77.982,12.0188],[77.9649,11.9905],[77.9696,11.9816],[77.9593,11.9747],[77.9579,11.9796],[77.954,11.9791],[77.9549,11.9736],[77.9657,11.9678],[77.9642,11.9641],[77.948,11.9663],[77.9371,11.953],[77.9291,11.9077],[77.9345,11.9003],[77.9051,11.9004],[77.8951,11.9078],[77.8828,11.9123],[77.8734,11.9108],[77.8673,11.9159],[77.8501,11.9051],[77.8476,11.8946],[77.8074,11.9092],[77.7624,11.9101],[77.7505,11.9281],[77.7404,11.9316],[77.7376,11.9402],[77.6913,11.9419],[77.6756,11.952],[77.6747,11.966],[77.7089,12.0361],[77.7275,12.0621],[77.7557,12.0798],[77.7677,12.1067],[77.7764,12.1123],[77.7738,12.1206],[77.7509,12.1371],[77.7461,12.1574],[77.761,12.1682],[77.775,12.1703],[77.7779,12.1587],[77.7954,12.1476],[77.7947,12.1655],[77.8097,12.1986],[77.8149,12.2341],[77.8335,12.2449],[77.8469,12.2636],[77.8593,12.2576],[77.8673,12.2659],[77.8752,12.2945],[77.8754,12.3246],[77.8691,12.3285],[77.8781,12.3347],[77.9254,12.3239],[77.9276,12.3092],[77.9532,12.281],[77.9581,12.2692],[77.9744,12.2635]]]},"properties":{"STATE":"TAMIL NADU","DISTRICT":"DHARMAPURI","AC_NAME":"PENNAGARAM","AC":"AC","YEAR":2026.0,"RES":"GEN","ELECTORS":248832.0,"VOTERS":228666.0,"TURNOUT":91.9,"MARGIN":3165.0,"MARGIN_PERCENTAGE":1.38,"PARTY_RANK1":"TVK","PARTY_RANK2":"PMK","PARTY_RANK3":"INC","PARTY_RANK4":"NTK","CANDIDATE_RANK1":"GAJENDRAN. S.","CANDIDATE_RANK2":"SELVAM. V.","CANDIDATE_RANK3":"G. K. M. TAMILKUMARAN","CANDIDATE_RANK4":"PALANIYAMMAL. T.","VOTES_RANK1":81240.0,"VOTES_RANK2":78075.0,"VOTES_RANK3":53901.0,"VOTES_RANK4":7358.0,"VOTES_RANK1_PERCENTAGE":35.53,"VOTES_RANK2_PERCENTAGE":34.14,"VOTES_RANK3_PERCENTAGE":23.57,"VOTES_RANK4_PERCENTAGE":3.22,"COLOR":null,"ID":27663}},{"type":"Feature","geometry":{"type":"Polygon","coordinates":[[[77.8919,10.5234],[77.906,10.5083],[77.908,10.5117],[77.9131,10.509],[77.9114,10.5022],[77.9409,10.5086],[77.9565,10.4984],[77.9754,10.493],[77.9804,10.4854],[77.9785,10.4638],[77.9885,10.4591],[77.9838,10.441],[77.9892,10.4315],[77.9868,10.4228],[77.9758,10.424],[77.9634,10.4329],[77.96,10.4229],[77.9546,10.4222],[77.9577,10.4018],[77.9439,10.4017],[77.9434,10.3971],[77.935,10.3929],[77.9326,10.3635],[77.9413,10.3554],[77.9405,10.3304],[77.9483,10.3261],[77.948,10.3107],[77.9378,10.3052],[77.935,10.2917],[77.953,10.282],[77.9437,10.2643],[77.9372,10.2604],[77.9378,10.2533],[77.9263,10.2516],[77.9179,10.242],[77.8943,10.2548],[77.8976,10.2741],[77.8873,10.2752],[77.8874,10.2791],[77.8811,10.2774],[77.8829,10.2804],[77.8752,10.2842],[77.8678,10.2806],[77.868,10.2637],[77.8525,10.2356],[77.8432,10.2364],[77.8445,10.2414],[77.8393,10.2446],[77.8263,10.2406],[77.8071,10.2498],[77.8073,10.2291],[77.8152,10.2282],[77.8066,10.2035],[77.7889,10.2009],[77.7607,10.2157],[77.7455,10.2011],[77.7176,10.2279],[77.7079,10.23],[77.706,10.2432],[77.6917,10.2454],[77.6883,10.2514],[77.6574,10.2644],[77.6581,10.268],[77.6727,10.2659],[77.6728,10.278],[77.6771,10.2796],[77.7013,10.2794],[77.7051,10.2901],[77.7128,10.2939],[77.7171,10.3034],[77.7239,10.3014],[77.7322,10.3104],[77.7347,10.3324],[77.7192,10.3453],[77.72,10.3613],[77.7113,10.3667],[77.7143,10.3721],[77.7189,10.3708],[77.731,10.3953],[77.7218,10.4078],[77.7494,10.4391],[77.7806,10.4629],[77.7846,10.4859],[77.7971,10.4973],[77.8104,10.5006],[77.8254,10.4844],[77.8396,10.4799],[77.8455,10.4928],[77.8472,10.5188],[77.8525,10.5161],[77.8608,10.5271],[77.879,10.524],[77.8845,10.5194],[77.8919,10.5234]]]},"properties":{"STATE":"TAMIL NADU","DISTRICT":"DINDIGUL","AC_NAME":"ATHOOR","AC":"AC","YEAR":2026.0,"RES":"GEN","ELECTORS":262329.0,"VOTERS":237183.0,"TURNOUT":90.41,"MARGIN":22368.0,"MARGIN_PERCENTAGE":9.43,"PARTY_RANK1":"DMK","PARTY_RANK2":"TVK","PARTY_RANK3":"AIADMK","PARTY_RANK4":"NTK","CANDIDATE_RANK1":"I. PERIASAMY","CANDIDATE_RANK2":"N. KALAISELVI","CANDIDATE_RANK3":"A. VISWANATHAN","CANDIDATE_RANK4":"DR. A. SIMON JUSTIN","VOTES_RANK1":106240.0,"VOTES_RANK2":83872.0,"VOTES_RANK3":32477.0,"VOTES_RANK4":9946.0,"VOTES_RANK1_PERCENTAGE":44.79,"VOTES_RANK2_PERCENTAGE":35.36,"VOTES_RANK3_PERCENTAGE":13.69,"VOTES_RANK4_PERCENTAGE":4.19,"COLOR":"#000000","ID":27550}},{"type":"Feature","geometry":{"type":"Polygon","coordinates":[[[77.9868,10.4228],[77.9863,10.4149],[77.9901,10.4129],[78.0091,10.4168],[78.0128,10.4095],[78.0251,10.407],[78.0312,10.4073],[78.0398,10.4213],[78.052,10.4222],[78.0569,10.4196],[78.0541,10.4],[78.0753,10.3847],[78.0626,10.3735],[78.0635,10.3608],[78.0584,10.3548],[78.0282,10.3451],[78.0122,10.3502],[78.0016,10.3434],[77.9865,10.344],[77.9805,10.3369],[77.9569,10.3423],[77.9483,10.3261],[77.9405,10.3304],[77.9413,10.3554],[77.9326,10.3635],[77.935,10.3929],[77.9434,10.3971],[77.9439,10.4017],[77.9577,10.4018],[77.9546,10.4222],[77.96,10.4229],[77.9634,10.4329],[77.9758,10.424],[77.9868,10.4228]]]},"properties":{"STATE":"TAMIL NADU","DISTRICT":"DINDIGUL","AC_NAME":"DINDIGUL","AC":"AC","YEAR":2026.0,"RES":"GEN","ELECTORS":242126.0,"VOTERS":212024.0,"TURNOUT":87.57,"MARGIN":1131.0,"MARGIN_PERCENTAGE":0.53,"PARTY_RANK1":"DMK","PARTY_RANK2":"TVK","PARTY_RANK3":"AIADMK","PARTY_RANK4":"NTK","CANDIDATE_RANK1":"SENTHILKUMAR. I.P","CANDIDATE_RANK2":"NAZEER RAJA. G","CANDIDATE_RANK3":"SREENIVASAN. C","CANDIDATE_RANK4":"MUTHARASI. S","VOTES_RANK1":74489.0,"VOTES_RANK2":73358.0,"VOTES_RANK3":53986.0,"VOTES_RANK4":7299.0,"VOTES_RANK1_PERCENTAGE":35.13,"VOTES_RANK2_PERCENTAGE":34.6,"VOTES_RANK3_PERCENTAGE":25.46,"VOTES_RANK4_PERCENTAGE":3.44,"COLOR":"#000000","ID":27573}},{"type":"Feature","geometry":{"type":"Polygon","coordinates":[[[78.0753,10.3847],[78.1023,10.3781],[78.1197,10.3819],[78.1226,10.4011],[78.1389,10.4039],[78.1425,10.4161],[78.1499,10.4209],[78.1703,10.4087],[78.1763,10.395],[78.1696,10.3823],[78.1709,10.3761],[78.1765,10.374],[78.1878,10.3951],[78.1866,10.4053],[78.1989,10.4081],[78.2111,10.4225],[78.2329,10.4175],[78.235,10.4234],[78.2514,10.4332],[78.2217,10.4498],[78.2235,10.4657],[78.2335,10.4701],[78.2453,10.4681],[78.2529,10.462],[78.2961,10.4501],[78.3145,10.4389],[78.3063,10.4233],[78.307,10.4116],[78.2881,10.4024],[78.2874,10.3921],[78.2814,10.3902],[78.2775,10.3829],[78.2791,10.3726],[78.2855,10.3702],[78.2912,10.3607],[78.3169,10.3487],[78.3385,10.3259],[78.3332,10.3007],[78.3292,10.2979],[78.3383,10.2981],[78.3348,10.2936],[78.337,10.2893],[78.3296,10.2894],[78.3251,10.2836],[78.33,10.2775],[78.3277,10.2558],[78.332,10.2551],[78.3262,10.2403],[78.3277,10.2273],[78.2938,10.1916],[78.2847,10.191],[78.2549,10.1653],[78.2566,10.1584],[78.2806,10.167],[78.2822,10.1574],[78.2845,10.1641],[78.2875,10.1593],[78.2822,10.1517],[78.2802,10.1303],[78.2697,10.1289],[78.2719,10.1165],[78.2606,10.1038],[78.262,10.095],[78.2577,10.0877],[78.2445,10.0845],[78.2369,10.0774],[78.2107,10.0754],[78.208,10.0664],[78.203,10.0674],[78.2008,10.074],[78.2043,10.0794],[78.1696,10.0944],[78.1749,10.0984],[78.1564,10.1079],[78.1652,10.1241],[78.1644,10.1414],[78.151,10.1472],[78.1578,10.1495],[78.157,10.1569],[78.1417,10.1829],[78.1204,10.1904],[78.1063,10.1852],[78.0718,10.1842],[78.0708,10.1801],[78.0293,10.1808],[78.018,10.1612],[77.999,10.1605],[77.9777,10.135],[77.9657,10.1323],[77.9595,10.1398],[77.9541,10.1388],[77.9487,10.1454],[77.9463,10.1593],[77.9406,10.1467],[77.9366,10.1498],[77.9383,10.1917],[77.9305,10.193],[77.9334,10.2039],[77.9211,10.2121],[77.9154,10.2246],[77.9179,10.242],[77.9263,10.2516],[77.9378,10.2533],[77.9372,10.2604],[77.9437,10.2643],[77.953,10.282],[77.935,10.2917],[77.9378,10.3052],[77.948,10.3107],[77.9483,10.3261],[77.9569,10.3423],[77.9805,10.3369],[77.9865,10.344],[78.0016,10.3434],[78.0122,10.3502],[78.0282,10.3451],[78.0584,10.3548],[78.0635,10.3608],[78.0626,10.3735],[78.0753,10.3847]]]},"properties":{"STATE":"TAMIL NADU","DISTRICT":"DINDIGUL","AC_NAME":"NATHAM","AC":"AC","YEAR":2026.0,"RES":"GEN","ELECTORS":261393.0,"VOTERS":239140.0,"TURNOUT":91.49,"MARGIN":11869.0,"MARGIN_PERCENTAGE":4.96,"PARTY_RANK1":"AIADMK","PARTY_RANK2":"DMK","PARTY_RANK3":"TVK","PARTY_RANK4":"NTK","CANDIDATE_RANK1":"NATHAM VISWANATHAN R","CANDIDATE_RANK2":"SELVAKUMAR K","CANDIDATE_RANK3":"RAMESH L N","CANDIDATE_RANK4":"ALAGAMMAL A","VOTES_RANK1":85708.0,"VOTES_RANK2":73839.0,"VOTES_RANK3":64997.0,"VOTES_RANK4":9677.0,"VOTES_RANK1_PERCENTAGE":35.84,"VOTES_RANK2_PERCENTAGE":30.88,"VOTES_RANK3_PERCENTAGE":27.18,"VOTES_RANK4_PERCENTAGE":4.05,"COLOR":"#007500","ID":27644}},{"type":"Feature","geometry":{"type":"Polygon","coordinates":[[[77.9179,10.242],[77.9154,10.2246],[77.9211,10.2121],[77.9334,10.2039],[77.9305,10.193],[77.9383,10.1917],[77.9366,10.1498],[77.9406,10.1467],[77.9463,10.1593],[77.9487,10.1454],[77.9541,10.1388],[77.9466,10.135],[77.9541,10.1337],[77.9535,10.13],[77.936,10.1083],[77.937,10.0969],[77.9467,10.0919],[77.9187,10.0845],[77.9192,10.0757],[77.9103,10.0771],[77.9047,10.0706],[77.8943,10.0732],[77.875,10.0617],[77.8607,10.0754],[77.8364,10.0741],[77.8217,10.0673],[77.8055,10.0678],[77.7812,10.0511],[77.7633,10.056],[77.7599,10.0463],[77.7535,10.0474],[77.7172,10.0181],[77.7103,10.0204],[77.7125,10.026],[77.7116,10.0341],[77.7062,10.0383],[77.7125,10.048],[77.7076,10.0647],[77.7088,10.0803],[77.701,10.0857],[77.6969,10.0869],[77.7025,10.1028],[77.6972,10.1089],[77.6686,10.1225],[77.669,10.1262],[77.6754,10.1267],[77.6763,10.1447],[77.692,10.1455],[77.6972,10.1353],[77.7078,10.129],[77.7156,10.1288],[77.7217,10.1341],[77.7294,10.1315],[77.7242,10.1362],[77.7239,10.1463],[77.7292,10.1592],[77.7122,10.1701],[77.7012,10.1953],[77.71,10.2064],[77.7065,10.2159],[77.7023,10.2132],[77.7,10.2236],[77.7079,10.23],[77.7176,10.2279],[77.7455,10.2011],[77.7607,10.2157],[77.7889,10.2009],[77.8066,10.2035],[77.8152,10.2282],[77.8073,10.2291],[77.8071,10.2498],[77.8263,10.2406],[77.8393,10.2446],[77.8445,10.2414],[77.8432,10.2364],[77.8525,10.2356],[77.868,10.2637],[77.8678,10.2806],[77.8752,10.2842],[77.8829,10.2804],[77.8811,10.2774],[77.8874,10.2791],[77.8873,10.2752],[77.8976,10.2741],[77.8943,10.2548],[77.9179,10.242]]]},"properties":{"STATE":"TAMIL NADU","DISTRICT":"DINDIGUL","AC_NAME":"NILAKKOTTAI","AC":"AC","YEAR":2026.0,"RES":"SC","ELECTORS":221565.0,"VOTERS":197593.0,"TURNOUT":89.18,"MARGIN":2925.0,"MARGIN_PERCENTAGE":1.48,"PARTY_RANK1":"TVK","PARTY_RANK2":"DMK","PARTY_RANK3":"AIADMK","PARTY_RANK4":"NTK","CANDIDATE_RANK1":"AYYANAR.R","CANDIDATE_RANK2":"NAGAJOTHI.S","CANDIDATE_RANK3":"THENMOZHI.S","CANDIDATE_RANK4":"DR.KAILAI RAJAN.D","VOTES_RANK1":68580.0,"VOTES_RANK2":65655.0,"VOTES_RANK3":49924.0,"VOTES_RANK4":8615.0,"VOTES_RANK1_PERCENTAGE":34.71,"VOTES_RANK2_PERCENTAGE":33.23,"VOTES_RANK3_PERCENTAGE":25.27,"VOTES_RANK4_PERCENTAGE":4.36,"COLOR":null,"ID":27646}},{"type":"Feature","geometry":{"type":"Polygon","coordinates":[[[77.8086,10.6811],[77.8134,10.6775],[77.8177,10.6802],[77.8126,10.6488],[77.8278,10.6344],[77.8352,10.633],[77.8473,10.6389],[77.8722,10.6321],[77.8841,10.6284],[77.8692,10.6001],[77.8721,10.5905],[77.8651,10.5798],[77.9148,10.5667],[77.9192,10.5566],[77.9145,10.5446],[77.925,10.5293],[77.8986,10.5331],[77.8919,10.5234],[77.8845,10.5194],[77.879,10.524],[77.8608,10.5271],[77.8525,10.5161],[77.8472,10.5188],[77.8455,10.4928],[77.8396,10.4799],[77.8254,10.4844],[77.8104,10.5006],[77.7971,10.4973],[77.7846,10.4859],[77.7806,10.4629],[77.7494,10.4391],[77.7218,10.4078],[77.731,10.3953],[77.7189,10.3708],[77.7143,10.3721],[77.7113,10.3667],[77.7044,10.3707],[77.6953,10.3675],[77.6828,10.3785],[77.688,10.3922],[77.6777,10.3974],[77.6791,10.4045],[77.6686,10.4076],[77.6747,10.424],[77.6663,10.4311],[77.6182,10.416],[77.6103,10.4175],[77.6038,10.4414],[77.6053,10.5096],[77.5991,10.5168],[77.5859,10.5172],[77.5822,10.5232],[77.5728,10.5239],[77.5424,10.5173],[77.5439,10.522],[77.5299,10.5225],[77.5263,10.5184],[77.5046,10.516],[77.4875,10.5231],[77.4803,10.522],[77.4803,10.5053],[77.4709,10.5067],[77.4702,10.5205],[77.4641,10.5169],[77.4644,10.5218],[77.4053,10.5235],[77.3782,10.5259],[77.373,10.5299],[77.3681,10.5472],[77.3783,10.5632],[77.3877,10.5962],[77.3961,10.5981],[77.3944,10.6053],[77.4015,10.6136],[77.4124,10.6173],[77.4176,10.6258],[77.4321,10.6317],[77.4462,10.6302],[77.4536,10.6403],[77.4658,10.645],[77.4748,10.6433],[77.4827,10.65],[77.5045,10.6426],[77.5066,10.6276],[77.5161,10.6139],[77.5077,10.6138],[77.5082,10.6071],[77.5428,10.6101],[77.5485,10.6385],[77.5708,10.6573],[77.5801,10.6792],[77.5857,10.6835],[77.5966,10.6762],[77.6373,10.6689],[77.6555,10.6732],[77.6649,10.7161],[77.6899,10.7346],[77.7017,10.7335],[77.7071,10.7091],[77.7092,10.6861],[77.6992,10.662],[77.7136,10.6415],[77.7227,10.641],[77.7201,10.6313],[77.7306,10.6305],[77.7442,10.6373],[77.7548,10.6521],[77.7532,10.6679],[77.7659,10.6751],[77.7668,10.6796],[77.7906,10.6851],[77.8086,10.6811]]]},"properties":{"STATE":"TAMIL NADU","DISTRICT":"DINDIGUL","AC_NAME":"ODDANCHATRAM","AC":"AC","YEAR":2026.0,"RES":"GEN","ELECTORS":220263.0,"VOTERS":201624.0,"TURNOUT":91.54,"MARGIN":43249.0,"MARGIN_PERCENTAGE":21.45,"PARTY_RANK1":"DMK","PARTY_RANK2":"BJP","PARTY_RANK3":"TVK","PARTY_RANK4":"NTK","CANDIDATE_RANK1":"SAKKARAPANI. R","CANDIDATE_RANK2":"VIDIYAL S. SEKAR","CANDIDATE_RANK3":"MOHAN. S","CANDIDATE_RANK4":"RAGUPATHI. P","VOTES_RANK1":93099.0,"VOTES_RANK2":49850.0,"VOTES_RANK3":49155.0,"VOTES_RANK4":5454.0,"VOTES_RANK1_PERCENTAGE":46.17,"VOTES_RANK2_PERCENTAGE":24.72,"VOTES_RANK3_PERCENTAGE":24.38,"VOTES_RANK4_PERCENTAGE":2.71,"COLOR":"#000000","ID":27647}},{"type":"Feature","geometry":{"type":"Polygon","coordinates":[[[77.4053,10.5235],[77.4644,10.5218],[77.4641,10.5169],[77.4702,10.5205],[77.4709,10.5067],[77.4803,10.5053],[77.4803,10.522],[77.4875,10.5231],[77.5046,10.516],[77.5263,10.5184],[77.5299,10.5225],[77.5439,10.522],[77.5424,10.5173],[77.5728,10.5239],[77.5822,10.5232],[77.5859,10.5172],[77.5991,10.5168],[77.6053,10.5096],[77.6038,10.4414],[77.6103,10.4175],[77.6182,10.416],[77.6663,10.4311],[77.6747,10.424],[77.6686,10.4076],[77.6791,10.4045],[77.6777,10.3974],[77.688,10.3922],[77.6828,10.3785],[77.6953,10.3675],[77.7044,10.3707],[77.7113,10.3667],[77.72,10.3613],[77.7192,10.3453],[77.7347,10.3324],[77.7322,10.3104],[77.7239,10.3014],[77.7171,10.3034],[77.7128,10.2939],[77.7051,10.2901],[77.7013,10.2794],[77.6771,10.2796],[77.6728,10.278],[77.6727,10.2659],[77.6581,10.268],[77.6574,10.2644],[77.6883,10.2514],[77.6917,10.2454],[77.706,10.2432],[77.7079,10.23],[77.7,10.2236],[77.7023,10.2132],[77.6954,10.1986],[77.6814,10.2016],[77.6634,10.1891],[77.6452,10.2046],[77.632,10.2064],[77.6221,10.2188],[77.6037,10.206],[77.5957,10.2059],[77.6029,10.2001],[77.5983,10.1944],[77.5918,10.1914],[77.589,10.1969],[77.5697,10.1814],[77.5668,10.1955],[77.5556,10.2022],[77.5497,10.2],[77.5481,10.2041],[77.5463,10.1988],[77.5512,10.1919],[77.5444,10.1926],[77.5462,10.1829],[77.538,10.1878],[77.5367,10.1797],[77.5231,10.1762],[77.5275,10.174],[77.5117,10.161],[77.4999,10.1611],[77.4877,10.1478],[77.4826,10.154],[77.4806,10.1471],[77.468,10.1423],[77.4657,10.1294],[77.4648,10.1293],[77.4521,10.1362],[77.4381,10.1325],[77.4275,10.1362],[77.4114,10.1451],[77.4087,10.1585],[77.3954,10.1629],[77.3846,10.1468],[77.372,10.1394],[77.3606,10.1512],[77.3414,10.1361],[77.3292,10.1428],[77.3237,10.1277],[77.313,10.1355],[77.3024,10.1361],[77.2895,10.1251],[77.2841,10.1255],[77.283,10.1179],[77.2665,10.1218],[77.275,10.1321],[77.2714,10.142],[77.2752,10.185],[77.2841,10.1985],[77.2831,10.2078],[77.295,10.2177],[77.2881,10.2317],[77.2962,10.2525],[77.3036,10.2458],[77.3107,10.2461],[77.3249,10.2703],[77.3425,10.2625],[77.3484,10.2636],[77.351,10.2742],[77.3479,10.2897],[77.3419,10.2952],[77.3417,10.3013],[77.3298,10.3099],[77.3263,10.3215],[77.3348,10.3323],[77.3298,10.3349],[77.3299,10.3412],[77.3365,10.3551],[77.3156,10.3549],[77.3133,10.3718],[77.3192,10.4177],[77.3231,10.4236],[77.3205,10.4345],[77.3271,10.4358],[77.3229,10.449],[77.3329,10.4557],[77.3445,10.4543],[77.3443,10.4483],[77.3558,10.4453],[77.3851,10.4491],[77.3841,10.4725],[77.3776,10.4909],[77.3924,10.4947],[77.3959,10.4995],[77.4028,10.4983],[77.4053,10.5235]]]},"properties":{"STATE":"TAMIL NADU","DISTRICT":"DINDIGUL","AC_NAME":"PALANI","AC":"AC","YEAR":2026.0,"RES":"GEN","ELECTORS":239881.0,"VOTERS":208619.0,"TURNOUT":86.97,"MARGIN":693.0,"MARGIN_PERCENTAGE":0.33,"PARTY_RANK1":"AIADMK","PARTY_RANK2":"TVK","PARTY_RANK3":"CPI(M)","PARTY_RANK4":"NTK","CANDIDATE_RANK1":"RAVIMANOHARAN. K","CANDIDATE_RANK2":"DR. PRAVEEN KUMAR. M","CANDIDATE_RANK3":"PANDI. N","CANDIDATE_RANK4":"MURUGESWARI. B","VOTES_RANK1":66986.0,"VOTES_RANK2":66293.0,"VOTES_RANK3":65534.0,"VOTES_RANK4":6300.0,"VOTES_RANK1_PERCENTAGE":32.11,"VOTES_RANK2_PERCENTAGE":31.78,"VOTES_RANK3_PERCENTAGE":31.41,"VOTES_RANK4_PERCENTAGE":3.02,"COLOR":"#007500","ID":27653}},{"type":"Feature","geometry":{"type":"Polygon","coordinates":[[[77.9321,10.7515],[77.9404,10.7682],[77.9833,10.7596],[77.995,10.7619],[77.9985,10.7743],[78.0249,10.7734],[78.0223,10.7777],[78.0268,10.776],[78.028,10.7821],[78.0333,10.7812],[78.033,10.7753],[78.0434,10.779],[78.055,10.7724],[78.0568,10.7638],[78.0662,10.7669],[78.0702,10.7769],[78.0981,10.7672],[78.1004,10.7796],[78.0964,10.7897],[78.1052,10.8056],[78.1487,10.8047],[78.1521,10.8264],[78.158,10.8275],[78.1586,10.8335],[78.1732,10.8323],[78.1757,10.8354],[78.1793,10.8226],[78.1806,10.8323],[78.1864,10.833],[78.1806,10.8207],[78.1858,10.8194],[78.1704,10.7994],[78.1679,10.7746],[78.1523,10.7411],[78.1556,10.7291],[78.1538,10.7076],[78.1456,10.6772],[78.1453,10.6497],[78.1632,10.6495],[78.1596,10.6413],[78.1665,10.6133],[78.1394,10.6013],[78.133,10.5751],[78.1396,10.5638],[78.161,10.5623],[78.1706,10.5542],[78.1802,10.5593],[78.1907,10.5575],[78.1914,10.5523],[78.2001,10.5467],[78.1899,10.539],[78.1862,10.5283],[78.1845,10.5218],[78.1767,10.5172],[78.1734,10.5033],[78.1912,10.5004],[78.2064,10.474],[78.2137,10.4736],[78.2178,10.4667],[78.2235,10.4657],[78.2217,10.4498],[78.2514,10.4332],[78.235,10.4234],[78.2329,10.4175],[78.2111,10.4225],[78.1989,10.4081],[78.1866,10.4053],[78.1878,10.3951],[78.1765,10.374],[78.1709,10.3761],[78.1696,10.3823],[78.1763,10.395],[78.1703,10.4087],[78.1499,10.4209],[78.1425,10.4161],[78.1389,10.4039],[78.1226,10.4011],[78.1197,10.3819],[78.1023,10.3781],[78.0753,10.3847],[78.0541,10.4],[78.0569,10.4196],[78.052,10.4222],[78.0398,10.4213],[78.0312,10.4073],[78.0251,10.407],[78.0128,10.4095],[78.0091,10.4168],[77.9901,10.4129],[77.9863,10.4149],[77.9868,10.4228],[77.9892,10.4315],[77.9838,10.441],[77.9885,10.4591],[77.9785,10.4638],[77.9804,10.4854],[77.9754,10.493],[77.9565,10.4984],[77.9409,10.5086],[77.9114,10.5022],[77.9131,10.509],[77.908,10.5117],[77.906,10.5083],[77.8919,10.5234],[77.8986,10.5331],[77.925,10.5293],[77.9145,10.5446],[77.9192,10.5566],[77.9148,10.5667],[77.8651,10.5798],[77.8721,10.5905],[77.8692,10.6001],[77.8841,10.6284],[77.8722,10.6321],[77.8809,10.6494],[77.896,10.6455],[77.897,10.6493],[77.9031,10.6482],[77.9089,10.6571],[77.9136,10.6483],[77.95,10.6435],[77.9517,10.6396],[77.9785,10.6393],[77.9702,10.6729],[77.9925,10.6714],[78.0053,10.6757],[78.0092,10.7113],[78.0152,10.7199],[78.0092,10.7232],[78.0115,10.7305],[77.9988,10.7293],[77.9965,10.7432],[77.9525,10.7433],[77.9312,10.7365],[77.9321,10.7515]]]},"properties":{"STATE":"TAMIL NADU","DISTRICT":"DINDIGUL","AC_NAME":"VEDASANDUR","AC":"AC","YEAR":2026.0,"RES":"GEN","ELECTORS":243998.0,"VOTERS":226554.0,"TURNOUT":92.85,"MARGIN":10063.0,"MARGIN_PERCENTAGE":4.44,"PARTY_RANK1":"DMK","PARTY_RANK2":"AIADMK","PARTY_RANK3":"TVK","PARTY_RANK4":"NTK","CANDIDATE_RANK1":"SAMINATHAN. T","CANDIDATE_RANK2":"PARAMASIVAM. V.P.B.","CANDIDATE_RANK3":"DR.NAKAJOTHI. N","CANDIDATE_RANK4":"KHAJA HUSSAIN AHAMED. A","VOTES_RANK1":84948.0,"VOTES_RANK2":74885.0,"VOTES_RANK3":56804.0,"VOTES_RANK4":7095.0,"VOTES_RANK1_PERCENTAGE":37.5,"VOTES_RANK2_PERCENTAGE":33.05,"VOTES_RANK3_PERCENTAGE":25.07,"VOTES_RANK4_PERCENTAGE":3.13,"COLOR":"#000000","ID":27752}},{"type":"Feature","geometry":{"type":"Polygon","coordinates":[[[77.6755,11.952],[77.6806,11.9246],[77.6791,11.9005],[77.6852,11.8898],[77.6854,11.8777],[77.6618,11.8782],[77.6624,11.8525],[77.6465,11.8191],[77.6527,11.8127],[77.6613,11.8139],[77.6662,11.8244],[77.6913,11.818],[77.6998,11.8108],[77.7104,11.8106],[77.71,11.7977],[77.7221,11.7951],[77.7081,11.7665],[77.6955,11.7208],[77.6908,11.7182],[77.6948,11.7061],[77.6901,11.6941],[77.6754,11.676],[77.657,11.6796],[77.6527,11.6756],[77.6485,11.6521],[77.6689,11.6366],[77.656,11.6174],[77.6483,11.6206],[77.6406,11.6164],[77.6245,11.618],[77.6101,11.6025],[77.6114,11.572],[77.6194,11.5686],[77.6005,11.5286],[77.6054,11.5189],[77.5905,11.499],[77.5702,11.4918],[77.5622,11.4761],[77.5571,11.4763],[77.5567,11.4724],[77.5629,11.4716],[77.5687,11.4619],[77.5779,11.4626],[77.5949,11.4541],[77.5879,11.4508],[77.585,11.4366],[77.5779,11.4411],[77.5419,11.4462],[77.5291,11.467],[77.5213,11.4688],[77.5099,11.4609],[77.5071,11.4354],[77.5189,11.4081],[77.5137,11.4094],[77.5001,11.4105],[77.5015,11.4057],[77.4958,11.4033],[77.4945,11.398],[77.4812,11.4035],[77.4812,11.4092],[77.4675,11.4067],[77.4618,11.4201],[77.456,11.4239],[77.478,11.4197],[77.469,11.4263],[77.4732,11.4407],[77.4688,11.4395],[77.4673,11.4458],[77.4793,11.4506],[77.4792,11.457],[77.4707,11.4631],[77.4617,11.4613],[77.4596,11.4751],[77.4641,11.4826],[77.4694,11.4841],[77.4732,11.478],[77.48,11.4821],[77.4765,11.4931],[77.4837,11.5041],[77.479,11.5067],[77.4634,11.4951],[77.454,11.495],[77.4492,11.4868],[77.4413,11.4862],[77.4329,11.4765],[77.4167,11.4782],[77.4084,11.4721],[77.4021,11.4804],[77.3842,11.4735],[77.3693,11.4754],[77.3502,11.486],[77.3499,11.4949],[77.3529,11.5059],[77.3585,11.509],[77.3558,11.5115],[77.3621,11.5162],[77.3632,11.502],[77.3784,11.507],[77.3782,11.5287],[77.3918,11.5207],[77.4058,11.5188],[77.4201,11.5338],[77.4272,11.5356],[77.4388,11.5622],[77.451,11.5587],[77.4532,11.564],[77.4567,11.6101],[77.4411,11.6311],[77.4392,11.6474],[77.4533,11.6641],[77.4407,11.6746],[77.4371,11.7003],[77.4433,11.7136],[77.441,11.7182],[77.4364,11.7154],[77.4351,11.7267],[77.4308,11.73],[77.4222,11.7268],[77.4186,11.7355],[77.4288,11.7554],[77.4272,11.761],[77.4338,11.7782],[77.4422,11.7834],[77.4405,11.7889],[77.4498,11.7961],[77.454,11.8203],[77.4666,11.8472],[77.4599,11.8636],[77.4658,11.8743],[77.4604,11.8813],[77.4616,11.9001],[77.4735,11.8993],[77.4772,11.8906],[77.4806,11.8935],[77.4862,11.8875],[77.483,11.8997],[77.4905,11.9086],[77.4948,11.944],[77.5379,11.9325],[77.5425,11.9383],[77.5581,11.9416],[77.5753,11.9366],[77.5935,11.9403],[77.6034,11.9378],[77.6069,11.9421],[77.6394,11.9481],[77.652,11.9549],[77.6573,11.9499],[77.6755,11.952]]]},"properties":{"STATE":"TAMIL NADU","DISTRICT":"ERODE","AC_NAME":"ANTHIYUR","AC":"AC","YEAR":2026.0,"RES":"GEN","ELECTORS":207413.0,"VOTERS":185775.0,"TURNOUT":89.57,"MARGIN":1260.0,"MARGIN_PERCENTAGE":0.68,"PARTY_RANK1":"AIADMK","PARTY_RANK2":"DMK","PARTY_RANK3":"TVK","PARTY_RANK4":"NTK","CANDIDATE_RANK1":"HARIBASKAR.P","CANDIDATE_RANK2":"SIVABALAN.M","CANDIDATE_RANK3":"VIJAY VENKATESH.M","CANDIDATE_RANK4":"AALANGATTUR ANANDHI","VOTES_RANK1":60042.0,"VOTES_RANK2":58782.0,"VOTES_RANK3":56372.0,"VOTES_RANK4":5287.0,"VOTES_RANK1_PERCENTAGE":32.32,"VOTES_RANK2_PERCENTAGE":31.64,"VOTES_RANK3_PERCENTAGE":30.34,"VOTES_RANK4_PERCENTAGE":2.85,"COLOR":"#007500","ID":27542}},{"type":"Feature","geometry":{"type":"Polygon","coordinates":[[[77.7488,11.6594],[77.7704,11.697],[77.7754,11.6964],[77.7608,11.6479],[77.7357,11.6019],[77.7459,11.5704],[77.7427,11.5633],[77.7239,11.5358],[77.7324,11.5178],[77.7315,11.5101],[77.7024,11.4825],[77.6967,11.4645],[77.6839,11.4277],[77.6735,11.4517],[77.6458,11.4591],[77.6393,11.4374],[77.645,11.4039],[77.6409,11.3974],[77.6217,11.3976],[77.6155,11.4055],[77.604,11.4005],[77.5943,11.4068],[77.5875,11.4051],[77.5836,11.3923],[77.5759,11.3917],[77.5489,11.3739],[77.5199,11.3888],[77.5189,11.4081],[77.5071,11.4354],[77.5099,11.4609],[77.5213,11.4688],[77.5291,11.467],[77.5419,11.4462],[77.5779,11.4411],[77.585,11.4366],[77.5879,11.4508],[77.5949,11.4541],[77.5779,11.4626],[77.5687,11.4619],[77.5629,11.4716],[77.5567,11.4724],[77.5571,11.4763],[77.5622,11.4761],[77.5702,11.4918],[77.5905,11.499],[77.6054,11.5189],[77.6005,11.5286],[77.6194,11.5686],[77.6114,11.572],[77.6101,11.6025],[77.6245,11.618],[77.6406,11.6164],[77.6483,11.6206],[77.656,11.6174],[77.6689,11.6366],[77.6485,11.6521],[77.6527,11.6756],[77.657,11.6796],[77.6754,11.676],[77.6901,11.6941],[77.6979,11.6935],[77.6893,11.6521],[77.7,11.6347],[77.706,11.6344],[77.7161,11.6419],[77.7154,11.6492],[77.7242,11.6496],[77.734,11.6577],[77.7457,11.6546],[77.7488,11.6594]]]},"properties":{"STATE":"TAMIL NADU","DISTRICT":"ERODE","AC_NAME":"BHAVANI","AC":"AC","YEAR":2026.0,"RES":"GEN","ELECTORS":223221.0,"VOTERS":208323.0,"TURNOUT":93.33,"MARGIN":7396.0,"MARGIN_PERCENTAGE":3.55,"PARTY_RANK1":"AIADMK","PARTY_RANK2":"TVK","PARTY_RANK3":"DMK","PARTY_RANK4":"NTK","CANDIDATE_RANK1":"KARUPPANAN. K.C","CANDIDATE_RANK2":"BALAKRISHNAN","CANDIDATE_RANK3":"CHANDRASEKAR. K.A","CANDIDATE_RANK4":"MOHANADEVI. R","VOTES_RANK1":75577.0,"VOTES_RANK2":68181.0,"VOTES_RANK3":54087.0,"VOTES_RANK4":6195.0,"VOTES_RANK1_PERCENTAGE":36.28,"VOTES_RANK2_PERCENTAGE":32.73,"VOTES_RANK3_PERCENTAGE":25.96,"VOTES_RANK4_PERCENTAGE":2.97,"COLOR":"#007500","ID":27555}},{"type":"Feature","geometry":{"type":"Polygon","coordinates":[[[77.2489,11.8039],[77.2498,11.8131],[77.2879,11.8005],[77.2938,11.8091],[77.3351,11.7713],[77.3604,11.7796],[77.3648,11.7905],[77.3702,11.7868],[77.3936,11.7879],[77.4222,11.7725],[77.4225,11.7618],[77.4272,11.761],[77.4288,11.7554],[77.4186,11.7355],[77.4222,11.7268],[77.4308,11.73],[77.4351,11.7267],[77.4364,11.7154],[77.441,11.7182],[77.4433,11.7136],[77.4371,11.7003],[77.4407,11.6746],[77.4533,11.6641],[77.4392,11.6474],[77.4411,11.6311],[77.4567,11.6101],[77.4532,11.564],[77.451,11.5587],[77.4388,11.5622],[77.4272,11.5356],[77.4201,11.5338],[77.4058,11.5188],[77.3918,11.5207],[77.3782,11.5287],[77.3653,11.5297],[77.3696,11.5624],[77.365,11.5666],[77.3586,11.5628],[77.3429,11.531],[77.3349,11.5396],[77.3314,11.538],[77.3167,11.5188],[77.3134,11.5052],[77.2942,11.5191],[77.2907,11.5029],[77.2964,11.492],[77.2814,11.4919],[77.2794,11.4821],[77.2899,11.4664],[77.297,11.4639],[77.297,11.4433],[77.2881,11.4442],[77.2835,11.4314],[77.2709,11.4314],[77.2631,11.4259],[77.2503,11.4345],[77.2442,11.4144],[77.2551,11.4134],[77.2459,11.3988],[77.2478,11.3912],[77.2205,11.3985],[77.2122,11.3941],[77.2072,11.398],[77.1922,11.3681],[77.1794,11.3592],[77.1871,11.342],[77.1787,11.3421],[77.1745,11.3326],[77.183,11.3223],[77.1825,11.3139],[77.1676,11.3173],[77.158,11.3332],[77.1416,11.3369],[77.1293,11.3542],[77.1331,11.3631],[77.1295,11.3667],[77.1304,11.3754],[77.1131,11.381],[77.1102,11.4064],[77.0915,11.4034],[77.0932,11.3991],[77.0884,11.397],[77.0913,11.3936],[77.0811,11.3878],[77.0757,11.3918],[77.0704,11.3862],[77.0704,11.4026],[77.0454,11.4026],[77.0325,11.3849],[77.0234,11.3878],[77.0254,11.3734],[77.0136,11.3688],[76.9876,11.3823],[76.9815,11.3831],[76.9808,11.3783],[76.9716,11.3863],[76.9573,11.3812],[76.969,11.3969],[76.9759,11.3966],[76.9811,11.4021],[76.9767,11.4157],[76.983,11.4404],[76.9982,11.4407],[77.0,11.4342],[77.008,11.434],[77.012,11.4426],[77.0124,11.4521],[76.9976,11.4773],[76.9911,11.481],[76.9965,11.5129],[77.0052,11.514],[77.0147,11.5259],[77.0063,11.5242],[77.0094,11.5292],[77.0052,11.5371],[77.0073,11.5456],[76.9931,11.5463],[76.9827,11.5562],[76.9753,11.5542],[76.9736,11.5658],[76.9447,11.5735],[76.9404,11.5794],[76.9315,11.5744],[76.9203,11.5788],[76.9163,11.5639],[76.9081,11.5804],[76.89,11.5724],[76.8738,11.581],[76.8536,11.5772],[76.8463,11.5841],[76.8468,11.5951],[76.8564,11.5994],[76.8581,11.6141],[76.8505,11.6161],[76.852,11.6218],[76.8428,11.6269],[76.8452,11.6339],[76.8358,11.6376],[76.8379,11.6421],[76.8337,11.6491],[76.8455,11.6741],[76.8527,11.6925],[76.8637,11.7055],[76.8626,11.7111],[76.8883,11.7338],[76.8959,11.7758],[76.907,11.7954],[76.9422,11.7877],[76.9536,11.792],[76.9697,11.7765],[76.9834,11.8011],[76.9819,11.8113],[76.994,11.8092],[77.0128,11.8148],[77.0138,11.8063],[77.0166,11.8108],[77.0297,11.8047],[77.0325,11.7961],[77.0386,11.794],[77.0288,11.7746],[77.0349,11.7698],[77.0457,11.7873],[77.0658,11.7887],[77.0701,11.78],[77.0564,11.7694],[77.0823,11.74],[77.0804,11.7361],[77.1049,11.7329],[77.1175,11.7212],[77.1173,11.7321],[77.1085,11.7527],[77.1126,11.7566],[77.1109,11.7736],[77.1379,11.7725],[77.1471,11.7819],[77.1819,11.7865],[77.1888,11.7922],[77.2384,11.7948],[77.2489,11.8039]]]},"properties":{"STATE":"TAMIL NADU","DISTRICT":"ERODE","AC_NAME":"BHAVANISAGAR","AC":"AC","YEAR":2026.0,"RES":"SC","ELECTORS":237629.0,"VOTERS":214595.0,"TURNOUT":90.31,"MARGIN":4569.0,"MARGIN_PERCENTAGE":2.13,"PARTY_RANK1":"TVK","PARTY_RANK2":"AIADMK","PARTY_RANK3":"CPI","PARTY_RANK4":"NTK","CANDIDATE_RANK1":"V.P.TAMILSELVI","CANDIDATE_RANK2":"A.BANNARI","CANDIDATE_RANK3":"P.L.SUNDARAM","CANDIDATE_RANK4":"S.SOUNDARYA","VOTES_RANK1":72391.0,"VOTES_RANK2":67822.0,"VOTES_RANK3":63107.0,"VOTES_RANK4":5832.0,"VOTES_RANK1_PERCENTAGE":33.73,"VOTES_RANK2_PERCENTAGE":31.6,"VOTES_RANK3_PERCENTAGE":29.41,"VOTES_RANK4_PERCENTAGE":2.72,"COLOR":null,"ID":27556}},{"type":"Feature","geometry":{"type":"Polygon","coordinates":[[[77.6901,11.3806],[77.6853,11.3839],[77.6954,11.3856],[77.6954,11.3906],[77.7037,11.3948],[77.7186,11.3772],[77.7417,11.3651],[77.7506,11.3542],[77.7555,11.3386],[77.7074,11.3208],[77.6927,11.3202],[77.6909,11.3281],[77.6802,11.3293],[77.6841,11.3319],[77.683,11.3397],[77.7062,11.3466],[77.71,11.3543],[77.6997,11.3645],[77.7044,11.3719],[77.6901,11.3806]]]},"properties":{"STATE":"TAMIL NADU","DISTRICT":"ERODE","AC_NAME":"ERODE (EAST)","AC":"AC","YEAR":2026.0,"RES":"GEN","ELECTORS":179592.0,"VOTERS":162453.0,"TURNOUT":90.46,"MARGIN":23966.0,"MARGIN_PERCENTAGE":14.75,"PARTY_RANK1":"TVK","PARTY_RANK2":"INC","PARTY_RANK3":"AIADMK","PARTY_RANK4":"NTK","CANDIDATE_RANK1":"M.VIJAY BALAJI","CANDIDATE_RANK2":"GOPINATH PALANIYAPPAN","CANDIDATE_RANK3":"R.MANOHARAN","CANDIDATE_RANK4":"S.THANDAVAMOORTHY","VOTES_RANK1":69747.0,"VOTES_RANK2":45781.0,"VOTES_RANK3":38183.0,"VOTES_RANK4":4987.0,"VOTES_RANK1_PERCENTAGE":42.93,"VOTES_RANK2_PERCENTAGE":28.18,"VOTES_RANK3_PERCENTAGE":23.5,"VOTES_RANK4_PERCENTAGE":3.07,"COLOR":null,"ID":27577}},{"type":"Feature","geometry":{"type":"Polygon","coordinates":[[[77.6409,11.3974],[77.645,11.4039],[77.6393,11.4374],[77.6458,11.4591],[77.6735,11.4517],[77.6839,11.4277],[77.6846,11.4174],[77.7037,11.3948],[77.6954,11.3906],[77.6954,11.3856],[77.6853,11.3839],[77.6901,11.3806],[77.7044,11.3719],[77.6997,11.3645],[77.71,11.3543],[77.7062,11.3466],[77.683,11.3397],[77.6841,11.3319],[77.6802,11.3293],[77.6909,11.3281],[77.6927,11.3202],[77.7074,11.3208],[77.7555,11.3386],[77.778,11.3115],[77.7729,11.3081],[77.7758,11.3008],[77.7648,11.3146],[77.7651,11.3197],[77.7553,11.3241],[77.7526,11.3183],[77.7339,11.3169],[77.733,11.3101],[77.7266,11.3072],[77.7236,11.2921],[77.7118,11.2923],[77.6914,11.2851],[77.6866,11.2804],[77.682,11.2557],[77.6784,11.2652],[77.6744,11.2651],[77.6681,11.2485],[77.6772,11.2332],[77.6878,11.2357],[77.6886,11.2176],[77.6821,11.2124],[77.676,11.2174],[77.6575,11.2176],[77.6549,11.2086],[77.6471,11.2038],[77.6433,11.1903],[77.6201,11.1924],[77.6175,11.2037],[77.6032,11.2127],[77.6045,11.2209],[77.5955,11.2437],[77.6052,11.2571],[77.6062,11.2723],[77.6167,11.2783],[77.6133,11.2813],[77.6188,11.3108],[77.6269,11.3242],[77.6239,11.3276],[77.634,11.3393],[77.6219,11.3647],[77.6409,11.3974]]]},"properties":{"STATE":"TAMIL NADU","DISTRICT":"ERODE","AC_NAME":"ERODE (WEST)","AC":"AC","YEAR":2026.0,"RES":"GEN","ELECTORS":250217.0,"VOTERS":221400.0,"TURNOUT":88.48,"MARGIN":22250.0,"MARGIN_PERCENTAGE":10.05,"PARTY_RANK1":"TVK","PARTY_RANK2":"DMK","PARTY_RANK3":"BJP","PARTY_RANK4":"NTK","CANDIDATE_RANK1":"ANANTH MOGHAN K.K.","CANDIDATE_RANK2":"S. MUTHUSAMY","CANDIDATE_RANK3":"M. YUVARAJA","CANDIDATE_RANK4":"N. VIJAY","VOTES_RANK1":96836.0,"VOTES_RANK2":74586.0,"VOTES_RANK3":38185.0,"VOTES_RANK4":8124.0,"VOTES_RANK1_PERCENTAGE":43.74,"VOTES_RANK2_PERCENTAGE":33.69,"VOTES_RANK3_PERCENTAGE":17.25,"VOTES_RANK4_PERCENTAGE":3.67,"COLOR":null,"ID":27578}},{"type":"Feature","geometry":{"type":"Polygon","coordinates":[[[77.365,11.5666],[77.3696,11.5624],[77.3653,11.5297],[77.3782,11.5287],[77.3784,11.507],[77.3632,11.502],[77.3621,11.5162],[77.3558,11.5115],[77.3585,11.509],[77.3529,11.5059],[77.3499,11.4949],[77.3502,11.486],[77.3693,11.4754],[77.3842,11.4735],[77.4021,11.4804],[77.4084,11.4721],[77.4167,11.4782],[77.4329,11.4765],[77.4413,11.4862],[77.4492,11.4868],[77.454,11.495],[77.4634,11.4951],[77.479,11.5067],[77.4837,11.5041],[77.4765,11.4931],[77.48,11.4821],[77.4732,11.478],[77.4694,11.4841],[77.4641,11.4826],[77.4596,11.4751],[77.4617,11.4613],[77.4707,11.4631],[77.4792,11.457],[77.4793,11.4506],[77.4673,11.4458],[77.4688,11.4395],[77.4732,11.4407],[77.469,11.4263],[77.478,11.4197],[77.456,11.4239],[77.4618,11.4201],[77.4675,11.4067],[77.4812,11.4092],[77.4812,11.4035],[77.4945,11.398],[77.4958,11.4033],[77.4979,11.3752],[77.5054,11.3697],[77.5036,11.3597],[77.4803,11.357],[77.4773,11.3411],[77.4664,11.3309],[77.4283,11.3304],[77.4259,11.3162],[77.4184,11.3094],[77.3865,11.3222],[77.3806,11.3339],[77.3653,11.3406],[77.362,11.3384],[77.3668,11.3265],[77.3636,11.3173],[77.3334,11.3168],[77.3345,11.3061],[77.3447,11.3007],[77.3483,11.2881],[77.3413,11.2675],[77.3347,11.2635],[77.3364,11.2576],[77.3333,11.2576],[77.3184,11.2604],[77.2958,11.2727],[77.3074,11.2751],[77.3139,11.2815],[77.2947,11.2862],[77.2862,11.2927],[77.2921,11.3307],[77.2882,11.3403],[77.2876,11.3336],[77.2815,11.3344],[77.2536,11.3103],[77.2502,11.3137],[77.2547,11.32],[77.2507,11.33],[77.2472,11.3293],[77.2477,11.325],[77.2382,11.3222],[77.2416,11.3053],[77.2191,11.3038],[77.2171,11.2982],[77.2112,11.2978],[77.2021,11.3019],[77.2042,11.31],[77.2181,11.3059],[77.2264,11.3176],[77.2365,11.3141],[77.2345,11.3312],[77.2215,11.3403],[77.2348,11.351],[77.2181,11.3523],[77.1966,11.3388],[77.1871,11.342],[77.1794,11.3592],[77.1922,11.3681],[77.2072,11.398],[77.2122,11.3941],[77.2205,11.3985],[77.2478,11.3912],[77.2459,11.3988],[77.2551,11.4134],[77.2442,11.4144],[77.2503,11.4345],[77.2631,11.4259],[77.2709,11.4314],[77.2835,11.4314],[77.2881,11.4442],[77.297,11.4433],[77.297,11.4639],[77.2899,11.4664],[77.2794,11.4821],[77.2814,11.4919],[77.2964,11.492],[77.2907,11.5029],[77.2942,11.5191],[77.3134,11.5052],[77.3167,11.5188],[77.3314,11.538],[77.3349,11.5396],[77.3429,11.531],[77.3586,11.5628],[77.365,11.5666]]]},"properties":{"STATE":"TAMIL NADU","DISTRICT":"ERODE","AC_NAME":"GOBICHETTIPALAYAM","AC":"AC","YEAR":2026.0,"RES":"GEN","ELECTORS":239198.0,"VOTERS":219727.0,"TURNOUT":91.86,"MARGIN":16620.0,"MARGIN_PERCENTAGE":7.56,"PARTY_RANK1":"TVK","PARTY_RANK2":"DMK","PARTY_RANK3":"AIADMK","PARTY_RANK4":"NTK","CANDIDATE_RANK1":"SENGOTTAIYAN.K.A","CANDIDATE_RANK2":"NALLASIVAM.N","CANDIDATE_RANK3":"PRABHU.V.B","CANDIDATE_RANK4":"SEETHALAKSHMI.M.K","VOTES_RANK1":82612.0,"VOTES_RANK2":65992.0,"VOTES_RANK3":56232.0,"VOTES_RANK4":8137.0,"VOTES_RANK1_PERCENTAGE":37.6,"VOTES_RANK2_PERCENTAGE":30.03,"VOTES_RANK3_PERCENTAGE":25.59,"VOTES_RANK4_PERCENTAGE":3.7,"COLOR":null,"ID":27582}},{"type":"Feature","geometry":{"type":"Polygon","coordinates":[[[77.778,11.3115],[77.791,11.2926],[77.8102,11.266],[77.8386,11.2615],[77.8616,11.2462],[77.8707,11.2159],[77.8613,11.1859],[77.8656,11.1749],[77.8802,11.1626],[77.8849,11.1528],[77.8816,11.1255],[77.8878,11.0868],[77.8932,11.0777],[77.9043,11.0732],[77.933,11.0702],[77.9195,11.0468],[77.9069,11.0457],[77.9001,11.0343],[77.8879,11.0321],[77.8755,11.0236],[77.8547,11.0311],[77.8514,11.0463],[77.8307,11.0477],[77.8285,11.0625],[77.8179,11.0703],[77.8093,11.0703],[77.8047,11.0631],[77.7939,11.0674],[77.7797,11.0629],[77.7778,11.054],[77.7389,11.084],[77.7338,11.0839],[77.7299,11.0776],[77.711,11.0785],[77.7013,11.0918],[77.663,11.1014],[77.6573,11.1066],[77.6544,11.1133],[77.6585,11.122],[77.6502,11.1427],[77.6523,11.1552],[77.6455,11.16],[77.6515,11.176],[77.6433,11.1903],[77.6471,11.2038],[77.6549,11.2086],[77.6575,11.2176],[77.676,11.2174],[77.6821,11.2124],[77.6886,11.2176],[77.6878,11.2357],[77.6772,11.2332],[77.6681,11.2485],[77.6744,11.2651],[77.6784,11.2652],[77.682,11.2557],[77.6866,11.2804],[77.6914,11.2851],[77.7118,11.2923],[77.7236,11.2921],[77.7266,11.3072],[77.733,11.3101],[77.7339,11.3169],[77.7526,11.3183],[77.7553,11.3241],[77.7651,11.3197],[77.7648,11.3146],[77.7758,11.3008],[77.7729,11.3081],[77.778,11.3115]]]},"properties":{"STATE":"TAMIL NADU","DISTRICT":"ERODE","AC_NAME":"MODAKKURICHI","AC":"AC","YEAR":2026.0,"RES":"GEN","ELECTORS":207697.0,"VOTERS":190759.0,"TURNOUT":91.84,"MARGIN":2430.0,"MARGIN_PERCENTAGE":1.27,"PARTY_RANK1":"TVK","PARTY_RANK2":"BJP","PARTY_RANK3":"DMK","PARTY_RANK4":"NTK","CANDIDATE_RANK1":"D.SHANMUGAN","CANDIDATE_RANK2":"S.KIRTHIKA","CANDIDATE_RANK3":"S.SENTHILNATHAN","CANDIDATE_RANK4":"M.ARUNKUMAR","VOTES_RANK1":60715.0,"VOTES_RANK2":58285.0,"VOTES_RANK3":58236.0,"VOTES_RANK4":6723.0,"VOTES_RANK1_PERCENTAGE":31.83,"VOTES_RANK2_PERCENTAGE":30.55,"VOTES_RANK3_PERCENTAGE":30.53,"VOTES_RANK4_PERCENTAGE":3.52,"COLOR":null,"ID":27635}},{"type":"Feature","geometry":{"type":"Polygon","coordinates":[[[77.5137,11.4094],[77.5189,11.4081],[77.5199,11.3888],[77.5489,11.3739],[77.5759,11.3917],[77.5836,11.3923],[77.5875,11.4051],[77.5943,11.4068],[77.604,11.4005],[77.6155,11.4055],[77.6217,11.3976],[77.6409,11.3974],[77.6219,11.3647],[77.634,11.3393],[77.6239,11.3276],[77.6269,11.3242],[77.6188,11.3108],[77.6133,11.2813],[77.6167,11.2783],[77.6062,11.2723],[77.6052,11.2571],[77.5955,11.2437],[77.6045,11.2209],[77.6032,11.2127],[77.5949,11.2083],[77.5694,11.2062],[77.5674,11.1867],[77.5758,11.1682],[77.575,11.1592],[77.5577,11.1611],[77.555,11.156],[77.5473,11.1698],[77.5341,11.1693],[77.5311,11.1639],[77.5229,11.1648],[77.5138,11.1588],[77.5136,11.1525],[77.5087,11.1542],[77.5066,11.1428],[77.4983,11.1454],[77.4934,11.1409],[77.5021,11.1291],[77.5006,11.1088],[77.486,11.1172],[77.4705,11.1187],[77.4652,11.1147],[77.4538,11.1201],[77.4265,11.1295],[77.4023,11.1221],[77.3921,11.1189],[77.3772,11.1268],[77.3768,11.1353],[77.3964,11.1359],[77.3909,11.1586],[77.401,11.1571],[77.4055,11.1995],[77.3848,11.2066],[77.3799,11.2221],[77.3737,11.2238],[77.3732,11.2376],[77.3822,11.2391],[77.3858,11.2566],[77.3901,11.2574],[77.377,11.2955],[77.3638,11.302],[77.3636,11.3173],[77.3668,11.3265],[77.362,11.3384],[77.3653,11.3406],[77.3806,11.3339],[77.3865,11.3222],[77.4184,11.3094],[77.4259,11.3162],[77.4283,11.3304],[77.4664,11.3309],[77.4773,11.3411],[77.4803,11.357],[77.5036,11.3597],[77.5054,11.3697],[77.4979,11.3752],[77.4958,11.4033],[77.5015,11.4057],[77.5001,11.4105],[77.5137,11.4094]]]},"properties":{"STATE":"TAMIL NADU","DISTRICT":"ERODE","AC_NAME":"PERUNDURAI","AC":"AC","YEAR":2026.0,"RES":"GEN","ELECTORS":214451.0,"VOTERS":200686.0,"TURNOUT":93.58,"MARGIN":9693.0,"MARGIN_PERCENTAGE":4.83,"PARTY_RANK1":"AIADMK","PARTY_RANK2":"DMK","PARTY_RANK3":"TVK","PARTY_RANK4":"NTK","CANDIDATE_RANK1":"JAYAKUMAR. S","CANDIDATE_RANK2":"THOPPU VENKATACHALAM (ALIAS) N.D. VENKATACHALAM","CANDIDATE_RANK3":"ARUNACHALAM. V. P","CANDIDATE_RANK4":"INGUR. C. LOGANATHAN","VOTES_RANK1":70302.0,"VOTES_RANK2":60609.0,"VOTES_RANK3":59483.0,"VOTES_RANK4":6468.0,"VOTES_RANK1_PERCENTAGE":35.03,"VOTES_RANK2_PERCENTAGE":30.2,"VOTES_RANK3_PERCENTAGE":29.64,"VOTES_RANK4_PERCENTAGE":3.22,"COLOR":"#007500","ID":27668}},{"type":"Feature","geometry":{"type":"Polygon","coordinates":[[[80.1884,13.0267],[80.2001,13.0299],[80.2099,13.0271],[80.1997,13.0224],[80.1992,13.0168],[80.2134,13.0066],[80.2069,12.9962],[80.2036,12.9835],[80.2089,12.9787],[80.1962,12.9757],[80.1884,12.9635],[80.1823,12.9589],[80.1809,12.9668],[80.1676,12.9672],[80.1609,12.9723],[80.1479,12.9667],[80.1445,12.9715],[80.1486,12.9931],[80.1254,12.9862],[80.1105,13.0049],[80.1112,13.0105],[80.1034,13.0129],[80.1129,13.0187],[80.1128,13.024],[80.1187,13.0235],[80.1192,13.0285],[80.1248,13.0283],[80.1294,13.0339],[80.1294,13.0522],[80.1388,13.0532],[80.1482,13.0387],[80.1442,13.0383],[80.1458,13.0316],[80.1591,13.0322],[80.1638,13.0281],[80.1647,13.0322],[80.1832,13.0249],[80.1884,13.0267]]]},"properties":{"STATE":"TAMIL NADU","DISTRICT":"KANCHEEPURAM","AC_NAME":"ALANDUR","AC":"AC","YEAR":2026.0,"RES":"GEN","ELECTORS":301127.0,"VOTERS":261570.0,"TURNOUT":86.86,"MARGIN":29609.0,"MARGIN_PERCENTAGE":11.32,"PARTY_RANK1":"TVK","PARTY_RANK2":"DMK","PARTY_RANK3":"AIADMK","PARTY_RANK4":"NTK","CANDIDATE_RANK1":"M.HARISH","CANDIDATE_RANK2":"T.M.ANBARASAN","CANDIDATE_RANK3":"S.SARAVANAN","CANDIDATE_RANK4":"Y.G.MAHALAKSHMI","VOTES_RANK1":112205.0,"VOTES_RANK2":82596.0,"VOTES_RANK3":52243.0,"VOTES_RANK4":10405.0,"VOTES_RANK1_PERCENTAGE":42.9,"VOTES_RANK2_PERCENTAGE":31.58,"VOTES_RANK3_PERCENTAGE":19.97,"VOTES_RANK4_PERCENTAGE":3.98,"COLOR":null,"ID":27533}},{"type":"Feature","geometry":{"type":"Polygon","coordinates":[[[80.1136,12.9017],[80.1224,12.8898],[80.1353,12.8902],[80.1355,12.8827],[80.1229,12.8712],[80.1231,12.8637],[80.1295,12.861],[80.1614,12.8763],[80.1708,12.8599],[80.1679,12.8547],[80.1561,12.8521],[80.1423,12.8553],[80.1338,12.8329],[80.1465,12.8249],[80.1481,12.812],[80.1347,12.8178],[80.1368,12.8036],[80.1307,12.7986],[80.1371,12.7931],[80.1292,12.7829],[80.1078,12.7895],[80.1046,12.7816],[80.0961,12.7845],[80.0887,12.7793],[80.088,12.7705],[80.0771,12.7544],[80.0697,12.7547],[80.0629,12.7485],[80.0583,12.7506],[80.0491,12.7374],[80.0318,12.7403],[80.0364,12.7361],[80.0302,12.7194],[80.052,12.7064],[80.0407,12.7065],[80.0423,12.6974],[80.0377,12.6961],[80.0456,12.6769],[80.0372,12.6702],[80.0432,12.6612],[80.0339,12.6581],[80.0321,12.6629],[80.0241,12.6654],[80.0238,12.6739],[80.0058,12.6768],[79.9992,12.6632],[79.9888,12.6654],[79.9757,12.6582],[79.9676,12.6292],[79.9459,12.6319],[79.9472,12.6427],[79.9536,12.6441],[79.9482,12.6581],[79.9527,12.6623],[79.9582,12.6989],[79.9526,12.6991],[79.9535,12.709],[79.9194,12.7549],[79.9043,12.755],[79.8871,12.7653],[79.8839,12.7765],[79.8747,12.7807],[79.8984,12.7836],[79.9088,12.7987],[79.9234,12.7957],[79.9276,12.799],[79.9383,12.7858],[79.9415,12.7918],[79.9579,12.7916],[79.9647,12.8087],[79.9594,12.8101],[79.9577,12.8251],[79.9627,12.8162],[80.0098,12.8081],[80.0104,12.8144],[80.0302,12.8243],[80.056,12.853],[80.0592,12.8627],[80.0553,12.889],[80.0626,12.8994],[80.0963,12.8912],[80.1067,12.9031],[80.1136,12.9017]]]},"properties":{"STATE":"TAMIL NADU","DISTRICT":"KANCHEEPURAM","AC_NAME":"CHENGALPATTU","AC":"AC","YEAR":2026.0,"RES":"GEN","ELECTORS":372889.0,"VOTERS":324010.0,"TURNOUT":86.89,"MARGIN":35641.0,"MARGIN_PERCENTAGE":11.0,"PARTY_RANK1":"TVK","PARTY_RANK2":"DMK","PARTY_RANK3":"AIADMK","PARTY_RANK4":"NTK","CANDIDATE_RANK1":"S. THIYAGARAJAN","CANDIDATE_RANK2":"KARTHIK DHANDAPANI","CANDIDATE_RANK3":"M. GAJENDRAN","CANDIDATE_RANK4":"AMUTHA. N","VOTES_RANK1":137136.0,"VOTES_RANK2":101495.0,"VOTES_RANK3":69763.0,"VOTES_RANK4":12032.0,"VOTES_RANK1_PERCENTAGE":42.32,"VOTES_RANK2_PERCENTAGE":31.32,"VOTES_RANK3_PERCENTAGE":21.53,"VOTES_RANK4_PERCENTAGE":3.71,"COLOR":null,"ID":27559}},{"type":"Feature","geometry":{"type":"MultiPolygon","coordinates":[[[[79.9817,12.4315],[79.9798,12.4216],[79.9727,12.4174],[79.9695,12.4329],[79.9585,12.442],[79.9613,12.451],[79.965,12.4536],[79.9817,12.4315]]],[[[79.9817,12.5693],[79.9949,12.572],[80.0076,12.5629],[80.0084,12.5535],[80.0195,12.5546],[80.0261,12.5503],[80.028,12.5646],[80.0318,12.5633],[80.0451,12.5544],[80.0477,12.5462],[80.0598,12.5424],[80.0635,12.5521],[80.0566,12.5616],[80.0764,12.567],[80.0812,12.5634],[80.0812,12.5567],[80.1003,12.5419],[80.1192,12.5489],[80.1261,12.5407],[80.1312,12.5474],[80.1352,12.5454],[80.135,12.559],[80.1404,12.5588],[80.1523,12.5452],[80.1541,12.5297],[80.1652,12.5259],[80.1539,12.4483],[80.1377,12.4106],[80.0568,12.3262],[80.0043,12.2478],[79.9869,12.2498],[79.9774,12.2354],[79.9601,12.2333],[79.956,12.2277],[79.9445,12.2409],[79.9253,12.2475],[79.9244,12.2307],[79.9141,12.2351],[79.9008,12.2289],[79.8854,12.235],[79.8727,12.2425],[79.8586,12.2658],[79.8408,12.2792],[79.8445,12.2801],[79.8413,12.2887],[79.8322,12.298],[79.8277,12.3121],[79.8186,12.312],[79.7977,12.3369],[79.7997,12.3489],[79.8062,12.3486],[79.8025,12.3545],[79.8049,12.3665],[79.7877,12.3743],[79.7909,12.3813],[79.7877,12.3841],[79.7839,12.3812],[79.7839,12.3863],[79.7949,12.3965],[79.8087,12.3863],[79.8277,12.388],[79.8445,12.4183],[79.8344,12.4238],[79.8302,12.417],[79.8221,12.4267],[79.8141,12.4273],[79.8155,12.435],[79.8293,12.4523],[79.8387,12.4478],[79.8584,12.4605],[79.8612,12.4493],[79.8931,12.4394],[79.8866,12.4322],[79.8974,12.4247],[79.8867,12.4144],[79.8897,12.4071],[79.9004,12.4083],[79.9024,12.3672],[79.91,12.3624],[79.9223,12.3683],[79.9244,12.3558],[79.9447,12.3524],[79.9439,12.3395],[79.9571,12.3437],[79.9841,12.3341],[79.982,12.3421],[79.9887,12.3522],[79.9861,12.3615],[79.9959,12.3895],[79.9945,12.4151],[79.9911,12.4161],[79.9957,12.4325],[79.9675,12.4558],[79.9807,12.4788],[79.9805,12.4935],[79.9931,12.5121],[79.9848,12.5284],[80.0101,12.5264],[80.0036,12.5399],[79.9723,12.5559],[79.9646,12.5768],[79.9727,12.5774],[79.9744,12.5721],[79.9817,12.5693]]]]},"properties":{"STATE":"TAMIL NADU","DISTRICT":"KANCHEEPURAM","AC_NAME":"CHEYYUR","AC":"AC","YEAR":2026.0,"RES":"SC","ELECTORS":204049.0,"VOTERS":187584.0,"TURNOUT":91.93,"MARGIN":5668.0,"MARGIN_PERCENTAGE":3.02,"PARTY_RANK1":"AIADMK","PARTY_RANK2":"TVK","PARTY_RANK3":"VCK","PARTY_RANK4":"NTK","CANDIDATE_RANK1":"RAJASEKAR. E","CANDIDATE_RANK2":"MOHAN RAJA.M.G.K","CANDIDATE_RANK3":"SINTHANAI SELVAN","CANDIDATE_RANK4":"SWATHILAKSHMI SEKAR","VOTES_RANK1":63809.0,"VOTES_RANK2":58141.0,"VOTES_RANK3":57909.0,"VOTES_RANK4":4853.0,"VOTES_RANK1_PERCENTAGE":34.02,"VOTES_RANK2_PERCENTAGE":30.99,"VOTES_RANK3_PERCENTAGE":30.87,"VOTES_RANK4_PERCENTAGE":2.59,"COLOR":"#007500","ID":27563}},{"type":"Feature","geometry":{"type":"Polygon","coordinates":[[[79.7633,12.9542],[79.7735,12.9508],[79.7861,12.9555],[79.7885,12.9505],[79.7781,12.9371],[79.7766,12.9178],[79.7854,12.9167],[79.7861,12.9223],[79.7965,12.9231],[79.8096,12.9157],[79.8065,12.9101],[79.8115,12.8995],[79.8259,12.8992],[79.8321,12.8951],[79.8311,12.8915],[79.8428,12.8899],[79.8581,12.8785],[79.8688,12.8814],[79.909,12.8671],[79.9061,12.8516],[79.8914,12.8403],[79.8813,12.8448],[79.872,12.8397],[79.8638,12.8404],[79.8634,12.836],[79.8502,12.8437],[79.8401,12.8396],[79.8262,12.8421],[79.828,12.8366],[79.8335,12.8363],[79.8306,12.8315],[79.7942,12.8356],[79.7795,12.8353],[79.7804,12.8272],[79.7656,12.8273],[79.7556,12.8184],[79.7585,12.8149],[79.7521,12.816],[79.7437,12.8101],[79.7243,12.8093],[79.7213,12.8152],[79.7053,12.8205],[79.698,12.7996],[79.6753,12.799],[79.6401,12.81],[79.6321,12.8216],[79.5951,12.8287],[79.5795,12.8427],[79.5569,12.8517],[79.5599,12.8528],[79.566,12.8587],[79.5585,12.8725],[79.558,12.884],[79.5648,12.8871],[79.5683,12.8991],[79.6039,12.9075],[79.6368,12.9245],[79.662,12.9304],[79.6589,12.9493],[79.7005,12.9749],[79.7207,12.9804],[79.7419,12.9935],[79.7521,12.9948],[79.7684,12.989],[79.77,12.9835],[79.7637,12.9819],[79.7633,12.9542]]]},"properties":{"STATE":"TAMIL NADU","DISTRICT":"KANCHEEPURAM","AC_NAME":"KANCHEEPURAM","AC":"AC","YEAR":2026.0,"RES":"GEN","ELECTORS":278841.0,"VOTERS":246317.0,"TURNOUT":88.34,"MARGIN":15488.0,"MARGIN_PERCENTAGE":6.29,"PARTY_RANK1":"TVK","PARTY_RANK2":"AIADMK","PARTY_RANK3":"DMK","PARTY_RANK4":"NTK","CANDIDATE_RANK1":"R.V. RANJITHKUMAR","CANDIDATE_RANK2":"V. SOMASUNDARAM","CANDIDATE_RANK3":"NITHYA SUGUMAR","CANDIDATE_RANK4":"VETRISELVI","VOTES_RANK1":91350.0,"VOTES_RANK2":75862.0,"VOTES_RANK3":69344.0,"VOTES_RANK4":6950.0,"VOTES_RANK1_PERCENTAGE":37.09,"VOTES_RANK2_PERCENTAGE":30.8,"VOTES_RANK3_PERCENTAGE":28.15,"VOTES_RANK4_PERCENTAGE":2.82,"COLOR":null,"ID":27594}},{"type":"Feature","geometry":{"type":"Polygon","coordinates":[[[79.9439,12.7017],[79.9526,12.6991],[79.9582,12.6989],[79.9527,12.6623],[79.9482,12.6581],[79.9536,12.6441],[79.9472,12.6427],[79.9459,12.6319],[79.9487,12.6135],[79.9442,12.6143],[79.9617,12.5883],[79.9646,12.5768],[79.9723,12.5559],[80.0036,12.5399],[80.0101,12.5264],[79.9848,12.5284],[79.9931,12.5121],[79.9805,12.4935],[79.9807,12.4788],[79.9675,12.4558],[79.9957,12.4325],[79.9911,12.4161],[79.9945,12.4151],[79.9959,12.3895],[79.9861,12.3615],[79.9887,12.3522],[79.982,12.3421],[79.9841,12.3341],[79.9571,12.3437],[79.9439,12.3395],[79.9447,12.3524],[79.9244,12.3558],[79.9223,12.3683],[79.91,12.3624],[79.9024,12.3672],[79.9004,12.4083],[79.8897,12.4071],[79.8867,12.4144],[79.8974,12.4247],[79.8866,12.4322],[79.8931,12.4394],[79.8612,12.4493],[79.8584,12.4605],[79.8387,12.4478],[79.8293,12.4523],[79.8155,12.435],[79.8141,12.4273],[79.8221,12.4267],[79.8302,12.417],[79.8344,12.4238],[79.8445,12.4183],[79.8277,12.388],[79.8087,12.3863],[79.7949,12.3965],[79.7839,12.3863],[79.7839,12.3812],[79.7877,12.3841],[79.7909,12.3813],[79.7877,12.3743],[79.8049,12.3665],[79.8025,12.3545],[79.8062,12.3486],[79.7997,12.3489],[79.7977,12.3369],[79.7783,12.3383],[79.7606,12.3293],[79.7595,12.3248],[79.7486,12.3239],[79.7091,12.3372],[79.7011,12.3352],[79.6987,12.3248],[79.6897,12.3248],[79.6829,12.316],[79.6565,12.3262],[79.6423,12.3449],[79.6459,12.3612],[79.6639,12.3666],[79.6667,12.375],[79.66,12.3773],[79.6668,12.3882],[79.6804,12.3929],[79.6856,12.4],[79.6954,12.398],[79.6957,12.4094],[79.6866,12.4147],[79.6892,12.4183],[79.7053,12.4136],[79.7034,12.4301],[79.714,12.4276],[79.7157,12.4363],[79.7356,12.429],[79.7384,12.4392],[79.7316,12.447],[79.7326,12.4529],[79.7495,12.458],[79.7454,12.4633],[79.7442,12.4834],[79.7388,12.4837],[79.7347,12.4926],[79.7234,12.4937],[79.723,12.4978],[79.7272,12.501],[79.7382,12.496],[79.7403,12.5018],[79.7492,12.5036],[79.7489,12.5079],[79.7565,12.5127],[79.7557,12.5247],[79.7486,12.5248],[79.7435,12.5324],[79.7558,12.5438],[79.752,12.551],[79.7576,12.5608],[79.775,12.5503],[79.7771,12.5573],[79.7946,12.5608],[79.7979,12.5686],[79.8182,12.5661],[79.8204,12.5703],[79.8251,12.5692],[79.8216,12.5827],[79.8128,12.5896],[79.8179,12.6016],[79.806,12.629],[79.8239,12.6248],[79.8263,12.6202],[79.8449,12.6242],[79.8463,12.6308],[79.8671,12.6262],[79.8731,12.6265],[79.8744,12.6327],[79.8895,12.6311],[79.8984,12.6407],[79.9137,12.64],[79.9218,12.6344],[79.9268,12.6365],[79.9292,12.6417],[79.9166,12.6866],[79.9184,12.6959],[79.9439,12.7017]],[[79.9613,12.451],[79.9585,12.442],[79.9695,12.4329],[79.9727,12.4174],[79.9798,12.4216],[79.9817,12.4315],[79.965,12.4536],[79.9613,12.451]]]},"properties":{"STATE":"TAMIL NADU","DISTRICT":"KANCHEEPURAM","AC_NAME":"MADURANTAKAM","AC":"AC","YEAR":2026.0,"RES":"SC","ELECTORS":212666.0,"VOTERS":198251.0,"TURNOUT":93.22,"MARGIN":7194.0,"MARGIN_PERCENTAGE":3.63,"PARTY_RANK1":"AIADMK","PARTY_RANK2":"TVK","PARTY_RANK3":"DMK","PARTY_RANK4":"NTK","CANDIDATE_RANK1":"MARAGATHAM KUMARAVEL.K","CANDIDATE_RANK2":"EZHIL KATHARINE EZHILMALAI","CANDIDATE_RANK3":"S.AMULU PONMALAR","CANDIDATE_RANK4":"G.JANAKIRAMAN","VOTES_RANK1":69284.0,"VOTES_RANK2":62090.0,"VOTES_RANK3":59838.0,"VOTES_RANK4":4950.0,"VOTES_RANK1_PERCENTAGE":34.95,"VOTES_RANK2_PERCENTAGE":31.32,"VOTES_RANK3_PERCENTAGE":30.18,"VOTES_RANK4_PERCENTAGE":2.5,"COLOR":"#007500","ID":27624}},{"type":"Feature","geometry":{"type":"Polygon","coordinates":[[[80.1479,12.9667],[80.1609,12.9723],[80.1676,12.9672],[80.1809,12.9668],[80.1823,12.9589],[80.1884,12.9635],[80.1857,12.9597],[80.1916,12.9513],[80.1828,12.9461],[80.1713,12.9461],[80.1632,12.9376],[80.149,12.9346],[80.1269,12.9487],[80.109,12.9468],[80.1018,12.951],[80.1254,12.9862],[80.1486,12.9931],[80.1445,12.9715],[80.1479,12.9667]]]},"properties":{"STATE":"TAMIL NADU","DISTRICT":"KANCHEEPURAM","AC_NAME":"PALLAVARAM","AC":"AC","YEAR":2026.0,"RES":"GEN","ELECTORS":337024.0,"VOTERS":283677.0,"TURNOUT":84.17,"MARGIN":54693.0,"MARGIN_PERCENTAGE":19.28,"PARTY_RANK1":"TVK","PARTY_RANK2":"DMDK","PARTY_RANK3":"AIADMK","PARTY_RANK4":"NTK","CANDIDATE_RANK1":"J.KAMATCHI","CANDIDATE_RANK2":"D.MURUGESAN","CANDIDATE_RANK3":"V.VENKATESAN","CANDIDATE_RANK4":"DR.R.KARTHIKEYAN","VOTES_RANK1":133611.0,"VOTES_RANK2":78918.0,"VOTES_RANK3":48921.0,"VOTES_RANK4":14065.0,"VOTES_RANK1_PERCENTAGE":47.1,"VOTES_RANK2_PERCENTAGE":27.82,"VOTES_RANK3_PERCENTAGE":17.25,"VOTES_RANK4_PERCENTAGE":4.96,"COLOR":null,"ID":27656}},{"type":"Feature","geometry":{"type":"Polygon","coordinates":[[[80.2089,12.9787],[80.2211,12.9657],[80.2435,12.9801],[80.2433,12.9839],[80.2529,12.9804],[80.2528,12.977],[80.2669,12.9753],[80.2495,12.8573],[80.2217,12.8525],[80.2167,12.8552],[80.2066,12.877],[80.1982,12.8669],[80.1959,12.8517],[80.1784,12.8657],[80.1721,12.8835],[80.1742,12.8956],[80.1633,12.9101],[80.17,12.9151],[80.1704,12.9219],[80.1632,12.9376],[80.1713,12.9461],[80.1828,12.9461],[80.1916,12.9513],[80.1857,12.9597],[80.1884,12.9635],[80.1962,12.9757],[80.2089,12.9787]]]},"properties":{"STATE":"TAMIL NADU","DISTRICT":"KANCHEEPURAM","AC_NAME":"SHOZHINGANALLUR","AC":"AC","YEAR":2026.0,"RES":"GEN","ELECTORS":553978.0,"VOTERS":447295.0,"TURNOUT":80.74,"MARGIN":96780.0,"MARGIN_PERCENTAGE":21.64,"PARTY_RANK1":"TVK","PARTY_RANK2":"DMK","PARTY_RANK3":"AIADMK","PARTY_RANK4":"NTK","CANDIDATE_RANK1":"ECR P SARAVANAN","CANDIDATE_RANK2":"S. ARAVIND RAMESH","CANDIDATE_RANK3":"K.P.KANDAN","CANDIDATE_RANK4":"R JAYALAKSHMI","VOTES_RANK1":220382.0,"VOTES_RANK2":123602.0,"VOTES_RANK3":74112.0,"VOTES_RANK4":21919.0,"VOTES_RANK1_PERCENTAGE":49.27,"VOTES_RANK2_PERCENTAGE":27.63,"VOTES_RANK3_PERCENTAGE":16.57,"VOTES_RANK4_PERCENTAGE":4.9,"COLOR":null,"ID":27693}},{"type":"Feature","geometry":{"type":"Polygon","coordinates":[[[79.9916,13.0534],[79.9788,13.0492],[79.9782,13.0401],[79.9742,13.0389],[79.9844,13.0307],[79.9909,13.0347],[79.9957,13.0499],[80.0018,13.0448],[80.0212,13.0449],[80.0232,13.037],[80.045,13.0407],[80.0413,13.0322],[80.0492,13.027],[80.0576,13.0301],[80.0607,13.0386],[80.0707,13.0398],[80.0791,13.0191],[80.0825,13.0238],[80.0815,13.0453],[80.0943,13.0454],[80.1025,13.0392],[80.099,13.0354],[80.1047,13.0279],[80.1128,13.024],[80.1129,13.0187],[80.1034,13.0129],[80.1112,13.0105],[80.1105,13.0049],[80.1254,12.9862],[80.1018,12.951],[80.092,12.9438],[80.0873,12.9294],[80.0626,12.8994],[80.0553,12.889],[80.0592,12.8627],[80.056,12.853],[80.0302,12.8243],[80.0104,12.8144],[80.0098,12.8081],[79.9627,12.8162],[79.9577,12.8251],[79.9594,12.8101],[79.9647,12.8087],[79.9579,12.7916],[79.9415,12.7918],[79.9383,12.7858],[79.9276,12.799],[79.9234,12.7957],[79.9088,12.7987],[79.9018,12.822],[79.9102,12.8357],[79.9061,12.8516],[79.909,12.8671],[79.8688,12.8814],[79.8581,12.8785],[79.8428,12.8899],[79.8311,12.8915],[79.8321,12.8951],[79.8259,12.8992],[79.8115,12.8995],[79.8065,12.9101],[79.8096,12.9157],[79.7965,12.9231],[79.7861,12.9223],[79.7854,12.9167],[79.7766,12.9178],[79.7781,12.9371],[79.7885,12.9505],[79.7861,12.9555],[79.7735,12.9508],[79.7633,12.9542],[79.7637,12.9819],[79.77,12.9835],[79.7684,12.989],[79.7521,12.9948],[79.7419,12.9935],[79.7486,13.0037],[79.7677,13.0168],[79.7895,13.0249],[79.7966,13.0277],[79.801,13.015],[79.8106,13.0182],[79.814,13.0131],[79.8184,12.9927],[79.8121,12.9892],[79.8203,12.9878],[79.8211,12.9618],[79.8324,12.9637],[79.8313,12.9575],[79.8482,12.9564],[79.852,12.9476],[79.8807,12.9483],[79.8896,12.9446],[79.9014,12.9656],[79.9094,12.9657],[79.9137,12.9782],[79.8893,12.9937],[79.8989,12.9952],[79.9084,13.0042],[79.9299,12.9899],[79.9424,13.0014],[79.9418,13.0086],[79.92,13.0143],[79.92,13.0195],[79.911,13.0147],[79.9004,13.017],[79.9004,13.0299],[79.8971,13.0318],[79.9006,13.0495],[79.9177,13.0477],[79.9182,13.035],[79.9489,13.0327],[79.9556,13.0378],[79.9688,13.0375],[79.9714,13.0501],[79.9837,13.052],[79.9865,13.0562],[79.9916,13.0534]]]},"properties":{"STATE":"TAMIL NADU","DISTRICT":"KANCHEEPURAM","AC_NAME":"SRIPERUMBUDUR","AC":"AC","YEAR":2026.0,"RES":"SC","ELECTORS":381807.0,"VOTERS":331088.0,"TURNOUT":86.72,"MARGIN":54246.0,"MARGIN_PERCENTAGE":16.38,"PARTY_RANK1":"TVK","PARTY_RANK2":"INC","PARTY_RANK3":"AIADMK","PARTY_RANK4":"NTK","CANDIDATE_RANK1":"THENNARASU.K","CANDIDATE_RANK2":"K. SELVAPERUNTHAGAI","CANDIDATE_RANK3":"K. PALANI","CANDIDATE_RANK4":"M. SINDHU EZHILARASAN","VOTES_RANK1":147611.0,"VOTES_RANK2":93365.0,"VOTES_RANK3":73182.0,"VOTES_RANK4":13150.0,"VOTES_RANK1_PERCENTAGE":44.58,"VOTES_RANK2_PERCENTAGE":28.2,"VOTES_RANK3_PERCENTAGE":22.1,"VOTES_RANK4_PERCENTAGE":3.97,"COLOR":null,"ID":27698}},{"type":"Feature","geometry":{"type":"Polygon","coordinates":[[[80.109,12.9468],[80.1269,12.9487],[80.149,12.9346],[80.1632,12.9376],[80.1704,12.9219],[80.17,12.9151],[80.1633,12.9101],[80.1742,12.8956],[80.1721,12.8835],[80.1784,12.8657],[80.1708,12.8599],[80.1614,12.8763],[80.1295,12.861],[80.1231,12.8637],[80.1229,12.8712],[80.1355,12.8827],[80.1353,12.8902],[80.1224,12.8898],[80.1136,12.9017],[80.1067,12.9031],[80.0963,12.8912],[80.0626,12.8994],[80.0873,12.9294],[80.092,12.9438],[80.1018,12.951],[80.109,12.9468]]]},"properties":{"STATE":"TAMIL NADU","DISTRICT":"KANCHEEPURAM","AC_NAME":"TAMBARAM","AC":"AC","YEAR":2026.0,"RES":"GEN","ELECTORS":330181.0,"VOTERS":278809.0,"TURNOUT":84.44,"MARGIN":35621.0,"MARGIN_PERCENTAGE":12.78,"PARTY_RANK1":"TVK","PARTY_RANK2":"DMK","PARTY_RANK3":"AIADMK","PARTY_RANK4":"NTK","CANDIDATE_RANK1":"D.SARATHKUMAR","CANDIDATE_RANK2":"R.S.KIRUTHIKA DEVI","CANDIDATE_RANK3":"C.RAJENDRAN","CANDIDATE_RANK4":"S.TAMILCHELVI","VOTES_RANK1":118967.0,"VOTES_RANK2":83346.0,"VOTES_RANK3":61991.0,"VOTES_RANK4":11627.0,"VOTES_RANK1_PERCENTAGE":42.67,"VOTES_RANK2_PERCENTAGE":29.89,"VOTES_RANK3_PERCENTAGE":22.23,"VOTES_RANK4_PERCENTAGE":4.17,"COLOR":null,"ID":27703}},{"type":"Feature","geometry":{"type":"Polygon","coordinates":[[[80.1784,12.8657],[80.1959,12.8517],[80.1982,12.8669],[80.2066,12.877],[80.2167,12.8552],[80.2217,12.8525],[80.2495,12.8573],[80.2478,12.8103],[80.2547,12.7808],[80.2009,12.6321],[80.2007,12.6172],[80.1652,12.5259],[80.1541,12.5297],[80.1523,12.5452],[80.1404,12.5588],[80.135,12.559],[80.1352,12.5454],[80.1312,12.5474],[80.1261,12.5407],[80.1192,12.5489],[80.1003,12.5419],[80.0812,12.5567],[80.0812,12.5634],[80.0764,12.567],[80.0566,12.5616],[80.0635,12.5521],[80.0598,12.5424],[80.0477,12.5462],[80.0451,12.5544],[80.0318,12.5633],[80.028,12.5646],[80.0261,12.5503],[80.0195,12.5546],[80.0084,12.5535],[80.0076,12.5629],[79.9949,12.572],[79.9817,12.5693],[79.9744,12.5721],[79.9727,12.5774],[79.9646,12.5768],[79.9617,12.5883],[79.9442,12.6143],[79.9487,12.6135],[79.9459,12.6319],[79.9676,12.6292],[79.9757,12.6582],[79.9888,12.6654],[79.9992,12.6632],[80.0058,12.6768],[80.0238,12.6739],[80.0241,12.6654],[80.0321,12.6629],[80.0339,12.6581],[80.0432,12.6612],[80.0372,12.6702],[80.0456,12.6769],[80.0377,12.6961],[80.0423,12.6974],[80.0407,12.7065],[80.052,12.7064],[80.0302,12.7194],[80.0364,12.7361],[80.0318,12.7403],[80.0491,12.7374],[80.0583,12.7506],[80.0629,12.7485],[80.0697,12.7547],[80.0771,12.7544],[80.088,12.7705],[80.0887,12.7793],[80.0961,12.7845],[80.1046,12.7816],[80.1078,12.7895],[80.1292,12.7829],[80.1371,12.7931],[80.1307,12.7986],[80.1368,12.8036],[80.1347,12.8178],[80.1481,12.812],[80.1465,12.8249],[80.1338,12.8329],[80.1423,12.8553],[80.1561,12.8521],[80.1679,12.8547],[80.1708,12.8599],[80.1784,12.8657]]]},"properties":{"STATE":"TAMIL NADU","DISTRICT":"KANCHEEPURAM","AC_NAME":"THIRUPORUR","AC":"AC","YEAR":2026.0,"RES":"GEN","ELECTORS":294452.0,"VOTERS":262409.0,"TURNOUT":89.12,"MARGIN":39351.0,"MARGIN_PERCENTAGE":15.0,"PARTY_RANK1":"TVK","PARTY_RANK2":"VCK","PARTY_RANK3":"PMK","PARTY_RANK4":"NTK","CANDIDATE_RANK1":"B.VIJAYARAJ","CANDIDATE_RANK2":"R. PANNEERDOSS","CANDIDATE_RANK3":"K. BALU","CANDIDATE_RANK4":"AMBETH RAJAN","VOTES_RANK1":110095.0,"VOTES_RANK2":70744.0,"VOTES_RANK3":67392.0,"VOTES_RANK4":9616.0,"VOTES_RANK1_PERCENTAGE":41.96,"VOTES_RANK2_PERCENTAGE":26.96,"VOTES_RANK3_PERCENTAGE":25.68,"VOTES_RANK4_PERCENTAGE":3.66,"COLOR":null,"ID":27710}},{"type":"Feature","geometry":{"type":"Polygon","coordinates":[[[79.7942,12.8356],[79.8306,12.8315],[79.8335,12.8363],[79.828,12.8366],[79.8262,12.8421],[79.8401,12.8396],[79.8502,12.8437],[79.8634,12.836],[79.8638,12.8404],[79.872,12.8397],[79.8813,12.8448],[79.8914,12.8403],[79.9061,12.8516],[79.9102,12.8357],[79.9018,12.822],[79.9088,12.7987],[79.8984,12.7836],[79.8747,12.7807],[79.8839,12.7765],[79.8871,12.7653],[79.9043,12.755],[79.9194,12.7549],[79.9535,12.709],[79.9526,12.6991],[79.9439,12.7017],[79.9184,12.6959],[79.9166,12.6866],[79.9292,12.6417],[79.9268,12.6365],[79.9218,12.6344],[79.9137,12.64],[79.8984,12.6407],[79.8895,12.6311],[79.8744,12.6327],[79.8731,12.6265],[79.8671,12.6262],[79.8463,12.6308],[79.8449,12.6242],[79.8263,12.6202],[79.8239,12.6248],[79.806,12.629],[79.8179,12.6016],[79.8128,12.5896],[79.8216,12.5827],[79.8251,12.5692],[79.8204,12.5703],[79.8182,12.5661],[79.7979,12.5686],[79.7946,12.5608],[79.7771,12.5573],[79.775,12.5503],[79.7576,12.5608],[79.752,12.551],[79.7558,12.5438],[79.7435,12.5324],[79.715,12.5495],[79.7198,12.5645],[79.7064,12.5692],[79.7065,12.5723],[79.7164,12.5815],[79.7251,12.5786],[79.7252,12.5879],[79.6979,12.594],[79.6888,12.6021],[79.6731,12.5929],[79.6666,12.5932],[79.6535,12.6032],[79.6458,12.603],[79.643,12.613],[79.6463,12.6251],[79.6367,12.6267],[79.6302,12.6327],[79.6308,12.6384],[79.6463,12.6698],[79.6824,12.6677],[79.7422,12.6933],[79.7441,12.7019],[79.7345,12.7017],[79.7367,12.718],[79.7154,12.7244],[79.7138,12.7282],[79.7414,12.7336],[79.7447,12.7439],[79.7318,12.7559],[79.709,12.7583],[79.7086,12.777],[79.7042,12.7805],[79.7032,12.7769],[79.6967,12.777],[79.6775,12.7909],[79.6699,12.7869],[79.6693,12.7778],[79.6574,12.7766],[79.6582,12.7675],[79.6535,12.7646],[79.6466,12.7728],[79.6497,12.7826],[79.6352,12.7862],[79.6425,12.8022],[79.6401,12.81],[79.6753,12.799],[79.698,12.7996],[79.7053,12.8205],[79.7213,12.8152],[79.7243,12.8093],[79.7437,12.8101],[79.7521,12.816],[79.7585,12.8149],[79.7556,12.8184],[79.7656,12.8273],[79.7804,12.8272],[79.7795,12.8353],[79.7942,12.8356]]]},"properties":{"STATE":"TAMIL NADU","DISTRICT":"KANCHEEPURAM","AC_NAME":"UTHIRAMERUR","AC":"AC","YEAR":2026.0,"RES":"GEN","ELECTORS":246248.0,"VOTERS":227765.0,"TURNOUT":92.49,"MARGIN":14223.0,"MARGIN_PERCENTAGE":6.24,"PARTY_RANK1":"TVK","PARTY_RANK2":"DMK","PARTY_RANK3":"PMK","PARTY_RANK4":"NTK","CANDIDATE_RANK1":"MUNIRATHINAM.J","CANDIDATE_RANK2":"SUNDAR.K","CANDIDATE_RANK3":"MAGESHKUMAR.P","CANDIDATE_RANK4":"MARAM MASILAMANI.B.S","VOTES_RANK1":84917.0,"VOTES_RANK2":70694.0,"VOTES_RANK3":62809.0,"VOTES_RANK4":5783.0,"VOTES_RANK1_PERCENTAGE":37.28,"VOTES_RANK2_PERCENTAGE":31.04,"VOTES_RANK3_PERCENTAGE":27.58,"VOTES_RANK4_PERCENTAGE":2.54,"COLOR":null,"ID":27745}},{"type":"Feature","geometry":{"type":"MultiPolygon","coordinates":[[[[77.3018,8.1402],[77.3014,8.1406],[77.3018,8.1405],[77.3018,8.1402]]],[[[77.3016,8.1407],[77.3015,8.1408],[77.3016,8.141],[77.3016,8.1407]]],[[[77.3011,8.1407],[77.3006,8.1407],[77.3009,8.1411],[77.3011,8.1407]]],[[[77.3017,8.1412],[77.3015,8.1412],[77.3016,8.1415],[77.3017,8.1412]]],[[[77.3014,8.1414],[77.3009,8.1414],[77.3012,8.142],[77.3014,8.1414]]],[[[77.251,8.1679],[77.2503,8.1682],[77.2507,8.1688],[77.251,8.1679]]],[[[77.2463,8.1716],[77.2451,8.1697],[77.2433,8.1708],[77.2463,8.1716]]],[[[77.2373,8.1762],[77.2403,8.1745],[77.2356,8.1756],[77.2373,8.1762]]],[[[77.2273,8.1873],[77.2268,8.1875],[77.2271,8.1883],[77.2273,8.1873]]],[[[77.3979,8.2342],[77.3948,8.2272],[77.3893,8.2148],[77.3983,8.1961],[77.3934,8.1836],[77.386,8.1754],[77.3803,8.1751],[77.3776,8.1876],[77.3707,8.1836],[77.351,8.1634],[77.3539,8.1516],[77.3382,8.1462],[77.3306,8.1359],[77.3256,8.1399],[77.3254,8.1694],[77.316,8.1706],[77.3174,8.1533],[77.3042,8.1367],[77.2996,8.1457],[77.2813,8.1589],[77.2547,8.1722],[77.2474,8.1717],[77.2328,8.1803],[77.2275,8.19],[77.239,8.2082],[77.2706,8.2132],[77.3256,8.2276],[77.3314,8.2402],[77.3532,8.2281],[77.3553,8.2334],[77.3643,8.2324],[77.3953,8.2526],[77.3979,8.2342]],[[77.2449,8.1738],[77.2447,8.1744],[77.2441,8.1742],[77.2449,8.1738]]],[[[77.2762,8.2367],[77.2723,8.231],[77.2586,8.2339],[77.2534,8.2307],[77.243,8.2416],[77.243,8.2488],[77.2484,8.2546],[77.2427,8.2662],[77.2462,8.2678],[77.2498,8.272],[77.2475,8.2819],[77.2548,8.296],[77.2533,8.3018],[77.2755,8.2886],[77.2962,8.2628],[77.2959,8.2461],[77.2762,8.2367]]]]},"properties":{"STATE":"TAMIL NADU","DISTRICT":"KANNIYAKUMARI","AC_NAME":"COLACHAL","AC":"AC","YEAR":2026.0,"RES":"GEN","ELECTORS":266055.0,"VOTERS":199013.0,"TURNOUT":74.8,"MARGIN":2833.0,"MARGIN_PERCENTAGE":1.42,"PARTY_RANK1":"INC","PARTY_RANK2":"TVK","PARTY_RANK3":"BJP","PARTY_RANK4":"NTK","CANDIDATE_RANK1":"THARAHAI CUTHBERT","CANDIDATE_RANK2":"PREM ALEX LAWRENCE","CANDIDATE_RANK3":"SIVAKUMAR. T","CANDIDATE_RANK4":"ANCY SHOBA RANI. L","VOTES_RANK1":66207.0,"VOTES_RANK2":63374.0,"VOTES_RANK3":54384.0,"VOTES_RANK4":12458.0,"VOTES_RANK1_PERCENTAGE":33.27,"VOTES_RANK2_PERCENTAGE":31.84,"VOTES_RANK3_PERCENTAGE":27.33,"VOTES_RANK4_PERCENTAGE":6.26,"COLOR":"#00BFFF","ID":27567}},{"type":"Feature","geometry":{"type":"Polygon","coordinates":[[[77.499,8.3814],[77.5075,8.3864],[77.5194,8.3819],[77.5237,8.3899],[77.5313,8.3924],[77.5416,8.3786],[77.5337,8.3679],[77.5347,8.3605],[77.5418,8.3356],[77.5325,8.3357],[77.5346,8.3251],[77.5308,8.3191],[77.5421,8.3111],[77.548,8.2961],[77.5641,8.2793],[77.5533,8.2767],[77.5627,8.2754],[77.5583,8.2695],[77.5632,8.2692],[77.5631,8.2601],[77.5741,8.2554],[77.5767,8.2442],[77.5698,8.2485],[77.5696,8.2434],[77.5485,8.2448],[77.5453,8.2404],[77.5417,8.2319],[77.5456,8.2274],[77.5406,8.2216],[77.5499,8.2202],[77.5444,8.2168],[77.5438,8.2057],[77.5496,8.2057],[77.5455,8.1958],[77.5529,8.1919],[77.5418,8.1853],[77.5469,8.1797],[77.5384,8.1743],[77.5392,8.1627],[77.5708,8.1521],[77.5835,8.1547],[77.582,8.1488],[77.5882,8.1473],[77.5898,8.1403],[77.5828,8.1373],[77.5659,8.1174],[77.5659,8.1015],[77.5712,8.0933],[77.5614,8.0881],[77.5559,8.0766],[77.5309,8.0767],[77.5262,8.0812],[77.4115,8.1036],[77.4132,8.1255],[77.4214,8.1293],[77.4253,8.1533],[77.4528,8.1503],[77.451,8.166],[77.4593,8.17],[77.4587,8.1802],[77.4647,8.1841],[77.4685,8.1971],[77.4689,8.2052],[77.4656,8.2035],[77.4619,8.2078],[77.4548,8.2077],[77.4457,8.1999],[77.4413,8.2078],[77.4424,8.2256],[77.4399,8.2327],[77.4356,8.2195],[77.4252,8.2267],[77.4182,8.2194],[77.415,8.2244],[77.3948,8.2272],[77.3979,8.2342],[77.3953,8.2526],[77.3794,8.2724],[77.3837,8.2771],[77.3809,8.2923],[77.3946,8.2991],[77.3834,8.3139],[77.4049,8.3433],[77.4016,8.3616],[77.3903,8.3657],[77.3907,8.3739],[77.406,8.4013],[77.4036,8.4112],[77.4194,8.425],[77.4301,8.4269],[77.4377,8.4334],[77.4423,8.4423],[77.4406,8.4608],[77.4458,8.4745],[77.4575,8.468],[77.4668,8.4687],[77.4637,8.4631],[77.4725,8.4517],[77.464,8.4419],[77.4633,8.4304],[77.4686,8.4152],[77.4727,8.4164],[77.4725,8.4014],[77.4885,8.3893],[77.4905,8.3806],[77.499,8.3814]]]},"properties":{"STATE":"TAMIL NADU","DISTRICT":"KANNIYAKUMARI","AC_NAME":"KANNIYAKUMARI","AC":"AC","YEAR":2026.0,"RES":"GEN","ELECTORS":289561.0,"VOTERS":239150.0,"TURNOUT":82.59,"MARGIN":214.0,"MARGIN_PERCENTAGE":0.09,"PARTY_RANK1":"AIADMK","PARTY_RANK2":"DMK","PARTY_RANK3":"TVK","PARTY_RANK4":"NTK","CANDIDATE_RANK1":"THALAVAI SUNDARAM. N","CANDIDATE_RANK2":"MAHESH.R","CANDIDATE_RANK3":"MADHAVAN.S.R","CANDIDATE_RANK4":"MARIA JENNIFER","VOTES_RANK1":75045.0,"VOTES_RANK2":74831.0,"VOTES_RANK3":72977.0,"VOTES_RANK4":13689.0,"VOTES_RANK1_PERCENTAGE":31.38,"VOTES_RANK2_PERCENTAGE":31.29,"VOTES_RANK3_PERCENTAGE":30.52,"VOTES_RANK4_PERCENTAGE":5.72,"COLOR":"#007500","ID":27596}},{"type":"Feature","geometry":{"type":"Polygon","coordinates":[[[77.1733,8.3194],[77.1802,8.3234],[77.1771,8.3261],[77.1829,8.325],[77.1882,8.3098],[77.1771,8.3],[77.1757,8.2938],[77.1826,8.2857],[77.1833,8.2779],[77.1976,8.276],[77.2027,8.28],[77.2189,8.2807],[77.2309,8.2696],[77.2462,8.2678],[77.2427,8.2662],[77.2484,8.2546],[77.243,8.2488],[77.243,8.2416],[77.2534,8.2307],[77.2586,8.2339],[77.2723,8.231],[77.2706,8.2132],[77.239,8.2082],[77.2275,8.19],[77.2215,8.1975],[77.1862,8.2171],[77.1522,8.2519],[77.0978,8.2925],[77.103,8.307],[77.1134,8.3048],[77.1165,8.3102],[77.1224,8.3094],[77.119,8.3214],[77.1295,8.3222],[77.1288,8.3251],[77.1484,8.3322],[77.154,8.3276],[77.1685,8.3342],[77.1733,8.3194]]]},"properties":{"STATE":"TAMIL NADU","DISTRICT":"KANNIYAKUMARI","AC_NAME":"KILLIYOOR","AC":"AC","YEAR":2026.0,"RES":"GEN","ELECTORS":247289.0,"VOTERS":177534.0,"TURNOUT":71.79,"MARGIN":1311.0,"MARGIN_PERCENTAGE":0.74,"PARTY_RANK1":"INC","PARTY_RANK2":"TVK","PARTY_RANK3":"BJP","PARTY_RANK4":"NTK","CANDIDATE_RANK1":"RAJESH KUMAR. S","CANDIDATE_RANK2":"SABIN. S","CANDIDATE_RANK3":"NIVIN SIMON. J","CANDIDATE_RANK4":"HIMLAR","VOTES_RANK1":66434.0,"VOTES_RANK2":65123.0,"VOTES_RANK3":31070.0,"VOTES_RANK4":12764.0,"VOTES_RANK1_PERCENTAGE":37.42,"VOTES_RANK2_PERCENTAGE":36.68,"VOTES_RANK3_PERCENTAGE":17.5,"VOTES_RANK4_PERCENTAGE":7.19,"COLOR":"#00BFFF","ID":27602}},{"type":"Feature","geometry":{"type":"Polygon","coordinates":[[[77.4424,8.2256],[77.4413,8.2078],[77.4457,8.1999],[77.4548,8.2077],[77.4619,8.2078],[77.4656,8.2035],[77.4689,8.2052],[77.4685,8.1971],[77.4647,8.1841],[77.4587,8.1802],[77.4593,8.17],[77.451,8.166],[77.4528,8.1503],[77.4253,8.1533],[77.4214,8.1293],[77.4132,8.1255],[77.4115,8.1036],[77.3372,8.1259],[77.3306,8.1359],[77.3382,8.1462],[77.3539,8.1516],[77.351,8.1634],[77.3707,8.1836],[77.3776,8.1876],[77.3803,8.1751],[77.386,8.1754],[77.3934,8.1836],[77.3983,8.1961],[77.3893,8.2148],[77.3948,8.2272],[77.415,8.2244],[77.4182,8.2194],[77.4252,8.2267],[77.4356,8.2195],[77.4399,8.2327],[77.4424,8.2256]]]},"properties":{"STATE":"TAMIL NADU","DISTRICT":"KANNIYAKUMARI","AC_NAME":"NAGERCOIL","AC":"AC","YEAR":2026.0,"RES":"GEN","ELECTORS":259361.0,"VOTERS":196280.0,"TURNOUT":75.68,"MARGIN":7570.0,"MARGIN_PERCENTAGE":3.86,"PARTY_RANK1":"DMK","PARTY_RANK2":"TVK","PARTY_RANK3":"BJP","PARTY_RANK4":"NTK","CANDIDATE_RANK1":"AUSTIN","CANDIDATE_RANK2":"BERVIN KINGS G","CANDIDATE_RANK3":"GANDHI M R","CANDIDATE_RANK4":"MUTHUKUMAR M","VOTES_RANK1":69880.0,"VOTES_RANK2":62310.0,"VOTES_RANK3":52355.0,"VOTES_RANK4":8573.0,"VOTES_RANK1_PERCENTAGE":35.6,"VOTES_RANK2_PERCENTAGE":31.75,"VOTES_RANK3_PERCENTAGE":26.67,"VOTES_RANK4_PERCENTAGE":4.37,"COLOR":"#000000","ID":27640}},{"type":"Feature","geometry":{"type":"MultiPolygon","coordinates":[[[[77.3174,8.1215],[77.3171,8.1216],[77.3173,8.1219],[77.3174,8.1215]]],[[[77.3226,8.1226],[77.3229,8.1224],[77.3225,8.122],[77.3226,8.1226]]],[[[77.325,8.1231],[77.3246,8.1236],[77.3251,8.1236],[77.325,8.1231]]],[[[77.3106,8.1259],[77.3108,8.125],[77.3102,8.1254],[77.3106,8.1259]]],[[[77.3098,8.1259],[77.3051,8.129],[77.3097,8.127],[77.3098,8.1259]]],[[[77.3306,8.1359],[77.3372,8.1259],[77.3257,8.1272],[77.3223,8.1225],[77.3155,8.1221],[77.3119,8.1248],[77.311,8.1267],[77.307,8.1286],[77.3057,8.1307],[77.3037,8.1316],[77.3042,8.1367],[77.3174,8.1533],[77.316,8.1706],[77.3254,8.1694],[77.3256,8.1399],[77.3306,8.1359]],[[77.324,8.1253],[77.3248,8.1266],[77.3233,8.126],[77.324,8.1253]]],[[[77.3475,8.5448],[77.351,8.5463],[77.3501,8.5427],[77.3572,8.538],[77.3607,8.5407],[77.3641,8.5304],[77.3756,8.5167],[77.3784,8.5225],[77.3902,8.5227],[77.4293,8.5108],[77.4342,8.5047],[77.4397,8.5057],[77.4463,8.4984],[77.4487,8.487],[77.4454,8.4849],[77.4458,8.4745],[77.4406,8.4608],[77.4423,8.4423],[77.4377,8.4334],[77.4301,8.4269],[77.4194,8.425],[77.4036,8.4112],[77.406,8.4013],[77.3907,8.3739],[77.3903,8.3657],[77.4016,8.3616],[77.4049,8.3433],[77.3834,8.3139],[77.3946,8.2991],[77.3809,8.2923],[77.3837,8.2771],[77.3794,8.2724],[77.3953,8.2526],[77.3643,8.2324],[77.3553,8.2334],[77.3532,8.2281],[77.3314,8.2402],[77.3256,8.2276],[77.2706,8.2132],[77.2723,8.231],[77.2762,8.2367],[77.2959,8.2461],[77.2962,8.2628],[77.2755,8.2886],[77.2533,8.3018],[77.2489,8.3107],[77.2526,8.3204],[77.2466,8.3339],[77.2538,8.3428],[77.2471,8.3475],[77.2592,8.3549],[77.2598,8.3957],[77.2617,8.3998],[77.2756,8.4031],[77.286,8.4215],[77.2903,8.4209],[77.294,8.4286],[77.3047,8.4342],[77.3126,8.4584],[77.3042,8.4729],[77.3075,8.4868],[77.302,8.4927],[77.3036,8.5107],[77.3123,8.5202],[77.3146,8.5393],[77.3335,8.5415],[77.3341,8.5532],[77.3475,8.5448]]]]},"properties":{"STATE":"TAMIL NADU","DISTRICT":"KANNIYAKUMARI","AC_NAME":"PADMANABHAPURAM","AC":"AC","YEAR":2026.0,"RES":"GEN","ELECTORS":237160.0,"VOTERS":180555.0,"TURNOUT":76.13,"MARGIN":15569.0,"MARGIN_PERCENTAGE":8.62,"PARTY_RANK1":"CPI(M)","PARTY_RANK2":"TVK","PARTY_RANK3":"BJP","PARTY_RANK4":"NTK","CANDIDATE_RANK1":"CHELLASWAMY. R","CANDIDATE_RANK2":"KRISHNA KUMAR. S","CANDIDATE_RANK3":"RAMESH. P","CANDIDATE_RANK4":"SEELAN","VOTES_RANK1":68938.0,"VOTES_RANK2":53369.0,"VOTES_RANK3":44293.0,"VOTES_RANK4":11288.0,"VOTES_RANK1_PERCENTAGE":38.18,"VOTES_RANK2_PERCENTAGE":29.56,"VOTES_RANK3_PERCENTAGE":24.53,"VOTES_RANK4_PERCENTAGE":6.25,"COLOR":"#FF0000","ID":27651}},{"type":"Feature","geometry":{"type":"Polygon","coordinates":[[[77.3341,8.5532],[77.3335,8.5415],[77.3146,8.5393],[77.3123,8.5202],[77.3036,8.5107],[77.302,8.4927],[77.3075,8.4868],[77.3042,8.4729],[77.3126,8.4584],[77.3047,8.4342],[77.294,8.4286],[77.2903,8.4209],[77.286,8.4215],[77.2756,8.4031],[77.2617,8.3998],[77.2598,8.3957],[77.2592,8.3549],[77.2471,8.3475],[77.2538,8.3428],[77.2466,8.3339],[77.2526,8.3204],[77.2489,8.3107],[77.2533,8.3018],[77.2548,8.296],[77.2475,8.2819],[77.2498,8.272],[77.2462,8.2678],[77.2309,8.2696],[77.2189,8.2807],[77.2027,8.28],[77.1976,8.276],[77.1833,8.2779],[77.1826,8.2857],[77.1757,8.2938],[77.1771,8.3],[77.1882,8.3098],[77.1829,8.325],[77.1771,8.3261],[77.1682,8.3349],[77.1667,8.3427],[77.1747,8.3494],[77.1739,8.3586],[77.1679,8.3636],[77.1521,8.3548],[77.1607,8.3741],[77.1597,8.381],[77.1517,8.381],[77.1514,8.3848],[77.1607,8.3899],[77.1682,8.3845],[77.1819,8.3962],[77.1826,8.4043],[77.1972,8.4199],[77.1964,8.4285],[77.2063,8.4446],[77.2274,8.4476],[77.2248,8.4615],[77.2135,8.4707],[77.211,8.492],[77.2016,8.4985],[77.2022,8.5018],[77.214,8.5128],[77.2296,8.5092],[77.2394,8.4966],[77.251,8.5055],[77.2619,8.5065],[77.2745,8.5376],[77.2837,8.547],[77.2741,8.5601],[77.269,8.5789],[77.2871,8.5669],[77.2887,8.5703],[77.3341,8.5532]]]},"properties":{"STATE":"TAMIL NADU","DISTRICT":"KANNIYAKUMARI","AC_NAME":"VILAVANCODE","AC":"AC","YEAR":2026.0,"RES":"GEN","ELECTORS":228697.0,"VOTERS":174927.0,"TURNOUT":76.49,"MARGIN":20970.0,"MARGIN_PERCENTAGE":11.99,"PARTY_RANK1":"INC","PARTY_RANK2":"TVK","PARTY_RANK3":"BJP","PARTY_RANK4":"NTK","CANDIDATE_RANK1":"PRAVEEN T.T","CANDIDATE_RANK2":"MICHAEL KUMAR K","CANDIDATE_RANK3":"VIJAYADHARANI S","CANDIDATE_RANK4":"MARIA STELLA","VOTES_RANK1":70755.0,"VOTES_RANK2":49785.0,"VOTES_RANK3":45604.0,"VOTES_RANK4":6199.0,"VOTES_RANK1_PERCENTAGE":40.45,"VOTES_RANK2_PERCENTAGE":28.46,"VOTES_RANK3_PERCENTAGE":26.07,"VOTES_RANK4_PERCENTAGE":3.54,"COLOR":"#00BFFF","ID":27759}},{"type":"Feature","geometry":{"type":"Polygon","coordinates":[[[78.0478,11.0786],[78.0529,11.0737],[78.0605,11.0763],[78.0597,11.0545],[78.0434,11.0417],[78.0381,11.029],[78.0158,11.0284],[78.0088,10.9648],[78.0157,10.9533],[78.0261,10.9483],[78.0242,10.9379],[78.0139,10.9402],[78.0033,10.9355],[78.0037,10.9294],[77.9887,10.9128],[77.9923,10.9018],[77.989,10.8863],[78.004,10.8695],[78.0057,10.8545],[78.0271,10.8538],[78.0214,10.84],[78.0131,10.8359],[78.02,10.8288],[78.0284,10.829],[78.0386,10.8225],[78.0423,10.8007],[78.0483,10.804],[78.0536,10.7991],[78.0513,10.787],[78.0564,10.7783],[78.055,10.7724],[78.0434,10.779],[78.033,10.7753],[78.0333,10.7812],[78.028,10.7821],[78.0268,10.776],[78.0223,10.7777],[78.0249,10.7734],[77.9985,10.7743],[77.995,10.7619],[77.9833,10.7596],[77.9404,10.7682],[77.9321,10.7515],[77.9312,10.7365],[77.9525,10.7433],[77.9965,10.7432],[77.9988,10.7293],[78.0115,10.7305],[78.0092,10.7232],[78.0152,10.7199],[78.0092,10.7113],[78.0053,10.6757],[77.9925,10.6714],[77.9702,10.6729],[77.9785,10.6393],[77.9517,10.6396],[77.95,10.6435],[77.9136,10.6483],[77.9089,10.6571],[77.9031,10.6482],[77.897,10.6493],[77.896,10.6455],[77.8809,10.6494],[77.8722,10.6321],[77.8473,10.6389],[77.8352,10.633],[77.8278,10.6344],[77.8126,10.6488],[77.8177,10.6802],[77.8134,10.6775],[77.8086,10.6811],[77.8103,10.6999],[77.8248,10.7155],[77.8212,10.7334],[77.8266,10.7502],[77.8127,10.7587],[77.7972,10.7526],[77.771,10.7674],[77.7776,10.7903],[77.7936,10.7906],[77.7985,10.8063],[77.8184,10.7973],[77.8279,10.7977],[77.8284,10.7919],[77.8362,10.7904],[77.8361,10.7869],[77.8549,10.784],[77.8712,10.7718],[77.8728,10.7759],[77.8922,10.7739],[77.8918,10.7924],[77.8811,10.7892],[77.8722,10.7949],[77.8707,10.8011],[77.8757,10.8086],[77.8731,10.8358],[77.8619,10.8479],[77.8564,10.8494],[77.8463,10.8374],[77.8366,10.8352],[77.8204,10.8583],[77.8077,10.8585],[77.796,10.8662],[77.7946,10.8798],[77.7877,10.8864],[77.7841,10.8739],[77.7766,10.8698],[77.7715,10.8939],[77.7607,10.9045],[77.7703,10.9615],[77.7685,10.9666],[77.7526,10.9659],[77.7501,10.9766],[77.7509,10.9812],[77.7577,10.9792],[77.7586,10.9839],[77.7809,10.998],[77.7897,11.019],[77.7918,11.0332],[77.7822,11.039],[77.7817,11.051],[77.7778,11.054],[77.7797,11.0629],[77.7939,11.0674],[77.8047,11.0631],[77.8093,11.0703],[77.8179,11.0703],[77.8285,11.0625],[77.8307,11.0477],[77.8514,11.0463],[77.8547,11.0311],[77.8755,11.0236],[77.8879,11.0321],[77.9001,11.0343],[77.9069,11.0457],[77.9195,11.0468],[77.933,11.0702],[77.9446,11.0655],[77.9522,11.0669],[77.9941,11.097],[78.0211,11.0934],[78.0478,11.0786]]]},"properties":{"STATE":"TAMIL NADU","DISTRICT":"KARUR","AC_NAME":"ARAVAKURICHI","AC":"AC","YEAR":2026.0,"RES":"GEN","ELECTORS":195538.0,"VOTERS":181078.0,"TURNOUT":92.61,"MARGIN":19382.0,"MARGIN_PERCENTAGE":10.7,"PARTY_RANK1":"DMK","PARTY_RANK2":"TVK","PARTY_RANK3":"AIADMK","PARTY_RANK4":"NTK","CANDIDATE_RANK1":"ELANGO. R","CANDIDATE_RANK2":"KARTHIKEYAN. P","CANDIDATE_RANK3":"SELVAKUMAR. K","CANDIDATE_RANK4":"NAREN. S","VOTES_RANK1":70827.0,"VOTES_RANK2":51445.0,"VOTES_RANK3":49289.0,"VOTES_RANK4":5154.0,"VOTES_RANK1_PERCENTAGE":39.11,"VOTES_RANK2_PERCENTAGE":28.41,"VOTES_RANK3_PERCENTAGE":27.22,"VOTES_RANK4_PERCENTAGE":2.85,"COLOR":"#000000","ID":27546}},{"type":"Feature","geometry":{"type":"Polygon","coordinates":[[[78.0605,11.0763],[78.0899,11.0784],[78.1024,11.074],[78.1123,11.0637],[78.1478,11.0358],[78.1652,11.0123],[78.1698,10.9961],[78.1931,10.9651],[78.1709,10.9572],[78.1702,10.951],[78.1664,10.9558],[78.1653,10.951],[78.1574,10.9489],[78.1471,10.9559],[78.1486,10.966],[78.1433,10.9714],[78.142,10.9818],[78.1359,10.9858],[78.1329,10.9767],[78.1264,10.9731],[78.0997,10.9692],[78.0938,10.9637],[78.1025,10.9629],[78.1061,10.9573],[78.0972,10.9551],[78.0992,10.9487],[78.1162,10.9437],[78.1137,10.937],[78.1051,10.9331],[78.1089,10.9253],[78.1038,10.9119],[78.1049,10.9008],[78.0728,10.8945],[78.0681,10.9097],[78.0531,10.9091],[78.0502,10.9142],[78.0522,10.9445],[78.0405,10.9499],[78.0261,10.9483],[78.0157,10.9533],[78.0088,10.9648],[78.0158,11.0284],[78.0381,11.029],[78.0434,11.0417],[78.0597,11.0545],[78.0605,11.0763]]]},"properties":{"STATE":"TAMIL NADU","DISTRICT":"KARUR","AC_NAME":"KARUR","AC":"AC","YEAR":2026.0,"RES":"GEN","ELECTORS":230068.0,"VOTERS":216829.0,"TURNOUT":94.25,"MARGIN":1821.0,"MARGIN_PERCENTAGE":0.84,"PARTY_RANK1":"AIADMK","PARTY_RANK2":"TVK","PARTY_RANK3":"DMK","PARTY_RANK4":"NTK","CANDIDATE_RANK1":"M.R. VIJAYABHASKAR","CANDIDATE_RANK2":"MATHIYALAGAN V.P","CANDIDATE_RANK3":"AASEE.M. THIAGARAJAN","CANDIDATE_RANK4":"KARUPPAIYA. R","VOTES_RANK1":71542.0,"VOTES_RANK2":69721.0,"VOTES_RANK3":67256.0,"VOTES_RANK4":5465.0,"VOTES_RANK1_PERCENTAGE":32.99,"VOTES_RANK2_PERCENTAGE":32.15,"VOTES_RANK3_PERCENTAGE":31.02,"VOTES_RANK4_PERCENTAGE":2.52,"COLOR":"#007500","ID":27598}},{"type":"Feature","geometry":{"type":"Polygon","coordinates":[[[78.308,10.9596],[78.3078,10.9519],[78.3125,10.9441],[78.3172,10.9436],[78.3161,10.9315],[78.3204,10.9263],[78.3118,10.905],[78.3128,10.8957],[78.2986,10.8865],[78.2775,10.8884],[78.2714,10.8325],[78.2751,10.8245],[78.2727,10.8205],[78.2782,10.8209],[78.2829,10.8147],[78.2898,10.8179],[78.2902,10.8099],[78.3118,10.8085],[78.3052,10.7838],[78.3099,10.7661],[78.3049,10.7567],[78.2842,10.7519],[78.2827,10.7459],[78.2632,10.6157],[78.256,10.6017],[78.2606,10.5975],[78.2624,10.5793],[78.2717,10.5707],[78.2677,10.5526],[78.2533,10.5367],[78.2398,10.529],[78.2374,10.532],[78.2424,10.5408],[78.2272,10.5422],[78.217,10.5402],[78.2148,10.5313],[78.1862,10.5283],[78.1899,10.539],[78.2001,10.5467],[78.1914,10.5523],[78.1907,10.5575],[78.1802,10.5593],[78.1706,10.5542],[78.161,10.5623],[78.1396,10.5638],[78.133,10.5751],[78.1394,10.6013],[78.1665,10.6133],[78.1596,10.6413],[78.1632,10.6495],[78.1453,10.6497],[78.1456,10.6772],[78.1538,10.7076],[78.1556,10.7291],[78.1523,10.7411],[78.1679,10.7746],[78.1704,10.7994],[78.1858,10.8194],[78.1806,10.8207],[78.1864,10.833],[78.1806,10.8323],[78.1793,10.8226],[78.1757,10.8354],[78.1732,10.8323],[78.1586,10.8335],[78.158,10.8275],[78.1521,10.8264],[78.1487,10.8047],[78.1052,10.8056],[78.0964,10.7897],[78.1004,10.7796],[78.0981,10.7672],[78.0702,10.7769],[78.0662,10.7669],[78.0568,10.7638],[78.055,10.7724],[78.0564,10.7783],[78.0513,10.787],[78.0536,10.7991],[78.0483,10.804],[78.0423,10.8007],[78.0386,10.8225],[78.0284,10.829],[78.02,10.8288],[78.0131,10.8359],[78.0214,10.84],[78.0271,10.8538],[78.0057,10.8545],[78.004,10.8695],[77.989,10.8863],[77.9923,10.9018],[77.9887,10.9128],[78.0037,10.9294],[78.0033,10.9355],[78.0139,10.9402],[78.0242,10.9379],[78.0261,10.9483],[78.0405,10.9499],[78.0522,10.9445],[78.0502,10.9142],[78.0531,10.9091],[78.0681,10.9097],[78.0728,10.8945],[78.1049,10.9008],[78.1038,10.9119],[78.1089,10.9253],[78.1051,10.9331],[78.1137,10.937],[78.1162,10.9437],[78.0992,10.9487],[78.0972,10.9551],[78.1061,10.9573],[78.1025,10.9629],[78.0938,10.9637],[78.0997,10.9692],[78.1264,10.9731],[78.1329,10.9767],[78.1359,10.9858],[78.142,10.9818],[78.1433,10.9714],[78.1486,10.966],[78.1471,10.9559],[78.1574,10.9489],[78.1653,10.951],[78.1664,10.9558],[78.1702,10.951],[78.1709,10.9572],[78.1931,10.9651],[78.2077,10.958],[78.2488,10.968],[78.308,10.9596]]]},"properties":{"STATE":"TAMIL NADU","DISTRICT":"KARUR","AC_NAME":"KRISHNARAYAPURAM","AC":"AC","YEAR":2026.0,"RES":"SC","ELECTORS":203090.0,"VOTERS":189357.0,"TURNOUT":93.24,"MARGIN":3503.0,"MARGIN_PERCENTAGE":1.85,"PARTY_RANK1":"TVK","PARTY_RANK2":"AIADMK","PARTY_RANK3":"DMK","PARTY_RANK4":"NTK","CANDIDATE_RANK1":"SATHYA. M","CANDIDATE_RANK2":"DR. DHIVYA. S","CANDIDATE_RANK3":"RAJA. C.K","CANDIDATE_RANK4":"SATHIYA. V","VOTES_RANK1":62378.0,"VOTES_RANK2":58875.0,"VOTES_RANK3":57292.0,"VOTES_RANK4":6102.0,"VOTES_RANK1_PERCENTAGE":32.94,"VOTES_RANK2_PERCENTAGE":31.09,"VOTES_RANK3_PERCENTAGE":30.26,"VOTES_RANK4_PERCENTAGE":3.22,"COLOR":null,"ID":27610}},{"type":"Feature","geometry":{"type":"Polygon","coordinates":[[[78.4651,10.9193],[78.4635,10.9155],[78.4763,10.9095],[78.468,10.8867],[78.4771,10.8828],[78.4921,10.8937],[78.5091,10.8852],[78.5463,10.8796],[78.5589,10.8688],[78.5583,10.864],[78.5779,10.8524],[78.5787,10.8436],[78.575,10.8446],[78.5715,10.8343],[78.5859,10.8315],[78.5855,10.8247],[78.5759,10.8085],[78.5543,10.8136],[78.5446,10.7947],[78.5581,10.787],[78.5561,10.7805],[78.5636,10.7818],[78.5689,10.7776],[78.5625,10.7628],[78.5688,10.7474],[78.5646,10.7345],[78.5514,10.7226],[78.5441,10.7239],[78.5317,10.7126],[78.5169,10.7074],[78.5135,10.6949],[78.4872,10.6989],[78.4844,10.703],[78.4601,10.7038],[78.4596,10.6927],[78.4542,10.6862],[78.4325,10.6843],[78.4223,10.6716],[78.4069,10.6735],[78.4007,10.6803],[78.4046,10.6941],[78.3974,10.6896],[78.374,10.7188],[78.3784,10.7263],[78.3449,10.721],[78.3416,10.7073],[78.3317,10.7092],[78.3276,10.7056],[78.3186,10.7075],[78.3161,10.7027],[78.2928,10.7019],[78.2893,10.7126],[78.292,10.7216],[78.2827,10.7459],[78.2842,10.7519],[78.3049,10.7567],[78.3099,10.7661],[78.3052,10.7838],[78.3118,10.8085],[78.2902,10.8099],[78.2898,10.8179],[78.2829,10.8147],[78.2782,10.8209],[78.2727,10.8205],[78.2751,10.8245],[78.2714,10.8325],[78.2775,10.8884],[78.2986,10.8865],[78.3128,10.8957],[78.3118,10.905],[78.3204,10.9263],[78.3161,10.9315],[78.3172,10.9436],[78.3125,10.9441],[78.3078,10.9519],[78.308,10.9596],[78.3816,10.9612],[78.4093,10.9571],[78.4651,10.9193]]]},"properties":{"STATE":"TAMIL NADU","DISTRICT":"KARUR","AC_NAME":"KULITHALAI","AC":"AC","YEAR":2026.0,"RES":"GEN","ELECTORS":223376.0,"VOTERS":209091.0,"TURNOUT":93.6,"MARGIN":579.0,"MARGIN_PERCENTAGE":0.28,"PARTY_RANK1":"DMK","PARTY_RANK2":"TVK","PARTY_RANK3":"AIADMK","PARTY_RANK4":"NTK","CANDIDATE_RANK1":"SURIYANUR. A. CHANDRAN","CANDIDATE_RANK2":"G.BALASUBRAMANI","CANDIDATE_RANK3":"S.KARUNAKARAN","CANDIDATE_RANK4":"SELVA.NANMAARAN","VOTES_RANK1":68138.0,"VOTES_RANK2":67559.0,"VOTES_RANK3":60317.0,"VOTES_RANK4":7978.0,"VOTES_RANK1_PERCENTAGE":32.59,"VOTES_RANK2_PERCENTAGE":32.31,"VOTES_RANK3_PERCENTAGE":28.85,"VOTES_RANK4_PERCENTAGE":3.82,"COLOR":"#000000","ID":27611}},{"type":"Feature","geometry":{"type":"Polygon","coordinates":[[[78.4126,12.6269],[78.4067,12.6201],[78.4104,12.6136],[78.4073,12.6022],[78.4098,12.5876],[78.4212,12.5702],[78.413,12.5173],[78.4192,12.5137],[78.4152,12.4823],[78.4179,12.4797],[78.434,12.4556],[78.4421,12.4505],[78.436,12.4447],[78.4261,12.4447],[78.416,12.4263],[78.4099,12.4365],[78.4109,12.4436],[78.3916,12.452],[78.3901,12.4436],[78.3767,12.4423],[78.376,12.4287],[78.3686,12.4277],[78.363,12.4116],[78.3772,12.4015],[78.3861,12.401],[78.4037,12.3781],[78.3864,12.3639],[78.389,12.3503],[78.3827,12.3183],[78.3648,12.3179],[78.3506,12.3121],[78.3355,12.318],[78.3306,12.3082],[78.3255,12.2909],[78.3554,12.2713],[78.3489,12.2504],[78.3296,12.2654],[78.3196,12.2594],[78.2999,12.2735],[78.2764,12.2615],[78.2681,12.2615],[78.2603,12.2782],[78.2611,12.2918],[78.2364,12.3023],[78.2341,12.3126],[78.2255,12.318],[78.2371,12.3224],[78.2486,12.317],[78.2584,12.3384],[78.2493,12.3475],[78.2499,12.3709],[78.2358,12.3754],[78.2321,12.3922],[78.2269,12.3976],[78.2428,12.4172],[78.245,12.413],[78.2628,12.4146],[78.2598,12.4268],[78.252,12.4289],[78.2561,12.4407],[78.2476,12.4534],[78.2599,12.4604],[78.2632,12.4704],[78.2602,12.4813],[78.2481,12.4927],[78.2619,12.5247],[78.2595,12.5435],[78.2643,12.5441],[78.2856,12.5722],[78.2825,12.5877],[78.2872,12.6154],[78.2911,12.6438],[78.3002,12.6494],[78.2983,12.66],[78.3026,12.6663],[78.3183,12.662],[78.3322,12.6493],[78.3436,12.6488],[78.3714,12.6272],[78.4126,12.6269]]]},"properties":{"STATE":"TAMIL NADU","DISTRICT":"KRISHNAGIRI","AC_NAME":"BARGUR","AC":"AC","YEAR":2026.0,"RES":"GEN","ELECTORS":240476.0,"VOTERS":213960.0,"TURNOUT":88.97,"MARGIN":4241.0,"MARGIN_PERCENTAGE":1.98,"PARTY_RANK1":"AIADMK","PARTY_RANK2":"TVK","PARTY_RANK3":"DMK","PARTY_RANK4":"NTK","CANDIDATE_RANK1":"E.C. GOVINDARASAN","CANDIDATE_RANK2":"E. MURALIDHARAN","CANDIDATE_RANK3":"D. MATHIAZHAGAN","CANDIDATE_RANK4":"KAVINKUMAR. S","VOTES_RANK1":71240.0,"VOTES_RANK2":66999.0,"VOTES_RANK3":65228.0,"VOTES_RANK4":5462.0,"VOTES_RANK1_PERCENTAGE":33.3,"VOTES_RANK2_PERCENTAGE":31.31,"VOTES_RANK3_PERCENTAGE":30.49,"VOTES_RANK4_PERCENTAGE":2.55,"COLOR":"#007500","ID":27554}},{"type":"Feature","geometry":{"type":"Polygon","coordinates":[[[77.8356,12.8714],[77.8504,12.8659],[77.8667,12.8677],[77.8903,12.8697],[77.8947,12.8785],[77.9084,12.8789],[77.9086,12.8849],[77.9219,12.8842],[77.9294,12.8911],[77.936,12.8835],[77.9273,12.8816],[77.9276,12.8743],[77.9416,12.8723],[77.9411,12.8679],[77.9234,12.8563],[77.9176,12.8389],[77.9208,12.8282],[77.9265,12.8303],[77.941,12.8232],[77.9469,12.8383],[77.9408,12.8453],[77.9409,12.8547],[77.9506,12.8572],[77.953,12.8502],[77.9655,12.8486],[77.9641,12.834],[77.9805,12.8353],[77.9793,12.8277],[77.99,12.8218],[77.9884,12.8086],[78.0085,12.8067],[78.0023,12.7916],[77.9911,12.7881],[77.9949,12.777],[77.9909,12.7622],[77.956,12.7515],[77.9398,12.764],[77.9318,12.7645],[77.9118,12.7105],[77.9019,12.7143],[77.895,12.7068],[77.8944,12.7026],[77.9089,12.6944],[77.9086,12.6718],[77.8984,12.6725],[77.8738,12.6612],[77.8602,12.6634],[77.8554,12.6758],[77.8514,12.6762],[77.8301,12.6517],[77.817,12.6496],[77.8167,12.6401],[77.8081,12.6298],[77.817,12.6252],[77.8164,12.621],[77.8006,12.6078],[77.7938,12.5865],[77.788,12.593],[77.7795,12.5942],[77.7766,12.5879],[77.7684,12.5882],[77.7613,12.5772],[77.7566,12.5799],[77.762,12.5968],[77.7655,12.5945],[77.7727,12.6015],[77.7559,12.6377],[77.7813,12.657],[77.7776,12.6696],[77.7705,12.6721],[77.7654,12.6804],[77.7651,12.6929],[77.7592,12.6971],[77.7637,12.6991],[77.7661,12.7133],[77.7695,12.7124],[77.7746,12.7239],[77.7612,12.7269],[77.7626,12.7352],[77.7699,12.74],[77.7849,12.7411],[77.7918,12.747],[77.7947,12.7581],[77.7788,12.7679],[77.7982,12.7957],[77.8084,12.7967],[77.7996,12.8054],[77.8019,12.8173],[77.8097,12.8156],[77.8098,12.8315],[77.7956,12.8348],[77.7922,12.8431],[77.7971,12.8451],[77.7988,12.852],[77.8077,12.8477],[77.8151,12.8557],[77.8223,12.8559],[77.8356,12.8714]]]},"properties":{"STATE":"TAMIL NADU","DISTRICT":"KRISHNAGIRI","AC_NAME":"HOSUR","AC":"AC","YEAR":2026.0,"RES":"GEN","ELECTORS":343040.0,"VOTERS":277770.0,"TURNOUT":80.97,"MARGIN":27803.0,"MARGIN_PERCENTAGE":10.01,"PARTY_RANK1":"AIADMK","PARTY_RANK2":"TVK","PARTY_RANK3":"DMK","PARTY_RANK4":"NTK","CANDIDATE_RANK1":"BALAKRISHNAREDDY. P","CANDIDATE_RANK2":"VENDARKARASAN.S","CANDIDATE_RANK3":"SATHYA.S.A.","CANDIDATE_RANK4":"STALIN.R","VOTES_RANK1":109867.0,"VOTES_RANK2":82064.0,"VOTES_RANK3":73773.0,"VOTES_RANK4":7632.0,"VOTES_RANK1_PERCENTAGE":39.55,"VOTES_RANK2_PERCENTAGE":29.54,"VOTES_RANK3_PERCENTAGE":26.56,"VOTES_RANK4_PERCENTAGE":2.75,"COLOR":"#007500","ID":27588}},{"type":"Feature","geometry":{"type":"Polygon","coordinates":[[[78.2738,12.6103],[78.2872,12.6154],[78.2825,12.5877],[78.2856,12.5722],[78.2643,12.5441],[78.2595,12.5435],[78.2619,12.5247],[78.2481,12.4927],[78.2602,12.4813],[78.2632,12.4704],[78.2599,12.4604],[78.2476,12.4534],[78.2561,12.4407],[78.252,12.4289],[78.2598,12.4268],[78.2628,12.4146],[78.245,12.413],[78.2428,12.4172],[78.2269,12.3976],[78.2321,12.3922],[78.2358,12.3754],[78.2499,12.3709],[78.2493,12.3475],[78.2584,12.3384],[78.2486,12.317],[78.2371,12.3224],[78.2413,12.3311],[78.2368,12.336],[78.239,12.3437],[78.2349,12.3446],[78.2246,12.3422],[78.2033,12.3277],[78.2013,12.3331],[78.1877,12.3353],[78.1865,12.3317],[78.1788,12.3357],[78.1761,12.3328],[78.1639,12.3508],[78.1657,12.3635],[78.143,12.3701],[78.1299,12.3936],[78.128,12.4101],[78.1317,12.4249],[78.1262,12.434],[78.1098,12.4381],[78.1167,12.4475],[78.1151,12.4508],[78.1065,12.4505],[78.0961,12.4428],[78.0798,12.4489],[78.0759,12.4606],[78.0581,12.4647],[78.0478,12.4752],[78.0513,12.5048],[78.061,12.5202],[78.0625,12.5324],[78.0715,12.5345],[78.0818,12.5583],[78.0918,12.5601],[78.0987,12.5716],[78.0998,12.5914],[78.1072,12.5963],[78.1125,12.6113],[78.1414,12.5994],[78.1422,12.5935],[78.1358,12.5957],[78.1313,12.5882],[78.1328,12.5804],[78.1394,12.5761],[78.1452,12.5794],[78.1626,12.5745],[78.1655,12.5792],[78.1705,12.5785],[78.1703,12.5712],[78.1775,12.5628],[78.1958,12.5645],[78.2007,12.5686],[78.205,12.5791],[78.198,12.6049],[78.2042,12.6146],[78.2187,12.6129],[78.2165,12.6083],[78.2231,12.5993],[78.2396,12.589],[78.2485,12.5994],[78.2513,12.593],[78.2628,12.5917],[78.2606,12.5964],[78.267,12.6173],[78.2738,12.6103]]]},"properties":{"STATE":"TAMIL NADU","DISTRICT":"KRISHNAGIRI","AC_NAME":"KRISHNAGIRI","AC":"AC","YEAR":2026.0,"RES":"GEN","ELECTORS":269394.0,"VOTERS":230181.0,"TURNOUT":85.44,"MARGIN":18844.0,"MARGIN_PERCENTAGE":8.19,"PARTY_RANK1":"TVK","PARTY_RANK2":"AIADMK","PARTY_RANK3":"INC","PARTY_RANK4":"NTK","CANDIDATE_RANK1":"MUKUNDHAN.P","CANDIDATE_RANK2":"ASHOKKUMAR.K","CANDIDATE_RANK3":"CHELLAKUMAR.A","CANDIDATE_RANK4":"SUGANTHI","VOTES_RANK1":89374.0,"VOTES_RANK2":70530.0,"VOTES_RANK3":59597.0,"VOTES_RANK4":6398.0,"VOTES_RANK1_PERCENTAGE":38.83,"VOTES_RANK2_PERCENTAGE":30.64,"VOTES_RANK3_PERCENTAGE":25.89,"VOTES_RANK4_PERCENTAGE":2.78,"COLOR":null,"ID":27609}},{"type":"Feature","geometry":{"type":"Polygon","coordinates":[[[77.7592,12.6971],[77.7651,12.6929],[77.7654,12.6804],[77.7705,12.6721],[77.7776,12.6696],[77.7813,12.657],[77.7559,12.6377],[77.7727,12.6015],[77.7655,12.5945],[77.762,12.5968],[77.7566,12.5799],[77.7613,12.5772],[77.7684,12.5882],[77.7766,12.5879],[77.7795,12.5942],[77.788,12.593],[77.7938,12.5865],[77.8006,12.6078],[77.8164,12.621],[77.817,12.6252],[77.8081,12.6298],[77.8167,12.6401],[77.817,12.6496],[77.8301,12.6517],[77.8514,12.6762],[77.8554,12.6758],[77.8602,12.6634],[77.8738,12.6612],[77.8718,12.6514],[77.8759,12.6457],[77.8623,12.6308],[77.862,12.6218],[77.8852,12.6078],[77.8985,12.6038],[77.9052,12.6063],[77.9156,12.5864],[77.9126,12.576],[77.8934,12.56],[77.8986,12.5501],[77.8958,12.5326],[77.9087,12.5115],[77.8915,12.4992],[77.8957,12.4932],[77.9189,12.4935],[77.9304,12.4746],[77.9276,12.4533],[77.9466,12.4485],[77.9716,12.4124],[77.9698,12.3972],[77.9496,12.3739],[77.9554,12.3546],[77.9498,12.3449],[77.9515,12.3371],[77.9254,12.3239],[77.8781,12.3347],[77.8691,12.3285],[77.8754,12.3246],[77.8752,12.2945],[77.8673,12.2659],[77.8593,12.2576],[77.8469,12.2636],[77.8335,12.2449],[77.8149,12.2341],[77.8097,12.1986],[77.7947,12.1655],[77.7954,12.1476],[77.7779,12.1587],[77.775,12.1703],[77.761,12.1682],[77.7461,12.1574],[77.7313,12.1802],[77.7023,12.1842],[77.6589,12.1994],[77.6376,12.1968],[77.6298,12.2023],[77.6209,12.2],[77.6093,12.2062],[77.5967,12.1994],[77.5738,12.201],[77.5658,12.1964],[77.5462,12.2048],[77.5187,12.1946],[77.4927,12.1974],[77.4864,12.2039],[77.472,12.208],[77.4826,12.2295],[77.4734,12.2431],[77.4789,12.2712],[77.487,12.2798],[77.5,12.2826],[77.5142,12.2754],[77.5272,12.2788],[77.5328,12.2915],[77.5513,12.2913],[77.5579,12.3058],[77.566,12.3063],[77.5786,12.3357],[77.5915,12.3402],[77.6008,12.3585],[77.613,12.3612],[77.6168,12.3683],[77.6233,12.4123],[77.6296,12.4184],[77.6261,12.4308],[77.6272,12.4585],[77.6348,12.4869],[77.6261,12.4964],[77.6074,12.4752],[77.5837,12.4789],[77.6148,12.5045],[77.6162,12.5099],[77.6124,12.515],[77.5873,12.5152],[77.5864,12.5458],[77.5813,12.5509],[77.5793,12.5732],[77.5914,12.5923],[77.5909,12.6154],[77.6058,12.6292],[77.5963,12.6494],[77.597,12.6581],[77.5986,12.6676],[77.6595,12.6842],[77.6769,12.6794],[77.6781,12.6607],[77.7014,12.661],[77.7108,12.667],[77.7116,12.683],[77.7227,12.6795],[77.725,12.6712],[77.7404,12.6736],[77.7414,12.6845],[77.7354,12.6933],[77.74,12.701],[77.7592,12.6971]]]},"properties":{"STATE":"TAMIL NADU","DISTRICT":"KRISHNAGIRI","AC_NAME":"THALLI","AC":"AC","YEAR":2026.0,"RES":"GEN","ELECTORS":237961.0,"VOTERS":205878.0,"TURNOUT":86.52,"MARGIN":5240.0,"MARGIN_PERCENTAGE":2.55,"PARTY_RANK1":"CPI","PARTY_RANK2":"BJP","PARTY_RANK3":"TVK","PARTY_RANK4":"NTK","CANDIDATE_RANK1":"RAMACHANDRAN. T","CANDIDATE_RANK2":"DR.NAGESH KUMAR. C","CANDIDATE_RANK3":"SURESH. G","CANDIDATE_RANK4":"NARASIMMA REDDY ALIAS NARASIMMAN. R","VOTES_RANK1":78283.0,"VOTES_RANK2":73043.0,"VOTES_RANK3":45245.0,"VOTES_RANK4":4107.0,"VOTES_RANK1_PERCENTAGE":38.02,"VOTES_RANK2_PERCENTAGE":35.48,"VOTES_RANK3_PERCENTAGE":21.98,"VOTES_RANK4_PERCENTAGE":1.99,"COLOR":"#FF0001","ID":27705}},{"type":"Feature","geometry":{"type":"Polygon","coordinates":[[[78.4109,12.4436],[78.4099,12.4365],[78.416,12.4263],[78.4261,12.4447],[78.436,12.4447],[78.4421,12.4505],[78.4499,12.4442],[78.4467,12.4377],[78.4552,12.4224],[78.4345,12.3888],[78.4602,12.3796],[78.4636,12.3859],[78.4887,12.3813],[78.4916,12.3948],[78.4886,12.3962],[78.4956,12.4067],[78.5005,12.4074],[78.5087,12.3988],[78.5141,12.4074],[78.5256,12.3986],[78.5434,12.3982],[78.5564,12.3901],[78.5673,12.3891],[78.5844,12.3606],[78.6172,12.3474],[78.6111,12.33],[78.6046,12.3319],[78.5885,12.3134],[78.593,12.3073],[78.5984,12.3133],[78.6096,12.3094],[78.613,12.2944],[78.6044,12.2795],[78.6037,12.2625],[78.6098,12.2613],[78.6168,12.2676],[78.6237,12.2651],[78.6414,12.2821],[78.6405,12.2675],[78.6352,12.2612],[78.6481,12.2583],[78.6528,12.2521],[78.6506,12.2405],[78.6645,12.234],[78.6713,12.2204],[78.6667,12.2077],[78.6568,12.1977],[78.644,12.2053],[78.6334,12.1773],[78.6133,12.1837],[78.5963,12.1681],[78.5843,12.1643],[78.5727,12.1941],[78.5537,12.1805],[78.5154,12.1778],[78.5067,12.1442],[78.4912,12.1412],[78.4664,12.1508],[78.4735,12.1716],[78.4467,12.1838],[78.4435,12.1912],[78.4197,12.1908],[78.4116,12.1958],[78.3994,12.186],[78.3977,12.1907],[78.3908,12.1856],[78.3822,12.1944],[78.3749,12.1946],[78.3786,12.2061],[78.3924,12.2063],[78.4026,12.2234],[78.3835,12.229],[78.3788,12.2217],[78.3694,12.2264],[78.3632,12.2223],[78.3546,12.2256],[78.3583,12.2354],[78.3489,12.2504],[78.3554,12.2713],[78.3255,12.2909],[78.3306,12.3082],[78.3355,12.318],[78.3506,12.3121],[78.3648,12.3179],[78.3827,12.3183],[78.389,12.3503],[78.3864,12.3639],[78.4037,12.3781],[78.3861,12.401],[78.3772,12.4015],[78.363,12.4116],[78.3686,12.4277],[78.376,12.4287],[78.3767,12.4423],[78.3901,12.4436],[78.3916,12.452],[78.4109,12.4436]]]},"properties":{"STATE":"TAMIL NADU","DISTRICT":"KRISHNAGIRI","AC_NAME":"UTHANGARAI","AC":"AC","YEAR":2026.0,"RES":"SC","ELECTORS":235925.0,"VOTERS":205530.0,"TURNOUT":87.12,"MARGIN":5198.0,"MARGIN_PERCENTAGE":2.53,"PARTY_RANK1":"TVK","PARTY_RANK2":"AIADMK","PARTY_RANK3":"INC","PARTY_RANK4":"NTK","CANDIDATE_RANK1":"N ELAIYARAJA","CANDIDATE_RANK2":"T M TAMILSELVAM","CANDIDATE_RANK3":"R KUPPUSAMY","CANDIDATE_RANK4":"MEKALA","VOTES_RANK1":70201.0,"VOTES_RANK2":65003.0,"VOTES_RANK3":60993.0,"VOTES_RANK4":6629.0,"VOTES_RANK1_PERCENTAGE":34.16,"VOTES_RANK2_PERCENTAGE":31.63,"VOTES_RANK3_PERCENTAGE":29.68,"VOTES_RANK4_PERCENTAGE":3.23,"COLOR":null,"ID":27744}},{"type":"Feature","geometry":{"type":"Polygon","coordinates":[[[78.0859,12.8321],[78.0901,12.8174],[78.125,12.7982],[78.1342,12.782],[78.1676,12.7701],[78.1774,12.776],[78.1952,12.7739],[78.2307,12.7609],[78.2408,12.7296],[78.2312,12.7126],[78.2271,12.7149],[78.2181,12.7089],[78.2072,12.7082],[78.2099,12.7006],[78.1998,12.6928],[78.2098,12.6905],[78.2106,12.6861],[78.2377,12.6858],[78.2393,12.7011],[78.2445,12.7064],[78.2711,12.7051],[78.3026,12.6663],[78.2983,12.66],[78.3002,12.6494],[78.2911,12.6438],[78.2872,12.6154],[78.2738,12.6103],[78.267,12.6173],[78.2606,12.5964],[78.2628,12.5917],[78.2513,12.593],[78.2485,12.5994],[78.2396,12.589],[78.2231,12.5993],[78.2165,12.6083],[78.2187,12.6129],[78.2042,12.6146],[78.198,12.6049],[78.205,12.5791],[78.2007,12.5686],[78.1958,12.5645],[78.1775,12.5628],[78.1703,12.5712],[78.1705,12.5785],[78.1655,12.5792],[78.1626,12.5745],[78.1452,12.5794],[78.1394,12.5761],[78.1328,12.5804],[78.1313,12.5882],[78.1358,12.5957],[78.1422,12.5935],[78.1414,12.5994],[78.1125,12.6113],[78.1072,12.5963],[78.0998,12.5914],[78.0987,12.5716],[78.0918,12.5601],[78.0818,12.5583],[78.0715,12.5345],[78.0625,12.5324],[78.061,12.5202],[78.0513,12.5048],[78.0478,12.4752],[78.04,12.473],[78.0379,12.4543],[78.032,12.4475],[78.019,12.4591],[78.0218,12.4733],[78.0125,12.4898],[78.0155,12.5046],[77.994,12.5006],[77.992,12.5106],[77.9878,12.5125],[77.9823,12.5027],[77.9561,12.483],[77.9389,12.518],[77.9196,12.5053],[77.9087,12.5115],[77.8958,12.5326],[77.8986,12.5501],[77.8934,12.56],[77.9126,12.576],[77.9156,12.5864],[77.9052,12.6063],[77.8985,12.6038],[77.8852,12.6078],[77.862,12.6218],[77.8623,12.6308],[77.8759,12.6457],[77.8718,12.6514],[77.8738,12.6612],[77.8984,12.6725],[77.9086,12.6718],[77.9089,12.6944],[77.8944,12.7026],[77.895,12.7068],[77.9019,12.7143],[77.9118,12.7105],[77.9318,12.7645],[77.9398,12.764],[77.956,12.7515],[77.9909,12.7622],[77.9949,12.777],[77.9911,12.7881],[78.0023,12.7916],[78.0085,12.8067],[78.0153,12.8138],[78.0039,12.8256],[78.0183,12.8311],[78.0191,12.844],[78.0243,12.8418],[78.029,12.8452],[78.0238,12.8532],[78.0264,12.8575],[78.0306,12.8581],[78.0309,12.8524],[78.0488,12.849],[78.0526,12.8538],[78.0578,12.8522],[78.0602,12.8439],[78.0772,12.8389],[78.0738,12.8306],[78.0859,12.8321]]]},"properties":{"STATE":"TAMIL NADU","DISTRICT":"KRISHNAGIRI","AC_NAME":"VEPPANAHALLI","AC":"AC","YEAR":2026.0,"RES":"GEN","ELECTORS":246739.0,"VOTERS":222608.0,"TURNOUT":90.22,"MARGIN":138.0,"MARGIN_PERCENTAGE":0.06,"PARTY_RANK1":"DMK","PARTY_RANK2":"AIADMK","PARTY_RANK3":"TVK","PARTY_RANK4":"NTK","CANDIDATE_RANK1":"SRINIVASAN.P.S","CANDIDATE_RANK2":"MUNUSAMY.K.P","CANDIDATE_RANK3":"SAMPANGI.S.R","CANDIDATE_RANK4":"NAGARAJ.R","VOTES_RANK1":74691.0,"VOTES_RANK2":74553.0,"VOTES_RANK3":63907.0,"VOTES_RANK4":4519.0,"VOTES_RANK1_PERCENTAGE":33.55,"VOTES_RANK2_PERCENTAGE":33.49,"VOTES_RANK3_PERCENTAGE":28.71,"VOTES_RANK4_PERCENTAGE":2.03,"COLOR":"#000000","ID":27756}},{"type":"Feature","geometry":{"type":"Polygon","coordinates":[[[78.1218,9.9303],[78.1162,9.924],[78.1152,9.903],[78.115,9.903],[78.095,9.9095],[78.0945,9.9395],[78.1016,9.943],[78.1218,9.9303]]]},"properties":{"STATE":"TAMIL NADU","DISTRICT":"MADURAI","AC_NAME":"MADURAI CENTRAL","AC":"AC","YEAR":2026.0,"RES":"GEN","ELECTORS":199725.0,"VOTERS":148586.0,"TURNOUT":74.4,"MARGIN":19128.0,"MARGIN_PERCENTAGE":12.87,"PARTY_RANK1":"TVK","PARTY_RANK2":"DMK","PARTY_RANK3":"AIADMK","PARTY_RANK4":"NTK","CANDIDATE_RANK1":"MADHAR BADHURUDEEN","CANDIDATE_RANK2":"PALANIVEL THIAGA RAJAN","CANDIDATE_RANK3":"SUNDAR C","CANDIDATE_RANK4":"ABDUL HAKEEM K","VOTES_RANK1":63414.0,"VOTES_RANK2":44286.0,"VOTES_RANK3":33538.0,"VOTES_RANK4":5549.0,"VOTES_RANK1_PERCENTAGE":42.68,"VOTES_RANK2_PERCENTAGE":29.8,"VOTES_RANK3_PERCENTAGE":22.57,"VOTES_RANK4_PERCENTAGE":3.73,"COLOR":null,"ID":27619}},{"type":"Feature","geometry":{"type":"Polygon","coordinates":[[[78.1696,10.0944],[78.2043,10.0794],[78.2008,10.074],[78.203,10.0674],[78.208,10.0664],[78.2133,10.0628],[78.2094,10.0568],[78.2266,10.0558],[78.2408,10.0491],[78.2414,10.0451],[78.2704,10.0385],[78.2576,10.0221],[78.2586,10.0122],[78.2515,10.0134],[78.2454,10.0055],[78.2466,10.0158],[78.2279,10.0018],[78.2421,9.9776],[78.2482,9.9741],[78.2575,9.9782],[78.2636,9.9659],[78.268,9.966],[78.2681,9.9594],[78.2639,9.9583],[78.267,9.9484],[78.2641,9.9388],[78.2696,9.9337],[78.2808,9.9367],[78.2844,9.9545],[78.2934,9.9449],[78.294,9.938],[78.2888,9.9372],[78.2851,9.9254],[78.2847,9.9187],[78.2923,9.9251],[78.2899,9.9105],[78.2739,9.9076],[78.274,9.9014],[78.2784,9.9005],[78.2773,9.8698],[78.2497,9.874],[78.2549,9.8639],[78.2672,9.8565],[78.2666,9.8497],[78.2607,9.8482],[78.2583,9.8347],[78.2535,9.8344],[78.2427,9.8509],[78.2488,9.86],[78.2282,9.8653],[78.225,9.8613],[78.2099,9.8734],[78.2007,9.8732],[78.189,9.8798],[78.1742,9.9002],[78.1588,9.9107],[78.1491,9.9165],[78.1658,9.9182],[78.1613,9.9211],[78.1645,9.9293],[78.1521,9.9272],[78.1498,9.9319],[78.1583,9.9456],[78.1433,9.957],[78.1389,9.95],[78.1398,9.9546],[78.1278,9.9551],[78.117,9.9445],[78.1168,9.9586],[78.1135,9.9589],[78.1025,9.9557],[78.0992,9.9725],[78.1026,9.988],[78.0998,10.0091],[78.1058,10.0091],[78.1055,10.025],[78.1252,10.0183],[78.133,10.0329],[78.1239,10.0417],[78.124,10.0485],[78.1463,10.0606],[78.1546,10.0774],[78.1634,10.0824],[78.1696,10.0944]]]},"properties":{"STATE":"TAMIL NADU","DISTRICT":"MADURAI","AC_NAME":"MADURAI EAST","AC":"AC","YEAR":2026.0,"RES":"GEN","ELECTORS":336738.0,"VOTERS":271566.0,"TURNOUT":80.65,"MARGIN":16547.0,"MARGIN_PERCENTAGE":6.09,"PARTY_RANK1":"TVK","PARTY_RANK2":"DMK","PARTY_RANK3":"AIADMK","PARTY_RANK4":"NTK","CANDIDATE_RANK1":"KARTHIKEYAN S","CANDIDATE_RANK2":"MOORTHY P","CANDIDATE_RANK3":"MAHENDRAN K","CANDIDATE_RANK4":"SELVAM K","VOTES_RANK1":118777.0,"VOTES_RANK2":102230.0,"VOTES_RANK3":31016.0,"VOTES_RANK4":13629.0,"VOTES_RANK1_PERCENTAGE":43.74,"VOTES_RANK2_PERCENTAGE":37.64,"VOTES_RANK3_PERCENTAGE":11.42,"VOTES_RANK4_PERCENTAGE":5.02,"COLOR":null,"ID":27620}},{"type":"Feature","geometry":{"type":"Polygon","coordinates":[[[78.1135,9.9589],[78.1168,9.9586],[78.117,9.9445],[78.1278,9.9551],[78.1398,9.9546],[78.1389,9.95],[78.1433,9.957],[78.1583,9.9456],[78.1498,9.9319],[78.1521,9.9272],[78.1645,9.9293],[78.1613,9.9211],[78.1658,9.9182],[78.1491,9.9165],[78.1218,9.9303],[78.1016,9.943],[78.1025,9.9557],[78.1135,9.9589]]]},"properties":{"STATE":"TAMIL NADU","DISTRICT":"MADURAI","AC_NAME":"MADURAI NORTH","AC":"AC","YEAR":2026.0,"RES":"GEN","ELECTORS":221326.0,"VOTERS":161801.0,"TURNOUT":73.11,"MARGIN":18038.0,"MARGIN_PERCENTAGE":11.15,"PARTY_RANK1":"TVK","PARTY_RANK2":"DMK","PARTY_RANK3":"AIADMK","PARTY_RANK4":"NTK","CANDIDATE_RANK1":"A.KALLANAI","CANDIDATE_RANK2":"G.THALAPATHI","CANDIDATE_RANK3":"P.SARAVANAN","CANDIDATE_RANK4":"V THIRUNAVUKKARASU","VOTES_RANK1":72853.0,"VOTES_RANK2":54815.0,"VOTES_RANK3":24982.0,"VOTES_RANK4":7415.0,"VOTES_RANK1_PERCENTAGE":45.03,"VOTES_RANK2_PERCENTAGE":33.88,"VOTES_RANK3_PERCENTAGE":15.44,"VOTES_RANK4_PERCENTAGE":4.58,"COLOR":null,"ID":27621}},{"type":"Feature","geometry":{"type":"Polygon","coordinates":[[[78.1491,9.9165],[78.1588,9.9107],[78.1527,9.9007],[78.1464,9.9027],[78.1429,9.8986],[78.1152,9.903],[78.1162,9.924],[78.1218,9.9303],[78.1491,9.9165]]]},"properties":{"STATE":"TAMIL NADU","DISTRICT":"MADURAI","AC_NAME":"MADURAI SOUTH","AC":"AC","YEAR":2026.0,"RES":"GEN","ELECTORS":180003.0,"VOTERS":141503.0,"TURNOUT":78.61,"MARGIN":21529.0,"MARGIN_PERCENTAGE":15.21,"PARTY_RANK1":"TVK","PARTY_RANK2":"DMK","PARTY_RANK3":"BJP","PARTY_RANK4":"NTK","CANDIDATE_RANK1":"M.M.GOPISON","CANDIDATE_RANK2":"M.BOOMINATHAN","CANDIDATE_RANK3":"RAAMA SREENIVASAN","CANDIDATE_RANK4":"B.M.SUMATHY","VOTES_RANK1":62415.0,"VOTES_RANK2":40886.0,"VOTES_RANK3":31100.0,"VOTES_RANK4":5863.0,"VOTES_RANK1_PERCENTAGE":44.11,"VOTES_RANK2_PERCENTAGE":28.89,"VOTES_RANK3_PERCENTAGE":21.98,"VOTES_RANK4_PERCENTAGE":4.14,"COLOR":null,"ID":27622}},{"type":"Feature","geometry":{"type":"Polygon","coordinates":[[[78.0075,9.9556],[77.9819,9.9684],[77.9904,9.9844],[78.0065,9.9839],[78.0746,9.9507],[78.0694,9.9782],[78.0788,9.9799],[78.0992,9.9725],[78.1025,9.9557],[78.1016,9.943],[78.0945,9.9395],[78.095,9.9095],[78.115,9.903],[78.1071,9.8953],[78.0991,9.894],[78.0966,9.8873],[78.0893,9.8874],[78.0893,9.8979],[78.0679,9.8988],[78.0636,9.9193],[78.0525,9.9248],[78.0548,9.9342],[78.0493,9.9277],[78.0425,9.9278],[78.0408,9.9365],[78.006,9.9512],[78.0075,9.9556]]]},"properties":{"STATE":"TAMIL NADU","DISTRICT":"MADURAI","AC_NAME":"MADURAI WEST","AC":"AC","YEAR":2026.0,"RES":"GEN","ELECTORS":275689.0,"VOTERS":216403.0,"TURNOUT":78.5,"MARGIN":11931.0,"MARGIN_PERCENTAGE":5.51,"PARTY_RANK1":"TVK","PARTY_RANK2":"DMK","PARTY_RANK3":"AIADMK","PARTY_RANK4":"NTK","CANDIDATE_RANK1":"THANGAPANDI SR","CANDIDATE_RANK2":"BALAJI R","CANDIDATE_RANK3":"SELLUR K RAJU","CANDIDATE_RANK4":"VIGNESHKUMAR S","VOTES_RANK1":88250.0,"VOTES_RANK2":76319.0,"VOTES_RANK3":38961.0,"VOTES_RANK4":10574.0,"VOTES_RANK1_PERCENTAGE":40.78,"VOTES_RANK2_PERCENTAGE":35.27,"VOTES_RANK3_PERCENTAGE":18.0,"VOTES_RANK4_PERCENTAGE":4.89,"COLOR":null,"ID":27623}},{"type":"Feature","geometry":{"type":"Polygon","coordinates":[[[78.3784,10.3104],[78.3802,10.3057],[78.3904,10.3023],[78.3861,10.2897],[78.3811,10.2929],[78.3866,10.2706],[78.4034,10.2757],[78.4242,10.2709],[78.4249,10.2586],[78.4105,10.2571],[78.4054,10.2503],[78.3956,10.2487],[78.3923,10.2417],[78.3981,10.2257],[78.4077,10.2235],[78.4124,10.2129],[78.3946,10.1744],[78.3988,10.1659],[78.4129,10.161],[78.4018,10.1389],[78.4172,10.1321],[78.4249,10.1337],[78.4268,10.1227],[78.4324,10.1355],[78.4516,10.1191],[78.4591,10.1253],[78.4736,10.1213],[78.471,10.1095],[78.4567,10.1003],[78.4609,10.0704],[78.456,10.0713],[78.4513,10.0616],[78.437,10.0601],[78.4277,10.0536],[78.4309,10.0366],[78.4399,10.0361],[78.4477,10.028],[78.4447,10.0248],[78.4486,10.025],[78.4578,10.0112],[78.4566,9.9923],[78.4497,9.992],[78.4477,9.9864],[78.4547,9.9803],[78.4564,9.9688],[78.3899,9.9526],[78.3723,9.9623],[78.3687,9.9489],[78.3707,9.9346],[78.3457,9.94],[78.3153,9.9229],[78.3107,9.8991],[78.3152,9.8831],[78.3094,9.865],[78.2937,9.8616],[78.2865,9.8704],[78.2773,9.8698],[78.2784,9.9005],[78.274,9.9014],[78.2739,9.9076],[78.2899,9.9105],[78.2923,9.9251],[78.2847,9.9187],[78.2851,9.9254],[78.2888,9.9372],[78.294,9.938],[78.2934,9.9449],[78.2844,9.9545],[78.2808,9.9367],[78.2696,9.9337],[78.2641,9.9388],[78.267,9.9484],[78.2639,9.9583],[78.2681,9.9594],[78.268,9.966],[78.2636,9.9659],[78.2575,9.9782],[78.2482,9.9741],[78.2421,9.9776],[78.2279,10.0018],[78.2466,10.0158],[78.2454,10.0055],[78.2515,10.0134],[78.2586,10.0122],[78.2576,10.0221],[78.2704,10.0385],[78.2414,10.0451],[78.2408,10.0491],[78.2266,10.0558],[78.2094,10.0568],[78.2133,10.0628],[78.208,10.0664],[78.2107,10.0754],[78.2369,10.0774],[78.2445,10.0845],[78.2577,10.0877],[78.262,10.095],[78.2606,10.1038],[78.2719,10.1165],[78.2697,10.1289],[78.2802,10.1303],[78.2822,10.1517],[78.2875,10.1593],[78.2845,10.1641],[78.2822,10.1574],[78.2806,10.167],[78.2566,10.1584],[78.2549,10.1653],[78.2847,10.191],[78.2938,10.1916],[78.3277,10.2273],[78.3262,10.2403],[78.332,10.2551],[78.3277,10.2558],[78.33,10.2775],[78.3251,10.2836],[78.3296,10.2894],[78.337,10.2893],[78.3348,10.2936],[78.3383,10.2981],[78.3292,10.2979],[78.3332,10.3007],[78.3632,10.2937],[78.3668,10.3014],[78.3744,10.3002],[78.3711,10.3086],[78.3784,10.3104]]]},"properties":{"STATE":"TAMIL NADU","DISTRICT":"MADURAI","AC_NAME":"MELUR","AC":"AC","YEAR":2026.0,"RES":"GEN","ELECTORS":230061.0,"VOTERS":190726.0,"TURNOUT":82.9,"MARGIN":2724.0,"MARGIN_PERCENTAGE":1.43,"PARTY_RANK1":"INC","PARTY_RANK2":"TVK","PARTY_RANK3":"AIADMK","PARTY_RANK4":"NTK","CANDIDATE_RANK1":"P.VISWANATHAN","CANDIDATE_RANK2":"A.MADURAIVEERAN","CANDIDATE_RANK3":"P.PERIYAPULLAN (A) SELVAM","CANDIDATE_RANK4":"KOTTAIKUMAR","VOTES_RANK1":60080.0,"VOTES_RANK2":57356.0,"VOTES_RANK3":56744.0,"VOTES_RANK4":9570.0,"VOTES_RANK1_PERCENTAGE":31.5,"VOTES_RANK2_PERCENTAGE":30.07,"VOTES_RANK3_PERCENTAGE":29.75,"VOTES_RANK4_PERCENTAGE":5.02,"COLOR":"#00BFFF","ID":27632}},{"type":"Feature","geometry":{"type":"Polygon","coordinates":[[[78.1417,10.1829],[78.157,10.1569],[78.1578,10.1495],[78.151,10.1472],[78.1644,10.1414],[78.1652,10.1241],[78.1564,10.1079],[78.1749,10.0984],[78.1696,10.0944],[78.1634,10.0824],[78.1546,10.0774],[78.1463,10.0606],[78.124,10.0485],[78.1239,10.0417],[78.133,10.0329],[78.1252,10.0183],[78.1055,10.025],[78.1058,10.0091],[78.0998,10.0091],[78.1026,9.988],[78.0992,9.9725],[78.0788,9.9799],[78.0694,9.9782],[78.0746,9.9507],[78.0065,9.9839],[77.9904,9.9844],[77.9819,9.9684],[77.9818,9.9663],[77.9508,9.9774],[77.9521,9.9839],[77.9228,10.0119],[77.8964,10.0284],[77.8756,10.0606],[77.875,10.0617],[77.8943,10.0732],[77.9047,10.0706],[77.9103,10.0771],[77.9192,10.0757],[77.9187,10.0845],[77.9467,10.0919],[77.937,10.0969],[77.936,10.1083],[77.9535,10.13],[77.9541,10.1337],[77.9466,10.135],[77.9541,10.1388],[77.9595,10.1398],[77.9657,10.1323],[77.9777,10.135],[77.999,10.1605],[78.018,10.1612],[78.0293,10.1808],[78.0708,10.1801],[78.0718,10.1842],[78.1063,10.1852],[78.1204,10.1904],[78.1417,10.1829]]]},"properties":{"STATE":"TAMIL NADU","DISTRICT":"MADURAI","AC_NAME":"SHOLAVANDAN","AC":"AC","YEAR":2026.0,"RES":"SC","ELECTORS":215348.0,"VOTERS":189080.0,"TURNOUT":87.8,"MARGIN":2678.0,"MARGIN_PERCENTAGE":1.42,"PARTY_RANK1":"TVK","PARTY_RANK2":"DMK","PARTY_RANK3":"AIADMK","PARTY_RANK4":"NTK","CANDIDATE_RANK1":"KARUPPAIAH.M.V","CANDIDATE_RANK2":"VENKATESAN.A","CANDIDATE_RANK3":"MANICKAM.K","CANDIDATE_RANK4":"NAGALAKSHMI THIRUMARAN.T","VOTES_RANK1":63907.0,"VOTES_RANK2":61229.0,"VOTES_RANK3":49494.0,"VOTES_RANK4":10430.0,"VOTES_RANK1_PERCENTAGE":33.8,"VOTES_RANK2_PERCENTAGE":32.38,"VOTES_RANK3_PERCENTAGE":26.18,"VOTES_RANK4_PERCENTAGE":5.52,"COLOR":null,"ID":27691}},{"type":"Feature","geometry":{"type":"Polygon","coordinates":[[[77.9819,9.9684],[78.0075,9.9556],[78.006,9.9512],[77.9966,9.9346],[78.0048,9.9262],[77.9963,9.9195],[77.9911,9.9039],[77.9972,9.8998],[77.9965,9.8858],[78.0092,9.8831],[78.0057,9.8761],[78.0201,9.8718],[78.0174,9.8637],[78.0223,9.849],[78.0334,9.852],[78.0397,9.8457],[78.0349,9.827],[78.0487,9.8173],[78.0469,9.796],[78.0628,9.7912],[78.0629,9.7723],[78.0841,9.768],[78.0837,9.758],[78.0789,9.7483],[78.0677,9.7533],[78.0617,9.7413],[78.0716,9.7352],[78.0683,9.7237],[78.0799,9.7078],[78.0769,9.6958],[78.0852,9.6915],[78.0828,9.6875],[78.0878,9.6827],[78.0854,9.6749],[78.0795,9.6741],[78.0819,9.6632],[78.077,9.6595],[78.059,9.6612],[78.0611,9.6708],[78.0388,9.6781],[78.0305,9.6593],[78.0251,9.6604],[78.0143,9.6386],[78.0104,9.6395],[78.0041,9.642],[78.0058,9.6476],[78.0007,9.6499],[77.9954,9.641],[77.9906,9.6419],[77.9854,9.6349],[77.9728,9.6298],[77.9639,9.634],[77.9621,9.6462],[77.9329,9.6498],[77.9227,9.6475],[77.9207,9.6382],[77.9105,9.6378],[77.9004,9.6255],[77.8915,9.6307],[77.8894,9.6419],[77.8615,9.6489],[77.8454,9.6507],[77.8423,9.6357],[77.806,9.6416],[77.7945,9.6489],[77.7896,9.6393],[77.7742,9.6413],[77.7642,9.6605],[77.7695,9.6654],[77.7606,9.6831],[77.7553,9.6816],[77.7339,9.6929],[77.7261,9.6927],[77.7101,9.7053],[77.7029,9.7095],[77.7034,9.716],[77.7274,9.7438],[77.7401,9.7421],[77.7464,9.732],[77.7708,9.7541],[77.7764,9.7686],[77.7983,9.7733],[77.8003,9.7798],[77.8094,9.7784],[77.8134,9.7833],[77.8149,9.8123],[77.82,9.8158],[77.8596,9.8146],[77.8604,9.8217],[77.8539,9.8275],[77.8481,9.827],[77.8423,9.8371],[77.8527,9.8419],[77.8596,9.8565],[77.8695,9.8546],[77.871,9.8624],[77.8761,9.8626],[77.8767,9.8764],[77.8895,9.887],[77.8846,9.904],[77.8881,9.9124],[77.9176,9.9116],[77.9493,9.9043],[77.9514,9.9095],[77.9659,9.917],[77.9645,9.9293],[77.9526,9.936],[77.9611,9.9582],[77.9689,9.96],[77.9807,9.9522],[77.9818,9.9663],[77.9819,9.9684]]]},"properties":{"STATE":"TAMIL NADU","DISTRICT":"MADURAI","AC_NAME":"THIRUMANGALAM","AC":"AC","YEAR":2026.0,"RES":"GEN","ELECTORS":262948.0,"VOTERS":230980.0,"TURNOUT":87.84,"MARGIN":23807.0,"MARGIN_PERCENTAGE":10.31,"PARTY_RANK1":"DMK","PARTY_RANK2":"AIADMK","PARTY_RANK3":"TVK","PARTY_RANK4":"NTK","CANDIDATE_RANK1":"MANIMARAN.M","CANDIDATE_RANK2":"UDHAYAKUMAR.R.B","CANDIDATE_RANK3":"SATHISHKUMAR.N","CANDIDATE_RANK4":"MUNISH.N","VOTES_RANK1":88291.0,"VOTES_RANK2":64484.0,"VOTES_RANK3":60826.0,"VOTES_RANK4":11139.0,"VOTES_RANK1_PERCENTAGE":38.22,"VOTES_RANK2_PERCENTAGE":27.92,"VOTES_RANK3_PERCENTAGE":26.33,"VOTES_RANK4_PERCENTAGE":4.82,"COLOR":"#000000","ID":27707}},{"type":"Feature","geometry":{"type":"Polygon","coordinates":[[[78.0408,9.9365],[78.0425,9.9278],[78.0493,9.9277],[78.0548,9.9342],[78.0525,9.9248],[78.0636,9.9193],[78.0679,9.8988],[78.0893,9.8979],[78.0893,9.8874],[78.0966,9.8873],[78.0991,9.894],[78.1071,9.8953],[78.115,9.903],[78.1152,9.903],[78.1429,9.8986],[78.1464,9.9027],[78.1527,9.9007],[78.1588,9.9107],[78.1742,9.9002],[78.189,9.8798],[78.2007,9.8732],[78.1975,9.8692],[78.1878,9.8721],[78.1814,9.8676],[78.1688,9.8746],[78.1516,9.8742],[78.1506,9.8516],[78.1379,9.8563],[78.1243,9.855],[78.1249,9.8434],[78.1323,9.8326],[78.1323,9.8196],[78.1281,9.814],[78.1429,9.8122],[78.1531,9.8222],[78.1515,9.8278],[78.1687,9.8309],[78.1936,9.8065],[78.1832,9.7929],[78.1757,9.7725],[78.1734,9.7765],[78.1597,9.7748],[78.1617,9.7817],[78.1683,9.7825],[78.1721,9.7969],[78.1408,9.8091],[78.139,9.8],[78.1458,9.7942],[78.1443,9.7836],[78.1392,9.7802],[78.137,9.762],[78.125,9.7662],[78.1257,9.7712],[78.1071,9.786],[78.0973,9.7791],[78.0881,9.7801],[78.0883,9.7761],[78.1041,9.7685],[78.1039,9.765],[78.101,9.755],[78.0837,9.758],[78.0841,9.768],[78.0629,9.7723],[78.0628,9.7912],[78.0469,9.796],[78.0487,9.8173],[78.0349,9.827],[78.0397,9.8457],[78.0334,9.852],[78.0223,9.849],[78.0174,9.8637],[78.0201,9.8718],[78.0057,9.8761],[78.0092,9.8831],[77.9965,9.8858],[77.9972,9.8998],[77.9911,9.9039],[77.9963,9.9195],[78.0048,9.9262],[77.9966,9.9346],[78.006,9.9512],[78.0408,9.9365]]]},"properties":{"STATE":"TAMIL NADU","DISTRICT":"MADURAI","AC_NAME":"THIRUPARANKUNDRAM","AC":"AC","YEAR":2026.0,"RES":"GEN","ELECTORS":311705.0,"VOTERS":255466.0,"TURNOUT":81.96,"MARGIN":41553.0,"MARGIN_PERCENTAGE":16.27,"PARTY_RANK1":"TVK","PARTY_RANK2":"DMK","PARTY_RANK3":"AIADMK","PARTY_RANK4":"NTK","CANDIDATE_RANK1":"NIRMALKUMAR. R.","CANDIDATE_RANK2":"KIRUTHIGA THANGAPANDI","CANDIDATE_RANK3":"RAJANCHELLAPPA. V.V.","CANDIDATE_RANK4":"SATHYADEVI. T.","VOTES_RANK1":114316.0,"VOTES_RANK2":72763.0,"VOTES_RANK3":49865.0,"VOTES_RANK4":14350.0,"VOTES_RANK1_PERCENTAGE":44.75,"VOTES_RANK2_PERCENTAGE":28.48,"VOTES_RANK3_PERCENTAGE":19.52,"VOTES_RANK4_PERCENTAGE":5.62,"COLOR":null,"ID":27709}},{"type":"Feature","geometry":{"type":"Polygon","coordinates":[[[77.8756,10.0606],[77.8964,10.0284],[77.9228,10.0119],[77.9521,9.9839],[77.9508,9.9774],[77.9818,9.9663],[77.9807,9.9522],[77.9689,9.96],[77.9611,9.9582],[77.9526,9.936],[77.9645,9.9293],[77.9659,9.917],[77.9514,9.9095],[77.9493,9.9043],[77.9176,9.9116],[77.8881,9.9124],[77.8846,9.904],[77.8895,9.887],[77.8767,9.8764],[77.8761,9.8626],[77.871,9.8624],[77.8695,9.8546],[77.8596,9.8565],[77.8527,9.8419],[77.8423,9.8371],[77.8481,9.827],[77.8539,9.8275],[77.8604,9.8217],[77.8596,9.8146],[77.82,9.8158],[77.8149,9.8123],[77.8134,9.7833],[77.8094,9.7784],[77.8003,9.7798],[77.7983,9.7733],[77.7764,9.7686],[77.7708,9.7541],[77.7464,9.732],[77.7401,9.7421],[77.7274,9.7438],[77.7034,9.716],[77.7029,9.7095],[77.7101,9.7053],[77.7077,9.691],[77.6998,9.6921],[77.6989,9.699],[77.6936,9.6975],[77.694,9.6927],[77.6812,9.6765],[77.6776,9.6826],[77.6683,9.6774],[77.6509,9.6829],[77.6491,9.6988],[77.6451,9.6978],[77.647,9.7011],[77.6424,9.7064],[77.6318,9.701],[77.6292,9.7047],[77.623,9.7023],[77.6162,9.6958],[77.6058,9.6956],[77.6008,9.6912],[77.6018,9.6865],[77.5902,9.6791],[77.5857,9.667],[77.5761,9.6691],[77.5749,9.6648],[77.5625,9.6597],[77.5512,9.6445],[77.5433,9.6452],[77.5474,9.6589],[77.5372,9.66],[77.5192,9.6364],[77.514,9.6108],[77.5003,9.597],[77.4984,9.5757],[77.4754,9.563],[77.4735,9.5717],[77.4643,9.5799],[77.5062,9.6386],[77.5036,9.6503],[77.5231,9.6604],[77.5353,9.6751],[77.5407,9.6954],[77.5459,9.6959],[77.5466,9.7055],[77.5662,9.7479],[77.5851,9.7623],[77.5863,9.7688],[77.5976,9.7745],[77.6036,9.7911],[77.6124,9.799],[77.6257,9.8349],[77.6179,9.8381],[77.6186,9.8584],[77.6431,9.886],[77.6542,9.9188],[77.6673,9.9134],[77.674,9.9228],[77.6795,9.9336],[77.6726,9.9624],[77.683,9.9695],[77.6922,9.9685],[77.6978,9.9832],[77.6979,10.0174],[77.7015,10.0141],[77.7125,10.026],[77.7103,10.0204],[77.7172,10.0181],[77.7535,10.0474],[77.7599,10.0463],[77.7633,10.056],[77.7812,10.0511],[77.8055,10.0678],[77.8217,10.0673],[77.8364,10.0741],[77.8607,10.0754],[77.875,10.0617],[77.8756,10.0606]]]},"properties":{"STATE":"TAMIL NADU","DISTRICT":"MADURAI","AC_NAME":"USILAMPATTI","AC":"AC","YEAR":2026.0,"RES":"GEN","ELECTORS":267969.0,"VOTERS":224048.0,"TURNOUT":83.61,"MARGIN":1805.0,"MARGIN_PERCENTAGE":0.81,"PARTY_RANK1":"TVK","PARTY_RANK2":"AIADMK","PARTY_RANK3":"INC","PARTY_RANK4":"AIPTMMK","CANDIDATE_RANK1":"VIJAY. M","CANDIDATE_RANK2":"MAHENDRAN. I","CANDIDATE_RANK3":"SARAVANAKUMAR. T","CANDIDATE_RANK4":"AYYAPPAN. P","VOTES_RANK1":65743.0,"VOTES_RANK2":63938.0,"VOTES_RANK3":59465.0,"VOTES_RANK4":16620.0,"VOTES_RANK1_PERCENTAGE":29.34,"VOTES_RANK2_PERCENTAGE":28.54,"VOTES_RANK3_PERCENTAGE":26.54,"VOTES_RANK4_PERCENTAGE":7.42,"COLOR":null,"ID":27743}},{"type":"Feature","geometry":{"type":"Polygon","coordinates":[[[79.7691,10.8343],[79.779,10.8326],[79.7754,10.8184],[79.8126,10.8101],[79.799,10.8078],[79.7984,10.8047],[79.8048,10.8032],[79.8025,10.797],[79.7929,10.7858],[79.7859,10.7854],[79.7828,10.7784],[79.7759,10.7786],[79.7709,10.7887],[79.7633,10.789],[79.7621,10.7826],[79.757,10.7802],[79.7588,10.7705],[79.7743,10.7671],[79.7722,10.7557],[79.7884,10.7413],[79.8005,10.74],[79.8034,10.7487],[79.8137,10.7467],[79.8316,10.7559],[79.851,10.7552],[79.8587,10.5541],[79.8129,10.5457],[79.8067,10.5524],[79.8062,10.5599],[79.7972,10.5619],[79.7999,10.5679],[79.7955,10.5681],[79.799,10.5759],[79.7957,10.5824],[79.7842,10.5863],[79.7528,10.5784],[79.7547,10.5902],[79.7477,10.5962],[79.7372,10.5885],[79.7179,10.5907],[79.7149,10.5957],[79.7051,10.5952],[79.7042,10.5884],[79.6902,10.5955],[79.6861,10.5887],[79.6743,10.5931],[79.6726,10.5877],[79.6697,10.5868],[79.6676,10.6009],[79.6589,10.6041],[79.657,10.6145],[79.6713,10.6174],[79.6727,10.6266],[79.668,10.6348],[79.6487,10.6439],[79.6543,10.6577],[79.6657,10.6509],[79.6764,10.6791],[79.6758,10.6876],[79.652,10.7023],[79.6518,10.7066],[79.6555,10.7126],[79.6693,10.7078],[79.6721,10.7111],[79.675,10.7089],[79.6779,10.7155],[79.6882,10.7154],[79.6896,10.7237],[79.682,10.729],[79.6998,10.7463],[79.6954,10.7636],[79.7029,10.7806],[79.7254,10.7942],[79.7322,10.8031],[79.7334,10.8088],[79.7491,10.8135],[79.7519,10.822],[79.7463,10.8279],[79.7422,10.8222],[79.7365,10.8237],[79.7371,10.8317],[79.7403,10.8291],[79.7479,10.8352],[79.7526,10.8235],[79.7584,10.8295],[79.7571,10.8333],[79.7654,10.8312],[79.7647,10.8351],[79.7691,10.8343]]]},"properties":{"STATE":"TAMIL NADU","DISTRICT":"NAGAPATTINAM","AC_NAME":"KILVELUR","AC":"AC","YEAR":2026.0,"RES":"SC","ELECTORS":170633.0,"VOTERS":151637.0,"TURNOUT":88.87,"MARGIN":2278.0,"MARGIN_PERCENTAGE":1.5,"PARTY_RANK1":"CPI(M)","PARTY_RANK2":"TVK","PARTY_RANK3":"PMK","PARTY_RANK4":"NTK","CANDIDATE_RANK1":"LATHA. T","CANDIDATE_RANK2":"SENTHIL PANDIAN. P","CANDIDATE_RANK3":"VADIVEL RAVANAN. S","CANDIDATE_RANK4":"KARTHIKA. M","VOTES_RANK1":56108.0,"VOTES_RANK2":53830.0,"VOTES_RANK3":31675.0,"VOTES_RANK4":8069.0,"VOTES_RANK1_PERCENTAGE":37.0,"VOTES_RANK2_PERCENTAGE":35.5,"VOTES_RANK3_PERCENTAGE":20.89,"VOTES_RANK4_PERCENTAGE":5.32,"COLOR":"#FF0000","ID":27605}},{"type":"Feature","geometry":{"type":"Polygon","coordinates":[[[79.648,11.251],[79.6595,11.2469],[79.6537,11.2358],[79.6692,11.2256],[79.6635,11.2259],[79.6661,11.2176],[79.6738,11.2189],[79.6653,11.2005],[79.6691,11.1842],[79.6732,11.1835],[79.6747,11.1654],[79.6797,11.164],[79.6955,11.1802],[79.6986,11.1767],[79.6924,11.171],[79.6949,11.1655],[79.7112,11.1753],[79.7134,11.1677],[79.7203,11.1653],[79.7204,11.1615],[79.7072,11.1534],[79.6961,11.1589],[79.6933,11.1288],[79.6941,11.1007],[79.7013,11.1006],[79.6973,11.0952],[79.713,11.0946],[79.7113,11.0873],[79.6926,11.0877],[79.6949,11.0779],[79.682,11.0629],[79.6803,11.068],[79.677,11.064],[79.6524,11.0669],[79.6492,11.0562],[79.6463,11.0621],[79.6198,11.0628],[79.6151,11.0681],[79.5916,11.0622],[79.5822,11.0706],[79.579,11.0705],[79.5795,11.0615],[79.574,11.0594],[79.5661,11.0633],[79.5526,11.061],[79.5486,11.0755],[79.5522,11.0841],[79.541,11.0847],[79.5483,11.1046],[79.5416,11.1047],[79.5415,11.0954],[79.5387,11.0958],[79.5381,11.1096],[79.5458,11.1134],[79.5442,11.1172],[79.5503,11.1146],[79.5511,11.1301],[79.5613,11.1321],[79.5728,11.1481],[79.5664,11.1491],[79.5656,11.1552],[79.5579,11.1546],[79.5571,11.1631],[79.5397,11.1627],[79.5381,11.1806],[79.5312,11.178],[79.5269,11.1839],[79.5629,11.209],[79.6025,11.2217],[79.6164,11.2556],[79.6234,11.2552],[79.6335,11.2466],[79.648,11.251]]]},"properties":{"STATE":"TAMIL NADU","DISTRICT":"NAGAPATTINAM","AC_NAME":"MAYILADUTHURAI","AC":"AC","YEAR":2026.0,"RES":"GEN","ELECTORS":234622.0,"VOTERS":188461.0,"TURNOUT":80.33,"MARGIN":10845.0,"MARGIN_PERCENTAGE":5.75,"PARTY_RANK1":"INC","PARTY_RANK2":"PMK","PARTY_RANK3":"TVK","PARTY_RANK4":"NTK","CANDIDATE_RANK1":"JAMAL MOHAMED YOUNOOS. Y.N","CANDIDATE_RANK2":"PALANISAMY. A M.COM.","CANDIDATE_RANK3":"HAROON RASHEED. S.S","CANDIDATE_RANK4":"KASIRAMAN. K","VOTES_RANK1":68011.0,"VOTES_RANK2":57166.0,"VOTES_RANK3":52538.0,"VOTES_RANK4":6886.0,"VOTES_RANK1_PERCENTAGE":36.09,"VOTES_RANK2_PERCENTAGE":30.33,"VOTES_RANK3_PERCENTAGE":27.88,"VOTES_RANK4_PERCENTAGE":3.65,"COLOR":"#00BFFF","ID":27631}},{"type":"Feature","geometry":{"type":"MultiPolygon","coordinates":[[[[79.7716,10.8991],[79.7714,10.8986],[79.7708,10.8988],[79.771,10.8993],[79.7716,10.8991]]],[[[79.7586,10.9006],[79.7585,10.8999],[79.7581,10.8999],[79.7581,10.9006],[79.7586,10.9006]]],[[[79.7713,10.9],[79.7706,10.9009],[79.7712,10.901],[79.7713,10.9]]],[[[79.7689,10.901],[79.7703,10.9015],[79.7665,10.8987],[79.7671,10.9013],[79.7689,10.901]]],[[[79.7704,10.9023],[79.7697,10.9026],[79.7703,10.9028],[79.7704,10.9023]]],[[[79.7692,10.9035],[79.7686,10.9037],[79.7692,10.9038],[79.7692,10.9035]]],[[[79.764,10.9074],[79.7678,10.9018],[79.7621,10.9016],[79.7627,10.9091],[79.7638,10.9109],[79.7646,10.9104],[79.764,10.9074]]],[[[79.6962,10.919],[79.7027,10.9202],[79.704,10.925],[79.7162,10.9132],[79.7203,10.9132],[79.7196,10.9186],[79.7253,10.9214],[79.7354,10.9175],[79.7367,10.9098],[79.7449,10.9146],[79.7589,10.9167],[79.7615,10.9128],[79.7569,10.8965],[79.7613,10.9018],[79.7635,10.8999],[79.7562,10.8918],[79.7769,10.8966],[79.7769,10.9055],[79.7773,10.909],[79.7892,10.9085],[79.7952,10.9027],[79.7913,10.9049],[79.7938,10.8988],[79.7825,10.8954],[79.7836,10.8885],[79.7899,10.8904],[79.7903,10.8949],[79.7946,10.8876],[79.8043,10.8911],[79.8287,10.8835],[79.8112,10.8804],[79.811,10.8756],[79.8223,10.8743],[79.8248,10.8649],[79.8116,10.8597],[79.8074,10.8655],[79.8079,10.8557],[79.821,10.8456],[79.828,10.8497],[79.831,10.8274],[79.8413,10.828],[79.8527,10.8269],[79.851,10.7552],[79.8316,10.7559],[79.8137,10.7467],[79.8034,10.7487],[79.8005,10.74],[79.7884,10.7413],[79.7722,10.7557],[79.7743,10.7671],[79.7588,10.7705],[79.757,10.7802],[79.7621,10.7826],[79.7633,10.789],[79.7709,10.7887],[79.7759,10.7786],[79.7828,10.7784],[79.7859,10.7854],[79.7929,10.7858],[79.8025,10.797],[79.8048,10.8032],[79.7984,10.8047],[79.799,10.8078],[79.8126,10.8101],[79.7754,10.8184],[79.779,10.8326],[79.7691,10.8343],[79.7647,10.8351],[79.7654,10.8312],[79.7571,10.8333],[79.7584,10.8295],[79.7526,10.8235],[79.7479,10.8352],[79.7403,10.8291],[79.7371,10.8317],[79.7365,10.8237],[79.7422,10.8222],[79.7463,10.8279],[79.7519,10.822],[79.7491,10.8135],[79.7334,10.8088],[79.7322,10.8031],[79.7303,10.8091],[79.7212,10.8087],[79.7261,10.813],[79.7264,10.8291],[79.709,10.8294],[79.7085,10.8257],[79.7028,10.8253],[79.6959,10.8324],[79.6904,10.8315],[79.6843,10.8293],[79.6837,10.8164],[79.6587,10.8174],[79.658,10.806],[79.6489,10.8101],[79.6459,10.8163],[79.6361,10.8161],[79.6321,10.8156],[79.6297,10.8224],[79.6513,10.8238],[79.6483,10.8341],[79.6532,10.8348],[79.6542,10.8402],[79.6458,10.8508],[79.6256,10.8599],[79.6275,10.8659],[79.6389,10.8608],[79.6365,10.8686],[79.647,10.8693],[79.6469,10.8745],[79.6522,10.8748],[79.6499,10.8863],[79.6537,10.8854],[79.6544,10.8925],[79.6652,10.9002],[79.6682,10.9138],[79.6799,10.9139],[79.681,10.9278],[79.6962,10.919]],[[79.8069,10.8777],[79.8095,10.8781],[79.8074,10.8807],[79.8069,10.8777]]]]},"properties":{"STATE":"TAMIL NADU","DISTRICT":"NAGAPATTINAM","AC_NAME":"NAGAPATTINAM","AC":"AC","YEAR":2026.0,"RES":"GEN","ELECTORS":174736.0,"VOTERS":151326.0,"TURNOUT":86.6,"MARGIN":9781.0,"MARGIN_PERCENTAGE":6.46,"PARTY_RANK1":"DMK","PARTY_RANK2":"TVK","PARTY_RANK3":"AIADMK","PARTY_RANK4":"NTK","CANDIDATE_RANK1":"M.H.JAWAHIRULLAH","CANDIDATE_RANK2":"M.SUGUMAR","CANDIDATE_RANK3":"THANKA.KATHIRAVAN","CANDIDATE_RANK4":"FATHIMA FARHANA.S","VOTES_RANK1":56305.0,"VOTES_RANK2":46524.0,"VOTES_RANK3":41586.0,"VOTES_RANK4":5348.0,"VOTES_RANK1_PERCENTAGE":37.21,"VOTES_RANK2_PERCENTAGE":30.74,"VOTES_RANK3_PERCENTAGE":27.48,"VOTES_RANK4_PERCENTAGE":3.53,"COLOR":"#000000","ID":27639}},{"type":"Feature","geometry":{"type":"Polygon","coordinates":[[[79.8551,11.1856],[79.8584,11.1293],[79.8544,10.9833],[79.8512,10.9943],[79.8394,10.9959],[79.8402,11.0021],[79.8206,10.9982],[79.8152,11.0038],[79.8131,10.9992],[79.8042,10.9977],[79.804,10.9871],[79.7977,10.9826],[79.7863,10.9897],[79.789,10.992],[79.786,10.9974],[79.7666,10.9974],[79.7557,11.0038],[79.7467,11.0026],[79.7481,10.9964],[79.7315,10.9946],[79.7297,10.9985],[79.7212,10.999],[79.7165,11.0085],[79.7067,11.0066],[79.7009,11.0153],[79.6713,11.0172],[79.6422,11.0101],[79.6405,11.0001],[79.6338,11.0004],[79.6325,10.981],[79.6039,10.9825],[79.6079,10.9757],[79.6044,10.9765],[79.6033,10.9717],[79.5851,10.9833],[79.5771,10.9825],[79.5743,10.9707],[79.5632,10.9769],[79.5563,10.9747],[79.5534,10.9675],[79.5329,10.9682],[79.5322,10.9612],[79.5281,10.9595],[79.5297,10.9691],[79.515,10.9708],[79.5133,10.9824],[79.5083,10.983],[79.5116,10.9883],[79.524,10.9887],[79.5229,10.9973],[79.5475,11.0007],[79.5411,11.0043],[79.5421,11.0084],[79.5235,11.0085],[79.525,11.0166],[79.5321,11.0141],[79.5317,11.0223],[79.5298,11.0269],[79.5117,11.0277],[79.5109,11.0423],[79.5225,11.0541],[79.5307,11.0563],[79.5368,11.0705],[79.5486,11.0755],[79.5526,11.061],[79.5661,11.0633],[79.574,11.0594],[79.5795,11.0615],[79.579,11.0705],[79.5822,11.0706],[79.5916,11.0622],[79.6151,11.0681],[79.6198,11.0628],[79.6463,11.0621],[79.6492,11.0562],[79.6524,11.0669],[79.677,11.064],[79.6803,11.068],[79.682,11.0629],[79.6949,11.0779],[79.6926,11.0877],[79.7113,11.0873],[79.713,11.0946],[79.6973,11.0952],[79.7013,11.1006],[79.6941,11.1007],[79.6933,11.1288],[79.7112,11.1423],[79.7387,11.1465],[79.745,11.1526],[79.7476,11.1459],[79.7516,11.1509],[79.8007,11.1491],[79.8041,11.1654],[79.8299,11.1675],[79.8282,11.1766],[79.8378,11.1789],[79.8409,11.1846],[79.8551,11.1856]]]},"properties":{"STATE":"TAMIL NADU","DISTRICT":"NAGAPATTINAM","AC_NAME":"POOMPUHAR","AC":"AC","YEAR":2026.0,"RES":"GEN","ELECTORS":259332.0,"VOTERS":219324.0,"TURNOUT":84.57,"MARGIN":8260.0,"MARGIN_PERCENTAGE":3.77,"PARTY_RANK1":"DMK","PARTY_RANK2":"AIADMK","PARTY_RANK3":"TVK","PARTY_RANK4":"NTK","CANDIDATE_RANK1":"NIVEDHA M MURUGAN","CANDIDATE_RANK2":"PAVUNRAJ. S","CANDIDATE_RANK3":"VIJAYALAIYAN. J","CANDIDATE_RANK4":"ILAYANAGULAN. K","VOTES_RANK1":81096.0,"VOTES_RANK2":72836.0,"VOTES_RANK3":55902.0,"VOTES_RANK4":6353.0,"VOTES_RANK1_PERCENTAGE":36.98,"VOTES_RANK2_PERCENTAGE":33.21,"VOTES_RANK3_PERCENTAGE":25.49,"VOTES_RANK4_PERCENTAGE":2.9,"COLOR":"#000000","ID":27672}},{"type":"Feature","geometry":{"type":"Polygon","coordinates":[[[79.813,11.424],[79.823,11.3798],[79.8365,11.3583],[79.8321,11.3566],[79.8431,11.3512],[79.8359,11.3316],[79.8352,11.3111],[79.8551,11.1856],[79.8409,11.1846],[79.8378,11.1789],[79.8282,11.1766],[79.8299,11.1675],[79.8041,11.1654],[79.8007,11.1491],[79.7516,11.1509],[79.7476,11.1459],[79.745,11.1526],[79.7387,11.1465],[79.7112,11.1423],[79.6933,11.1288],[79.6961,11.1589],[79.7072,11.1534],[79.7204,11.1615],[79.7203,11.1653],[79.7134,11.1677],[79.7112,11.1753],[79.6949,11.1655],[79.6924,11.171],[79.6986,11.1767],[79.6955,11.1802],[79.6797,11.164],[79.6747,11.1654],[79.6732,11.1835],[79.6691,11.1842],[79.6653,11.2005],[79.6738,11.2189],[79.6661,11.2176],[79.6635,11.2259],[79.6692,11.2256],[79.6537,11.2358],[79.6595,11.2469],[79.648,11.251],[79.6494,11.262],[79.6427,11.2807],[79.6467,11.2951],[79.6561,11.3034],[79.6774,11.3081],[79.697,11.3216],[79.7255,11.3462],[79.7591,11.3525],[79.7567,11.3728],[79.7641,11.3819],[79.7913,11.3726],[79.8032,11.3811],[79.813,11.424]]]},"properties":{"STATE":"TAMIL NADU","DISTRICT":"NAGAPATTINAM","AC_NAME":"SIRKAZHI","AC":"AC","YEAR":2026.0,"RES":"SC","ELECTORS":241432.0,"VOTERS":200448.0,"TURNOUT":83.02,"MARGIN":11417.0,"MARGIN_PERCENTAGE":5.7,"PARTY_RANK1":"DMK","PARTY_RANK2":"AIADMK","PARTY_RANK3":"TVK","PARTY_RANK4":"NTK","CANDIDATE_RANK1":"SENTHILSELVAN.R","CANDIDATE_RANK2":"SAKTHI.M","CANDIDATE_RANK3":"GOPINATH.S","CANDIDATE_RANK4":"SUBASH.R","VOTES_RANK1":71449.0,"VOTES_RANK2":60032.0,"VOTES_RANK3":59149.0,"VOTES_RANK4":7397.0,"VOTES_RANK1_PERCENTAGE":35.64,"VOTES_RANK2_PERCENTAGE":29.95,"VOTES_RANK3_PERCENTAGE":29.51,"VOTES_RANK4_PERCENTAGE":3.69,"COLOR":"#000000","ID":27695}},{"type":"Feature","geometry":{"type":"Polygon","coordinates":[[[79.7179,10.5907],[79.7372,10.5885],[79.7477,10.5962],[79.7547,10.5902],[79.7528,10.5784],[79.7842,10.5863],[79.7957,10.5824],[79.799,10.5759],[79.7955,10.5681],[79.7999,10.5679],[79.7972,10.5619],[79.8062,10.5599],[79.8067,10.5524],[79.8129,10.5457],[79.8587,10.5541],[79.8687,10.3756],[79.8822,10.3232],[79.8788,10.2992],[79.8619,10.2831],[79.8236,10.2755],[79.7685,10.2719],[79.7103,10.2778],[79.7005,10.315],[79.633,10.3618],[79.6346,10.3866],[79.6287,10.4001],[79.6333,10.4207],[79.6299,10.4493],[79.6585,10.4516],[79.6593,10.4463],[79.6639,10.4456],[79.6738,10.4526],[79.6893,10.4557],[79.676,10.4845],[79.6988,10.4875],[79.6892,10.5111],[79.7012,10.5107],[79.7146,10.5308],[79.7251,10.5386],[79.7155,10.5445],[79.7109,10.5551],[79.6979,10.5497],[79.6895,10.5514],[79.6878,10.5568],[79.6786,10.5559],[79.6776,10.5676],[79.6686,10.5752],[79.6791,10.5746],[79.6884,10.5842],[79.6726,10.5877],[79.6743,10.5931],[79.6861,10.5887],[79.6902,10.5955],[79.7042,10.5884],[79.7051,10.5952],[79.7149,10.5957],[79.7179,10.5907]]]},"properties":{"STATE":"TAMIL NADU","DISTRICT":"NAGAPATTINAM","AC_NAME":"VEDARANYAM","AC":"AC","YEAR":2026.0,"RES":"GEN","ELECTORS":187527.0,"VOTERS":162216.0,"TURNOUT":86.5,"MARGIN":7331.0,"MARGIN_PERCENTAGE":4.52,"PARTY_RANK1":"AIADMK","PARTY_RANK2":"DMK","PARTY_RANK3":"TVK","PARTY_RANK4":"NTK","CANDIDATE_RANK1":"MANIAN. O.S","CANDIDATE_RANK2":"PUGAZHENDI. M","CANDIDATE_RANK3":"KINGSLY GERALD. A","CANDIDATE_RANK4":"KARTHICK. T","VOTES_RANK1":59172.0,"VOTES_RANK2":51841.0,"VOTES_RANK3":38347.0,"VOTES_RANK4":10396.0,"VOTES_RANK1_PERCENTAGE":36.48,"VOTES_RANK2_PERCENTAGE":31.96,"VOTES_RANK3_PERCENTAGE":23.64,"VOTES_RANK4_PERCENTAGE":6.41,"COLOR":"#007500","ID":27751}},{"type":"Feature","geometry":{"type":"Polygon","coordinates":[[[77.6967,11.4645],[77.7062,11.461],[77.7092,11.4657],[77.7119,11.4639],[77.7087,11.4492],[77.7194,11.4534],[77.7314,11.4448],[77.7421,11.4459],[77.7603,11.451],[77.7656,11.479],[77.7729,11.4828],[77.7845,11.4778],[77.791,11.4661],[77.7839,11.4508],[77.8038,11.4483],[77.8057,11.4592],[77.8144,11.4576],[77.8158,11.4676],[77.8083,11.4689],[77.8298,11.4703],[77.8347,11.4573],[77.8197,11.4458],[77.8471,11.4364],[77.8433,11.409],[77.848,11.4008],[77.8356,11.3765],[77.8148,11.3696],[77.8132,11.3606],[77.7983,11.3569],[77.7938,11.3514],[77.802,11.3365],[77.8134,11.3349],[77.8133,11.3135],[77.791,11.2926],[77.778,11.3115],[77.7555,11.3386],[77.7506,11.3542],[77.7417,11.3651],[77.7186,11.3772],[77.7037,11.3948],[77.6846,11.4174],[77.6839,11.4277],[77.6967,11.4645]]]},"properties":{"STATE":"TAMIL NADU","DISTRICT":"NAMAKKAL","AC_NAME":"KUMARAPALAYAM","AC":"AC","YEAR":2026.0,"RES":"GEN","ELECTORS":220072.0,"VOTERS":205324.0,"TURNOUT":93.3,"MARGIN":7696.0,"MARGIN_PERCENTAGE":3.75,"PARTY_RANK1":"TVK","PARTY_RANK2":"AIADMK","PARTY_RANK3":"DMK","PARTY_RANK4":"NTK","CANDIDATE_RANK1":"C.VIJAYALAKSHMI","CANDIDATE_RANK2":"P.THANGAMANI","CANDIDATE_RANK3":"S.BALU","CANDIDATE_RANK4":"UVARANI SURESH","VOTES_RANK1":81179.0,"VOTES_RANK2":73483.0,"VOTES_RANK3":39993.0,"VOTES_RANK4":7663.0,"VOTES_RANK1_PERCENTAGE":39.54,"VOTES_RANK2_PERCENTAGE":35.79,"VOTES_RANK3_PERCENTAGE":19.48,"VOTES_RANK4_PERCENTAGE":3.73,"COLOR":null,"ID":27612}},{"type":"Feature","geometry":{"type":"Polygon","coordinates":[[[78.1634,11.4288],[78.1624,11.4225],[78.1717,11.4264],[78.1747,11.4237],[78.1715,11.4108],[78.1876,11.4238],[78.197,11.4227],[78.1953,11.4132],[78.2025,11.4129],[78.2091,11.4046],[78.2061,11.3963],[78.2169,11.3989],[78.2226,11.3944],[78.2322,11.3943],[78.2237,11.3849],[78.2251,11.3652],[78.2371,11.3534],[78.2504,11.351],[78.2453,11.3387],[78.2197,11.3247],[78.2108,11.3102],[78.2194,11.2977],[78.2155,11.2742],[78.2108,11.2708],[78.2127,11.2638],[78.2066,11.2535],[78.2084,11.2388],[78.2152,11.2268],[78.1945,11.2204],[78.1852,11.2131],[78.1835,11.203],[78.1879,11.1898],[78.183,11.1738],[78.1955,11.1668],[78.1979,11.1611],[78.188,11.139],[78.2004,11.1323],[78.1986,11.1255],[78.2132,11.1204],[78.2116,11.1077],[78.2225,11.0996],[78.2284,11.1004],[78.2308,11.0948],[78.2289,11.0855],[78.2366,11.0659],[78.229,11.0545],[78.2215,11.0573],[78.2199,11.0666],[78.2044,11.0699],[78.2013,11.0748],[78.1958,11.0643],[78.1824,11.0703],[78.1634,11.0487],[78.164,11.0447],[78.1816,11.0414],[78.1967,11.0454],[78.1991,11.0289],[78.1948,11.022],[78.1652,11.0123],[78.1478,11.0358],[78.1123,11.0637],[78.1138,11.0732],[78.1221,11.0742],[78.1244,11.0784],[78.1205,11.1075],[78.1316,11.1166],[78.1311,11.1249],[78.1162,11.1313],[78.1222,11.1354],[78.121,11.1546],[78.1252,11.1631],[78.1376,11.1668],[78.139,11.1714],[78.1333,11.1776],[78.1189,11.1774],[78.1167,11.1679],[78.1092,11.175],[78.0926,11.1773],[78.09,11.1515],[78.0778,11.1495],[78.0752,11.1427],[78.0596,11.14],[78.0486,11.1453],[78.0469,11.1653],[78.0434,11.1677],[78.0579,11.1794],[78.0614,11.21],[78.0553,11.2165],[78.0524,11.2329],[78.0419,11.2348],[78.0429,11.2637],[78.0385,11.2716],[78.0556,11.2934],[78.0691,11.2881],[78.0736,11.2938],[78.0782,11.2924],[78.0778,11.2839],[78.0817,11.2812],[78.1163,11.2734],[78.1327,11.289],[78.129,11.2913],[78.1352,11.297],[78.1304,11.3094],[78.1048,11.3197],[78.1053,11.3281],[78.086,11.3322],[78.0756,11.3402],[78.0819,11.3621],[78.0907,11.3725],[78.0978,11.4002],[78.1062,11.4189],[78.1242,11.4166],[78.1193,11.4097],[78.1357,11.4092],[78.1349,11.4188],[78.1382,11.4137],[78.1452,11.4134],[78.1418,11.4235],[78.1535,11.4195],[78.1543,11.4294],[78.1634,11.4288]]]},"properties":{"STATE":"TAMIL NADU","DISTRICT":"NAMAKKAL","AC_NAME":"NAMAKKAL","AC":"AC","YEAR":2026.0,"RES":"GEN","ELECTORS":237915.0,"VOTERS":212283.0,"TURNOUT":89.23,"MARGIN":11008.0,"MARGIN_PERCENTAGE":5.19,"PARTY_RANK1":"TVK","PARTY_RANK2":"AIADMK","PARTY_RANK3":"DMK","PARTY_RANK4":"NTK","CANDIDATE_RANK1":"DILIP C S","CANDIDATE_RANK2":"SRIDEVI MOHAN P S","CANDIDATE_RANK3":"RANI P","CANDIDATE_RANK4":"PRAVEENKUMAR K","VOTES_RANK1":79744.0,"VOTES_RANK2":68736.0,"VOTES_RANK3":52808.0,"VOTES_RANK4":6286.0,"VOTES_RANK1_PERCENTAGE":37.56,"VOTES_RANK2_PERCENTAGE":32.38,"VOTES_RANK3_PERCENTAGE":24.88,"VOTES_RANK4_PERCENTAGE":2.96,"COLOR":null,"ID":27641}},{"type":"Feature","geometry":{"type":"Polygon","coordinates":[[[77.9888,11.4101],[77.9897,11.4134],[78.0135,11.4054],[78.0232,11.4081],[78.0239,11.414],[78.0387,11.4094],[78.0558,11.3927],[78.0715,11.395],[78.0782,11.4067],[78.0885,11.4004],[78.0978,11.4002],[78.0907,11.3725],[78.0819,11.3621],[78.0756,11.3402],[78.086,11.3322],[78.1053,11.3281],[78.1048,11.3197],[78.1304,11.3094],[78.1352,11.297],[78.129,11.2913],[78.1327,11.289],[78.1163,11.2734],[78.0817,11.2812],[78.0778,11.2839],[78.0782,11.2924],[78.0736,11.2938],[78.0691,11.2881],[78.0556,11.2934],[78.0385,11.2716],[78.0429,11.2637],[78.0419,11.2348],[78.0524,11.2329],[78.0553,11.2165],[78.0614,11.21],[78.0579,11.1794],[78.0434,11.1677],[78.0469,11.1653],[78.0486,11.1453],[78.0596,11.14],[78.0752,11.1427],[78.0778,11.1495],[78.09,11.1515],[78.0926,11.1773],[78.1092,11.175],[78.1167,11.1679],[78.1189,11.1774],[78.1333,11.1776],[78.139,11.1714],[78.1376,11.1668],[78.1252,11.1631],[78.121,11.1546],[78.1222,11.1354],[78.1162,11.1313],[78.1311,11.1249],[78.1316,11.1166],[78.1205,11.1075],[78.1244,11.0784],[78.1221,11.0742],[78.1138,11.0732],[78.1123,11.0637],[78.1024,11.074],[78.0899,11.0784],[78.0605,11.0763],[78.0529,11.0737],[78.0478,11.0786],[78.0211,11.0934],[77.9941,11.097],[77.9522,11.0669],[77.9446,11.0655],[77.933,11.0702],[77.9043,11.0732],[77.8932,11.0777],[77.8878,11.0868],[77.8816,11.1255],[77.8849,11.1528],[77.8802,11.1626],[77.8656,11.1749],[77.8613,11.1859],[77.8707,11.2159],[77.8616,11.2462],[77.871,11.2565],[77.8753,11.2797],[77.886,11.2896],[77.8922,11.3056],[77.9427,11.3053],[77.9846,11.2969],[77.9897,11.3182],[77.9863,11.3361],[77.9963,11.3411],[78.0112,11.3652],[78.0094,11.3713],[77.9784,11.3798],[77.9888,11.4101]]]},"properties":{"STATE":"TAMIL NADU","DISTRICT":"NAMAKKAL","AC_NAME":"PARAMATHI-VELUR","AC":"AC","YEAR":2026.0,"RES":"GEN","ELECTORS":205215.0,"VOTERS":188845.0,"TURNOUT":92.02,"MARGIN":308.0,"MARGIN_PERCENTAGE":0.16,"PARTY_RANK1":"AIADMK","PARTY_RANK2":"DMK","PARTY_RANK3":"TVK","PARTY_RANK4":"NTK","CANDIDATE_RANK1":"SEKAR S","CANDIDATE_RANK2":"MOORTHIY K S","CANDIDATE_RANK3":"NANDAKUMAR A","CANDIDATE_RANK4":"ARAVIND M","VOTES_RANK1":61349.0,"VOTES_RANK2":61041.0,"VOTES_RANK3":56067.0,"VOTES_RANK4":5727.0,"VOTES_RANK1_PERCENTAGE":32.49,"VOTES_RANK2_PERCENTAGE":32.32,"VOTES_RANK3_PERCENTAGE":29.69,"VOTES_RANK4_PERCENTAGE":3.03,"COLOR":"#007500","ID":27661}},{"type":"Feature","geometry":{"type":"Polygon","coordinates":[[[78.433,11.5954],[78.4516,11.5972],[78.4488,11.5656],[78.4606,11.5615],[78.4543,11.5425],[78.4665,11.5376],[78.4598,11.5345],[78.4616,11.5294],[78.4702,11.5294],[78.4733,11.5228],[78.4649,11.5027],[78.4615,11.4954],[78.4583,11.5025],[78.4396,11.4951],[78.4343,11.4993],[78.4329,11.4759],[78.426,11.4731],[78.4327,11.4628],[78.4372,11.4639],[78.445,11.4399],[78.4572,11.4385],[78.4484,11.4294],[78.4177,11.42],[78.4144,11.4242],[78.4073,11.4238],[78.4097,11.4294],[78.4026,11.4294],[78.4015,11.4463],[78.3936,11.4474],[78.3852,11.4408],[78.3684,11.4472],[78.3609,11.4366],[78.3506,11.4318],[78.3449,11.4341],[78.3371,11.4259],[78.3433,11.4168],[78.3391,11.413],[78.3248,11.4122],[78.2986,11.4313],[78.3164,11.4544],[78.3134,11.4662],[78.32,11.4816],[78.3199,11.4854],[78.3044,11.4803],[78.3008,11.4849],[78.255,11.4789],[78.2378,11.4649],[78.2347,11.4573],[78.2379,11.4458],[78.2292,11.441],[78.2235,11.4301],[78.2333,11.4264],[78.2435,11.3933],[78.227,11.3831],[78.2237,11.3849],[78.2322,11.3943],[78.2226,11.3944],[78.2169,11.3989],[78.2061,11.3963],[78.2091,11.4046],[78.2025,11.4129],[78.1953,11.4132],[78.197,11.4227],[78.1876,11.4238],[78.1715,11.4108],[78.1747,11.4237],[78.1717,11.4264],[78.1624,11.4225],[78.1634,11.4288],[78.1543,11.4294],[78.1535,11.4195],[78.1418,11.4235],[78.1452,11.4134],[78.1382,11.4137],[78.1349,11.4188],[78.1357,11.4092],[78.1193,11.4097],[78.1242,11.4166],[78.1062,11.4189],[78.1119,11.4308],[78.1164,11.4315],[78.1162,11.4485],[78.1064,11.4644],[78.0941,11.4634],[78.0875,11.4469],[78.0828,11.4455],[78.0667,11.4526],[78.0607,11.4596],[78.0617,11.4644],[78.0531,11.4664],[78.051,11.4884],[78.0601,11.4847],[78.063,11.4902],[78.0662,11.4842],[78.0796,11.4895],[78.083,11.4997],[78.0752,11.5005],[78.0697,11.5084],[78.0736,11.5222],[78.0777,11.5285],[78.0769,11.5427],[78.0833,11.5541],[78.0862,11.5459],[78.0911,11.5464],[78.1054,11.5574],[78.1099,11.5558],[78.1167,11.5405],[78.1314,11.5382],[78.1381,11.5441],[78.1463,11.5385],[78.1598,11.5387],[78.1656,11.5483],[78.1778,11.5447],[78.1764,11.5486],[78.1808,11.5508],[78.2012,11.5528],[78.2087,11.5651],[78.2392,11.5577],[78.2431,11.553],[78.2638,11.5591],[78.277,11.5658],[78.2643,11.5671],[78.2719,11.5787],[78.3097,11.5879],[78.3192,11.5786],[78.3177,11.5734],[78.3103,11.575],[78.3072,11.5647],[78.3294,11.5586],[78.324,11.5545],[78.3232,11.5427],[78.31,11.5413],[78.3263,11.5365],[78.3284,11.5314],[78.3452,11.5417],[78.3435,11.5466],[78.3565,11.559],[78.3745,11.5886],[78.3758,11.5774],[78.3828,11.5753],[78.3858,11.5866],[78.433,11.5954]]]},"properties":{"STATE":"TAMIL NADU","DISTRICT":"NAMAKKAL","AC_NAME":"RASIPURAM","AC":"AC","YEAR":2026.0,"RES":"SC","ELECTORS":222304.0,"VOTERS":204680.0,"TURNOUT":92.07,"MARGIN":14511.0,"MARGIN_PERCENTAGE":7.09,"PARTY_RANK1":"TVK","PARTY_RANK2":"BJP","PARTY_RANK3":"DMK","PARTY_RANK4":"NTK","CANDIDATE_RANK1":"LOGESH TAMILSELVAN D","CANDIDATE_RANK2":"PREMKUMAR S D","CANDIDATE_RANK3":"MATHIVENTHAN M DR","CANDIDATE_RANK4":"SASIKALA S","VOTES_RANK1":74808.0,"VOTES_RANK2":60297.0,"VOTES_RANK3":57854.0,"VOTES_RANK4":6415.0,"VOTES_RANK1_PERCENTAGE":36.55,"VOTES_RANK2_PERCENTAGE":29.46,"VOTES_RANK3_PERCENTAGE":28.27,"VOTES_RANK4_PERCENTAGE":3.13,"COLOR":null,"ID":27679}},{"type":"Feature","geometry":{"type":"Polygon","coordinates":[[[78.3008,11.4849],[78.3044,11.4803],[78.3199,11.4854],[78.32,11.4816],[78.3134,11.4662],[78.3164,11.4544],[78.2986,11.4313],[78.3248,11.4122],[78.3391,11.413],[78.3433,11.4168],[78.3371,11.4259],[78.3449,11.4341],[78.3506,11.4318],[78.3609,11.4366],[78.3684,11.4472],[78.3852,11.4408],[78.3936,11.4474],[78.4015,11.4463],[78.4026,11.4294],[78.4097,11.4294],[78.4073,11.4238],[78.4144,11.4242],[78.4177,11.42],[78.4484,11.4294],[78.4428,11.4081],[78.4457,11.4024],[78.4263,11.3863],[78.4599,11.4042],[78.4803,11.4064],[78.4827,11.4134],[78.4877,11.4138],[78.4861,11.407],[78.4791,11.3875],[78.4695,11.3856],[78.4641,11.3766],[78.4557,11.355],[78.457,11.3397],[78.4467,11.3444],[78.4474,11.3318],[78.4556,11.332],[78.4652,11.3117],[78.4531,11.2986],[78.447,11.2747],[78.4377,11.2675],[78.4393,11.259],[78.4205,11.2219],[78.4214,11.2124],[78.4138,11.2082],[78.411,11.1982],[78.3813,11.1876],[78.3871,11.1774],[78.378,11.1769],[78.3812,11.1397],[78.3767,11.1345],[78.3459,11.1388],[78.347,11.1233],[78.3431,11.1124],[78.3273,11.1034],[78.3252,11.097],[78.3388,11.0948],[78.3414,11.0902],[78.3368,11.0837],[78.341,11.0837],[78.3515,11.0687],[78.3635,11.0645],[78.3608,11.0483],[78.3504,11.0485],[78.3444,11.0257],[78.3295,11.03],[78.3229,11.0594],[78.2948,11.0716],[78.2898,11.0774],[78.2732,11.0776],[78.2658,11.0703],[78.2558,11.0748],[78.2489,11.0926],[78.2308,11.0948],[78.2284,11.1004],[78.2225,11.0996],[78.2116,11.1077],[78.2132,11.1204],[78.1986,11.1255],[78.2004,11.1323],[78.188,11.139],[78.1979,11.1611],[78.1955,11.1668],[78.183,11.1738],[78.1879,11.1898],[78.1835,11.203],[78.1852,11.2131],[78.1945,11.2204],[78.2152,11.2268],[78.2084,11.2388],[78.2066,11.2535],[78.2127,11.2638],[78.2108,11.2708],[78.2155,11.2742],[78.2194,11.2977],[78.2108,11.3102],[78.2197,11.3247],[78.2453,11.3387],[78.2504,11.351],[78.2371,11.3534],[78.2251,11.3652],[78.2237,11.3849],[78.227,11.3831],[78.2435,11.3933],[78.2333,11.4264],[78.2235,11.4301],[78.2292,11.441],[78.2379,11.4458],[78.2347,11.4573],[78.2378,11.4649],[78.255,11.4789],[78.3008,11.4849]]]},"properties":{"STATE":"TAMIL NADU","DISTRICT":"NAMAKKAL","AC_NAME":"SENTHAMANGALAM","AC":"AC","YEAR":2026.0,"RES":"ST","ELECTORS":229482.0,"VOTERS":209687.0,"TURNOUT":91.37,"MARGIN":2655.0,"MARGIN_PERCENTAGE":1.27,"PARTY_RANK1":"TVK","PARTY_RANK2":"AIADMK","PARTY_RANK3":"DMK","PARTY_RANK4":"NTK","CANDIDATE_RANK1":"P CHANDRASEKAR","CANDIDATE_RANK2":"C CHANDRASEKARAN","CANDIDATE_RANK3":"P POOMALAR","CANDIDATE_RANK4":"PONNUMANI C","VOTES_RANK1":68815.0,"VOTES_RANK2":66160.0,"VOTES_RANK3":64951.0,"VOTES_RANK4":6478.0,"VOTES_RANK1_PERCENTAGE":32.82,"VOTES_RANK2_PERCENTAGE":31.55,"VOTES_RANK3_PERCENTAGE":30.98,"VOTES_RANK4_PERCENTAGE":3.09,"COLOR":null,"ID":27690}},{"type":"Feature","geometry":{"type":"Polygon","coordinates":[[[78.0186,11.5288],[78.0348,11.5291],[78.0354,11.5223],[78.0538,11.5138],[78.0554,11.5224],[78.0585,11.5152],[78.0617,11.5228],[78.0674,11.5227],[78.0705,11.5285],[78.0696,11.5237],[78.0736,11.5222],[78.0697,11.5084],[78.0752,11.5005],[78.083,11.4997],[78.0796,11.4895],[78.0662,11.4842],[78.063,11.4902],[78.0601,11.4847],[78.051,11.4884],[78.0531,11.4664],[78.0617,11.4644],[78.0607,11.4596],[78.0667,11.4526],[78.0828,11.4455],[78.0875,11.4469],[78.0941,11.4634],[78.1064,11.4644],[78.1162,11.4485],[78.1164,11.4315],[78.1119,11.4308],[78.1062,11.4189],[78.0978,11.4002],[78.0885,11.4004],[78.0782,11.4067],[78.0715,11.395],[78.0558,11.3927],[78.0387,11.4094],[78.0239,11.414],[78.0232,11.4081],[78.0135,11.4054],[77.9897,11.4134],[77.9888,11.4101],[77.9784,11.3798],[78.0094,11.3713],[78.0112,11.3652],[77.9963,11.3411],[77.9863,11.3361],[77.9897,11.3182],[77.9846,11.2969],[77.9427,11.3053],[77.8922,11.3056],[77.886,11.2896],[77.8753,11.2797],[77.871,11.2565],[77.8616,11.2462],[77.8386,11.2615],[77.8102,11.266],[77.791,11.2926],[77.8133,11.3135],[77.8134,11.3349],[77.802,11.3365],[77.7938,11.3514],[77.7983,11.3569],[77.8132,11.3606],[77.8148,11.3696],[77.8356,11.3765],[77.848,11.4008],[77.8433,11.409],[77.8471,11.4364],[77.8504,11.4345],[77.8477,11.4208],[77.8524,11.4221],[77.8531,11.4148],[77.8638,11.4235],[77.8646,11.4172],[77.875,11.4132],[77.8802,11.4232],[77.8901,11.4243],[77.8898,11.4196],[77.8995,11.4195],[77.9064,11.4253],[77.9108,11.4222],[77.9101,11.4422],[77.9136,11.4437],[77.9153,11.4585],[77.919,11.452],[77.9243,11.4515],[77.9232,11.4614],[77.929,11.458],[77.9418,11.4602],[77.949,11.4742],[77.9553,11.4692],[77.9723,11.4682],[77.977,11.5002],[77.9737,11.5146],[77.9783,11.5288],[78.006,11.5244],[78.0186,11.5288]]]},"properties":{"STATE":"TAMIL NADU","DISTRICT":"NAMAKKAL","AC_NAME":"TIRUCHENGODU","AC":"AC","YEAR":2026.0,"RES":"GEN","ELECTORS":209099.0,"VOTERS":191122.0,"TURNOUT":91.4,"MARGIN":28172.0,"MARGIN_PERCENTAGE":14.74,"PARTY_RANK1":"TVK","PARTY_RANK2":"AIADMK","PARTY_RANK3":"DMK","PARTY_RANK4":"NTK","CANDIDATE_RANK1":"ARUNRAJ K G","CANDIDATE_RANK2":"SRMT SEKAR (A) CHANDRASEKAR R","CANDIDATE_RANK3":"ESWARAN E R","CANDIDATE_RANK4":"REVATHI K","VOTES_RANK1":79500.0,"VOTES_RANK2":51328.0,"VOTES_RANK3":49465.0,"VOTES_RANK4":6085.0,"VOTES_RANK1_PERCENTAGE":41.6,"VOTES_RANK2_PERCENTAGE":26.86,"VOTES_RANK3_PERCENTAGE":25.88,"VOTES_RANK4_PERCENTAGE":3.18,"COLOR":null,"ID":27726}},{"type":"Feature","geometry":{"type":"Polygon","coordinates":[[[78.9822,11.4024],[78.9977,11.4072],[79.0096,11.3981],[79.0317,11.3937],[79.0523,11.403],[79.0844,11.3969],[79.1066,11.4019],[79.1282,11.3944],[79.1429,11.3842],[79.1618,11.3818],[79.1752,11.3742],[79.2261,11.3921],[79.2378,11.3887],[79.2412,11.3697],[79.2518,11.3756],[79.2585,11.3883],[79.273,11.3859],[79.2737,11.3803],[79.2855,11.3801],[79.2784,11.3701],[79.2818,11.3622],[79.2889,11.3592],[79.2887,11.3484],[79.2852,11.3449],[79.2648,11.3436],[79.2669,11.331],[79.259,11.3331],[79.2597,11.3227],[79.2462,11.3098],[79.2474,11.2919],[79.2522,11.2959],[79.2564,11.2872],[79.264,11.288],[79.2668,11.2604],[79.2772,11.2477],[79.2904,11.2435],[79.2881,11.2262],[79.2965,11.2135],[79.2872,11.2081],[79.2878,11.2029],[79.2716,11.2009],[79.2699,11.1873],[79.2644,11.1861],[79.2641,11.172],[79.2405,11.1661],[79.2291,11.1784],[79.2215,11.1792],[79.2222,11.1728],[79.2305,11.1718],[79.2253,11.1665],[79.2311,11.1633],[79.2251,11.1574],[79.2313,11.1567],[79.2292,11.1546],[79.2193,11.1592],[79.217,11.1696],[79.1994,11.1636],[79.1902,11.1521],[79.1841,11.1545],[79.1903,11.1784],[79.1648,11.1786],[79.1498,11.1841],[79.148,11.1899],[79.1738,11.2033],[79.1788,11.2204],[79.1908,11.2249],[79.1913,11.2315],[79.1875,11.2328],[79.1795,11.2341],[79.1777,11.2391],[79.1582,11.2404],[79.1581,11.2534],[79.1513,11.2539],[79.1371,11.269],[79.1299,11.2608],[79.1234,11.2617],[79.1225,11.2497],[79.11,11.2455],[79.1123,11.2318],[79.0998,11.2315],[79.095,11.1999],[79.0666,11.2057],[79.0662,11.1897],[79.0772,11.1898],[79.0777,11.1834],[79.0704,11.1772],[79.0739,11.1584],[79.0619,11.1531],[79.0614,11.1416],[79.0583,11.1424],[79.0561,11.1347],[79.0642,11.1309],[79.0684,11.1074],[79.0543,11.0871],[79.0318,11.0842],[79.0262,11.0681],[79.0181,11.0664],[79.0201,11.0624],[79.0093,11.0612],[79.0066,11.0564],[79.0017,11.0608],[78.9982,11.0757],[78.9851,11.079],[78.9844,11.0885],[78.9733,11.0947],[78.9371,11.0947],[78.9276,11.0901],[78.916,11.0976],[78.8877,11.1019],[78.8734,11.0965],[78.8733,11.0856],[78.8649,11.0866],[78.8623,11.0916],[78.8489,11.0902],[78.8492,11.1122],[78.8433,11.1222],[78.8399,11.153],[78.8449,11.1607],[78.8455,11.1751],[78.9031,11.1666],[78.9151,11.1586],[78.9205,11.1672],[78.9348,11.1721],[78.9346,11.1795],[78.9443,11.1872],[78.9376,11.1924],[78.9401,11.2125],[78.9347,11.2223],[78.9257,11.2263],[78.9268,11.2377],[78.9228,11.2399],[78.9428,11.2458],[78.9424,11.273],[78.9274,11.2748],[78.9252,11.2831],[78.9188,11.2833],[78.917,11.2924],[78.9318,11.3086],[78.9414,11.3089],[78.9444,11.3176],[78.9532,11.3211],[78.9521,11.3322],[78.9653,11.3341],[78.9672,11.3423],[78.993,11.342],[78.9995,11.3614],[78.9949,11.3641],[78.9911,11.3786],[78.9815,11.3784],[78.9818,11.396],[78.9741,11.399],[78.9822,11.4024]]]},"properties":{"STATE":"TAMIL NADU","DISTRICT":"PERAMBALUR","AC_NAME":"KUNNAM","AC":"AC","YEAR":2026.0,"RES":"GEN","ELECTORS":268155.0,"VOTERS":230570.0,"TURNOUT":85.98,"MARGIN":15557.0,"MARGIN_PERCENTAGE":6.75,"PARTY_RANK1":"DMK","PARTY_RANK2":"AIADMK","PARTY_RANK3":"TVK","PARTY_RANK4":"NTK","CANDIDATE_RANK1":"SIVASANKAR. S.S","CANDIDATE_RANK2":"SARANYA. A","CANDIDATE_RANK3":"REVATHI MUTHAMILSELVAN","CANDIDATE_RANK4":"KEERTHIVASAN. R","VOTES_RANK1":87237.0,"VOTES_RANK2":71680.0,"VOTES_RANK3":59170.0,"VOTES_RANK4":7482.0,"VOTES_RANK1_PERCENTAGE":37.84,"VOTES_RANK2_PERCENTAGE":31.09,"VOTES_RANK3_PERCENTAGE":25.66,"VOTES_RANK4_PERCENTAGE":3.25,"COLOR":"#000000","ID":27614}},{"type":"Feature","geometry":{"type":"Polygon","coordinates":[[[78.8431,11.5233],[78.8706,11.5176],[78.8775,11.5075],[78.884,11.4967],[78.9081,11.4761],[78.9117,11.4648],[78.9438,11.4302],[78.9485,11.4194],[78.9564,11.4155],[78.9602,11.4063],[78.9822,11.4024],[78.9741,11.399],[78.9818,11.396],[78.9815,11.3784],[78.9911,11.3786],[78.9949,11.3641],[78.9995,11.3614],[78.993,11.342],[78.9672,11.3423],[78.9653,11.3341],[78.9521,11.3322],[78.9532,11.3211],[78.9444,11.3176],[78.9414,11.3089],[78.9318,11.3086],[78.917,11.2924],[78.9188,11.2833],[78.9252,11.2831],[78.9274,11.2748],[78.9424,11.273],[78.9428,11.2458],[78.9228,11.2399],[78.9268,11.2377],[78.9257,11.2263],[78.9347,11.2223],[78.9401,11.2125],[78.9376,11.1924],[78.9443,11.1872],[78.9346,11.1795],[78.9348,11.1721],[78.9205,11.1672],[78.9151,11.1586],[78.9031,11.1666],[78.8455,11.1751],[78.8449,11.1607],[78.8399,11.153],[78.8433,11.1222],[78.8492,11.1122],[78.8489,11.0902],[78.8383,11.0764],[78.8077,11.0806],[78.8057,11.0898],[78.8106,11.1121],[78.7902,11.1166],[78.7769,11.1133],[78.7763,11.1177],[78.759,11.1227],[78.7352,11.1056],[78.7379,11.0889],[78.7454,11.0831],[78.7446,11.0794],[78.7427,11.0755],[78.7202,11.074],[78.7176,11.0557],[78.7105,11.0565],[78.7097,11.0622],[78.701,11.0686],[78.6982,11.092],[78.687,11.1143],[78.6868,11.1291],[78.6809,11.1304],[78.6805,11.1474],[78.6744,11.164],[78.652,11.1637],[78.6511,11.1683],[78.6632,11.1748],[78.6758,11.1954],[78.6987,11.1912],[78.7125,11.2128],[78.7088,11.2277],[78.7027,11.2288],[78.7134,11.2401],[78.71,11.249],[78.717,11.2586],[78.7269,11.2614],[78.7298,11.2728],[78.7402,11.2748],[78.752,11.2861],[78.7385,11.2946],[78.7246,11.3221],[78.7114,11.3163],[78.7058,11.3253],[78.686,11.3224],[78.6832,11.327],[78.6759,11.3274],[78.665,11.3174],[78.6587,11.3184],[78.662,11.3299],[78.6558,11.3336],[78.6396,11.3264],[78.6343,11.3361],[78.6504,11.3411],[78.6512,11.3457],[78.6571,11.3471],[78.6603,11.3583],[78.6732,11.3604],[78.6746,11.3684],[78.69,11.3808],[78.6635,11.3742],[78.6581,11.3808],[78.6566,11.4015],[78.6502,11.4084],[78.6511,11.422],[78.6802,11.4299],[78.7032,11.4563],[78.7414,11.4497],[78.7435,11.4435],[78.7562,11.4374],[78.7889,11.3876],[78.7927,11.3906],[78.7989,11.3861],[78.8013,11.4027],[78.8061,11.4021],[78.8227,11.4281],[78.8183,11.4329],[78.8191,11.4405],[78.7893,11.4541],[78.7899,11.4576],[78.7962,11.4616],[78.7983,11.4826],[78.8097,11.4828],[78.8102,11.508],[78.8339,11.5067],[78.8431,11.5233]]]},"properties":{"STATE":"TAMIL NADU","DISTRICT":"PERAMBALUR","AC_NAME":"PERAMBALUR","AC":"AC","YEAR":2026.0,"RES":"SC","ELECTORS":290731.0,"VOTERS":253654.0,"TURNOUT":87.25,"MARGIN":14393.0,"MARGIN_PERCENTAGE":5.67,"PARTY_RANK1":"TVK","PARTY_RANK2":"DMK","PARTY_RANK3":"AIADMK","PARTY_RANK4":"NTK","CANDIDATE_RANK1":"SIVAKUMAR. K","CANDIDATE_RANK2":"DR. JAYALAKSHMI. S.T","CANDIDATE_RANK3":"THAMIZHSELVAN. R","CANDIDATE_RANK4":"SUGANYA. J","VOTES_RANK1":90882.0,"VOTES_RANK2":76489.0,"VOTES_RANK3":72716.0,"VOTES_RANK4":9474.0,"VOTES_RANK1_PERCENTAGE":35.83,"VOTES_RANK2_PERCENTAGE":30.15,"VOTES_RANK3_PERCENTAGE":28.67,"VOTES_RANK4_PERCENTAGE":3.74,"COLOR":null,"ID":27664}},{"type":"Feature","geometry":{"type":"Polygon","coordinates":[[[79.0189,10.4029],[79.0262,10.4041],[79.0219,10.4008],[79.0211,10.3856],[79.0436,10.382],[79.0425,10.3704],[79.0483,10.3791],[79.0553,10.3799],[79.0565,10.366],[79.0609,10.3724],[79.072,10.3691],[79.0747,10.3769],[79.089,10.3743],[79.0944,10.3673],[79.1083,10.3756],[79.1325,10.3745],[79.1366,10.382],[79.1447,10.3822],[79.1477,10.3763],[79.1438,10.3649],[79.1506,10.3571],[79.1471,10.3551],[79.1484,10.3442],[79.1429,10.3455],[79.133,10.3353],[79.1238,10.3369],[79.1179,10.3312],[79.1185,10.3257],[79.1302,10.3307],[79.1339,10.3256],[79.1185,10.3027],[79.1197,10.2878],[79.1289,10.2812],[79.1271,10.2773],[79.1336,10.2644],[79.1302,10.2528],[79.1175,10.2513],[79.1168,10.2345],[79.1342,10.2301],[79.1355,10.2362],[79.1505,10.2363],[79.1547,10.2287],[79.1794,10.2238],[79.177,10.2204],[79.1808,10.2114],[79.187,10.2069],[79.1836,10.201],[79.1761,10.2029],[79.1753,10.1988],[79.1626,10.2065],[79.1516,10.1986],[79.152,10.1915],[79.132,10.1987],[79.1248,10.1953],[79.1239,10.1871],[79.1125,10.1905],[79.107,10.1866],[79.0881,10.1868],[79.0812,10.1919],[79.0722,10.1859],[79.0738,10.1759],[79.0567,10.1813],[79.0533,10.1935],[79.0378,10.1935],[79.0259,10.2027],[79.0065,10.2096],[78.9983,10.2076],[78.9892,10.211],[78.9794,10.1834],[78.9553,10.1922],[78.9389,10.1873],[78.9328,10.1936],[78.9279,10.2249],[78.9107,10.2421],[78.9145,10.2488],[78.9082,10.2483],[78.9102,10.2527],[78.8896,10.2881],[78.8903,10.2939],[78.8805,10.3031],[78.8734,10.3029],[78.871,10.2988],[78.8601,10.3028],[78.8549,10.3128],[78.8329,10.33],[78.8323,10.3387],[78.8338,10.3416],[78.838,10.3381],[78.8448,10.3542],[78.8451,10.3599],[78.8343,10.3664],[78.8376,10.3737],[78.8481,10.3669],[78.8507,10.3703],[78.8568,10.3688],[78.8545,10.3789],[78.8638,10.3798],[78.8664,10.3864],[78.8869,10.3764],[78.889,10.3801],[78.881,10.3924],[78.8833,10.3954],[78.9065,10.3967],[78.9174,10.4023],[78.917,10.4076],[78.928,10.4078],[78.9605,10.3931],[78.9671,10.3957],[78.9822,10.3798],[78.9871,10.3914],[78.9946,10.3918],[78.9973,10.3992],[79.006,10.3997],[79.005,10.4128],[79.0086,10.4143],[79.0189,10.4029]]]},"properties":{"STATE":"TAMIL NADU","DISTRICT":"PUDUKKOTTAI","AC_NAME":"ALANGUDI","AC":"AC","YEAR":2026.0,"RES":"GEN","ELECTORS":212139.0,"VOTERS":180483.0,"TURNOUT":85.08,"MARGIN":12977.0,"MARGIN_PERCENTAGE":7.19,"PARTY_RANK1":"DMK","PARTY_RANK2":"TVK","PARTY_RANK3":"AIADMK","PARTY_RANK4":"NTK","CANDIDATE_RANK1":"SIVA.V.MEYYANATHAN","CANDIDATE_RANK2":"KANDASAMY","CANDIDATE_RANK3":"DHANA VIMAL","CANDIDATE_RANK4":"R.RAJARAM","VOTES_RANK1":64929.0,"VOTES_RANK2":51952.0,"VOTES_RANK3":50063.0,"VOTES_RANK4":10652.0,"VOTES_RANK1_PERCENTAGE":35.98,"VOTES_RANK2_PERCENTAGE":28.78,"VOTES_RANK3_PERCENTAGE":27.74,"VOTES_RANK4_PERCENTAGE":5.9,"COLOR":"#000000","ID":27534}},{"type":"Feature","geometry":{"type":"Polygon","coordinates":[[[78.9983,10.2076],[79.0065,10.2096],[79.0259,10.2027],[79.0378,10.1935],[79.0533,10.1935],[79.0567,10.1813],[79.0738,10.1759],[79.0722,10.1859],[79.0812,10.1919],[79.0881,10.1868],[79.107,10.1866],[79.1125,10.1905],[79.1239,10.1871],[79.1248,10.1953],[79.132,10.1987],[79.152,10.1915],[79.1583,10.1825],[79.1585,10.1745],[79.1511,10.1684],[79.1519,10.1598],[79.1599,10.1571],[79.1658,10.1586],[79.1635,10.1627],[79.1792,10.1585],[79.1966,10.1619],[79.1963,10.1569],[79.2048,10.1583],[79.2067,10.1369],[79.2272,10.1367],[79.2356,10.128],[79.2271,10.1192],[79.2302,10.1184],[79.2258,10.1011],[79.2285,10.0903],[79.2366,10.0766],[79.246,10.0738],[79.252,10.0657],[79.2555,10.0451],[79.266,10.0393],[79.2443,10.0273],[79.2165,9.9976],[79.2148,10.0001],[79.2161,9.9968],[79.1984,9.9734],[79.1535,9.9297],[79.1515,9.9161],[79.1289,9.8949],[79.1192,9.8772],[79.1184,9.8666],[79.1239,9.8652],[79.1135,9.8469],[79.0992,9.8573],[79.0888,9.8584],[79.0693,9.8516],[79.0606,9.8597],[79.0454,9.8609],[79.031,9.8938],[79.0225,9.9034],[79.0155,9.9036],[78.9897,9.9472],[78.9887,9.9516],[79.0018,9.9551],[79.0014,9.9638],[78.9978,9.965],[79.0028,9.9787],[79.0155,9.9808],[79.0101,9.9896],[79.0029,9.9874],[78.9937,9.9958],[78.9817,9.9904],[78.9726,9.9922],[78.9746,9.9997],[78.9651,10.0074],[78.9522,10.0077],[78.9305,10.0218],[78.9318,10.039],[78.924,10.0431],[78.9383,10.0574],[78.944,10.0557],[78.9344,10.072],[78.9461,10.079],[78.9501,10.0902],[78.963,10.095],[78.9706,10.0826],[78.9769,10.0813],[78.9779,10.0867],[78.9828,10.0849],[78.987,10.0895],[78.9822,10.1003],[78.977,10.1021],[78.9769,10.1098],[78.9662,10.128],[78.9588,10.1144],[78.9497,10.1145],[78.9481,10.1058],[78.9413,10.1143],[78.9416,10.1103],[78.9375,10.1157],[78.9287,10.1145],[78.929,10.1207],[78.924,10.1231],[78.9301,10.128],[78.9614,10.1259],[78.9627,10.1314],[78.9552,10.1327],[78.9589,10.1405],[78.9419,10.1392],[78.9452,10.153],[78.9301,10.1587],[78.9349,10.1669],[78.9284,10.1727],[78.9184,10.1741],[78.9191,10.1801],[78.924,10.1804],[78.9328,10.1936],[78.9389,10.1873],[78.9553,10.1922],[78.9794,10.1834],[78.9892,10.211],[78.9983,10.2076]]]},"properties":{"STATE":"TAMIL NADU","DISTRICT":"PUDUKKOTTAI","AC_NAME":"ARANTHANGI","AC":"AC","YEAR":2026.0,"RES":"GEN","ELECTORS":229834.0,"VOTERS":182730.0,"TURNOUT":79.51,"MARGIN":10062.0,"MARGIN_PERCENTAGE":5.51,"PARTY_RANK1":"TVK","PARTY_RANK2":"INC","PARTY_RANK3":"BJP","PARTY_RANK4":"NTK","CANDIDATE_RANK1":"MOHAMED FARVAS. J","CANDIDATE_RANK2":"RAMACHANDRAN . T","CANDIDATE_RANK3":"KAVITHA SRIKANTH","CANDIDATE_RANK4":"MUTHULAKSHMI. S","VOTES_RANK1":73244.0,"VOTES_RANK2":63182.0,"VOTES_RANK3":31456.0,"VOTES_RANK4":9975.0,"VOTES_RANK1_PERCENTAGE":40.08,"VOTES_RANK2_PERCENTAGE":34.58,"VOTES_RANK3_PERCENTAGE":17.21,"VOTES_RANK4_PERCENTAGE":5.46,"COLOR":null,"ID":27545}},{"type":"Feature","geometry":{"type":"Polygon","coordinates":[[[78.8734,10.7057],[78.8821,10.6954],[78.8935,10.6944],[78.8935,10.6858],[78.9056,10.6807],[78.9081,10.6719],[78.9369,10.6875],[78.9455,10.6759],[78.9372,10.6769],[78.936,10.6727],[78.9564,10.6646],[78.9607,10.6546],[78.965,10.6542],[78.9694,10.6801],[78.9825,10.6842],[78.9807,10.6919],[78.9879,10.7029],[78.989,10.7198],[78.9987,10.7239],[79.0056,10.7144],[79.0107,10.7143],[79.0037,10.7079],[79.0083,10.6997],[79.0244,10.6987],[79.0325,10.695],[79.0169,10.6917],[79.0157,10.6821],[79.054,10.6799],[79.0623,10.6738],[79.0683,10.6773],[79.0652,10.6483],[79.0701,10.6404],[79.1004,10.6297],[79.104,10.615],[79.1187,10.6346],[79.1263,10.6349],[79.1444,10.6049],[79.1385,10.5981],[79.1429,10.5864],[79.1774,10.5868],[79.1789,10.5715],[79.191,10.5784],[79.1903,10.5658],[79.1874,10.5666],[79.1911,10.56],[79.1834,10.5568],[79.1832,10.5502],[79.179,10.5506],[79.1843,10.5465],[79.1848,10.538],[79.1779,10.5385],[79.1679,10.5302],[79.158,10.5337],[79.1527,10.5298],[79.1517,10.5327],[79.1491,10.5239],[79.1549,10.5218],[79.1404,10.5124],[79.139,10.4975],[79.1294,10.4977],[79.1285,10.4941],[79.1291,10.4913],[79.1326,10.4938],[79.1297,10.4872],[79.1343,10.4844],[79.1473,10.4854],[79.1518,10.4753],[79.1601,10.4729],[79.17,10.4812],[79.1726,10.4737],[79.1768,10.4774],[79.1782,10.4718],[79.1829,10.4719],[79.1949,10.4674],[79.1948,10.4626],[79.1735,10.4583],[79.1731,10.4528],[79.167,10.4551],[79.1723,10.4487],[79.1769,10.4516],[79.1764,10.4477],[79.16,10.4486],[79.1588,10.4456],[79.1559,10.452],[79.151,10.4466],[79.1403,10.449],[79.1436,10.4452],[79.1373,10.4393],[79.1261,10.4369],[79.1101,10.4465],[79.1096,10.4619],[79.0956,10.4722],[79.0915,10.4682],[79.0943,10.462],[79.0761,10.4652],[79.076,10.4594],[79.0686,10.4595],[79.0714,10.4532],[79.0638,10.4531],[79.0648,10.4292],[79.0429,10.4285],[79.0381,10.4543],[79.0572,10.4716],[79.0633,10.4902],[79.0475,10.502],[79.04,10.5188],[79.0295,10.5279],[79.0253,10.5408],[79.013,10.5464],[79.0075,10.5538],[78.9977,10.5559],[78.9972,10.5688],[78.9802,10.5375],[78.9728,10.5474],[78.974,10.5577],[78.9657,10.561],[78.9406,10.5602],[78.9314,10.5319],[78.9227,10.5276],[78.9201,10.5153],[78.9085,10.5145],[78.909,10.5185],[78.9053,10.5186],[78.8963,10.5108],[78.8979,10.5038],[78.8931,10.495],[78.8975,10.4925],[78.8909,10.4897],[78.89,10.4845],[78.8966,10.4785],[78.8958,10.4735],[78.8894,10.4721],[78.8889,10.4598],[78.8832,10.4659],[78.8757,10.4571],[78.8764,10.4489],[78.8623,10.4412],[78.8532,10.4404],[78.8491,10.4544],[78.8551,10.4609],[78.8568,10.4777],[78.8641,10.4926],[78.8517,10.5052],[78.8387,10.4981],[78.8326,10.5023],[78.8241,10.4971],[78.8277,10.4901],[78.8159,10.4751],[78.8241,10.4688],[78.8265,10.4572],[78.8342,10.4518],[78.8323,10.4404],[78.829,10.4455],[78.8173,10.4417],[78.8065,10.444],[78.8012,10.4203],[78.7891,10.4139],[78.7845,10.416],[78.7826,10.4242],[78.7764,10.4266],[78.7759,10.4431],[78.7543,10.4476],[78.7512,10.4547],[78.7551,10.4659],[78.7509,10.4648],[78.7473,10.4505],[78.7387,10.4488],[78.7309,10.471],[78.7198,10.4846],[78.7268,10.4844],[78.7282,10.4794],[78.7378,10.4782],[78.7409,10.4821],[78.7488,10.4785],[78.7576,10.489],[78.7513,10.494],[78.7512,10.5081],[78.756,10.5183],[78.7625,10.5209],[78.7665,10.5349],[78.7775,10.5394],[78.7776,10.5441],[78.788,10.5447],[78.7874,10.5537],[78.8078,10.5557],[78.8096,10.5694],[78.8007,10.5739],[78.7952,10.5754],[78.7911,10.5696],[78.7676,10.5738],[78.7694,10.5853],[78.7745,10.5839],[78.7701,10.5914],[78.7853,10.6054],[78.7893,10.6047],[78.7947,10.5927],[78.8038,10.6021],[78.8153,10.6005],[78.8302,10.6091],[78.8321,10.6192],[78.8273,10.6324],[78.8153,10.6405],[78.8076,10.6363],[78.8087,10.6459],[78.8015,10.6439],[78.7944,10.6527],[78.7997,10.6612],[78.7999,10.6801],[78.8065,10.6794],[78.8027,10.6766],[78.8114,10.6732],[78.8126,10.6812],[78.8201,10.6874],[78.8198,10.6951],[78.8734,10.6879],[78.8734,10.7057]]]},"properties":{"STATE":"TAMIL NADU","DISTRICT":"PUDUKKOTTAI","AC_NAME":"GANDHARVAKOTTAI","AC":"AC","YEAR":2026.0,"RES":"SC","ELECTORS":196104.0,"VOTERS":167618.0,"TURNOUT":85.47,"MARGIN":11039.0,"MARGIN_PERCENTAGE":6.59,"PARTY_RANK1":"TVK","PARTY_RANK2":"BJP","PARTY_RANK3":"CPI(M)","PARTY_RANK4":"NTK","CANDIDATE_RANK1":"N. SUBRAMANIAN","CANDIDATE_RANK2":"C. UTHAYAKUMAR","CANDIDATE_RANK3":"M. CHINNADURAI","CANDIDATE_RANK4":"NATHIYA","VOTES_RANK1":58795.0,"VOTES_RANK2":47756.0,"VOTES_RANK3":46734.0,"VOTES_RANK4":10189.0,"VOTES_RANK1_PERCENTAGE":35.08,"VOTES_RANK2_PERCENTAGE":28.49,"VOTES_RANK3_PERCENTAGE":27.88,"VOTES_RANK4_PERCENTAGE":6.08,"COLOR":null,"ID":27579}},{"type":"Feature","geometry":{"type":"Polygon","coordinates":[[[79.013,10.5464],[79.0253,10.5408],[79.0295,10.5279],[79.04,10.5188],[79.0475,10.502],[79.0633,10.4902],[79.0572,10.4716],[79.0381,10.4543],[79.0429,10.4285],[79.0648,10.4292],[79.0638,10.4531],[79.0714,10.4532],[79.0686,10.4595],[79.076,10.4594],[79.0761,10.4652],[79.0943,10.462],[79.0915,10.4682],[79.0956,10.4722],[79.1096,10.4619],[79.1101,10.4465],[79.1261,10.4369],[79.1319,10.4237],[79.1477,10.4104],[79.1532,10.4002],[79.1447,10.3822],[79.1366,10.382],[79.1325,10.3745],[79.1083,10.3756],[79.0944,10.3673],[79.089,10.3743],[79.0747,10.3769],[79.072,10.3691],[79.0609,10.3724],[79.0565,10.366],[79.0553,10.3799],[79.0483,10.3791],[79.0425,10.3704],[79.0436,10.382],[79.0211,10.3856],[79.0219,10.4008],[79.0262,10.4041],[79.0189,10.4029],[79.0086,10.4143],[79.005,10.4128],[79.006,10.3997],[78.9973,10.3992],[78.9946,10.3918],[78.9871,10.3914],[78.9822,10.3798],[78.9671,10.3957],[78.9605,10.3931],[78.928,10.4078],[78.917,10.4076],[78.9174,10.4023],[78.9065,10.3967],[78.8833,10.3954],[78.881,10.3924],[78.889,10.3801],[78.8869,10.3764],[78.8664,10.3864],[78.8638,10.3798],[78.8545,10.3789],[78.8568,10.3688],[78.8507,10.3703],[78.8481,10.3669],[78.8376,10.3737],[78.8343,10.3664],[78.8451,10.3599],[78.8448,10.3542],[78.838,10.3381],[78.8338,10.3416],[78.8323,10.3387],[78.8329,10.33],[78.8053,10.3322],[78.7809,10.3517],[78.7664,10.3566],[78.768,10.3795],[78.7732,10.3826],[78.7772,10.3973],[78.7862,10.404],[78.7852,10.4099],[78.781,10.4078],[78.7774,10.4119],[78.7845,10.416],[78.7891,10.4139],[78.8012,10.4203],[78.8065,10.444],[78.8173,10.4417],[78.829,10.4455],[78.8323,10.4404],[78.8342,10.4518],[78.8265,10.4572],[78.8241,10.4688],[78.8159,10.4751],[78.8277,10.4901],[78.8241,10.4971],[78.8326,10.5023],[78.8387,10.4981],[78.8517,10.5052],[78.8641,10.4926],[78.8568,10.4777],[78.8551,10.4609],[78.8491,10.4544],[78.8532,10.4404],[78.8623,10.4412],[78.8764,10.4489],[78.8757,10.4571],[78.8832,10.4659],[78.8889,10.4598],[78.8894,10.4721],[78.8958,10.4735],[78.8966,10.4785],[78.89,10.4845],[78.8909,10.4897],[78.8975,10.4925],[78.8931,10.495],[78.8979,10.5038],[78.8963,10.5108],[78.9053,10.5186],[78.909,10.5185],[78.9085,10.5145],[78.9201,10.5153],[78.9227,10.5276],[78.9314,10.5319],[78.9406,10.5602],[78.9657,10.561],[78.974,10.5577],[78.9728,10.5474],[78.9802,10.5375],[78.9972,10.5688],[78.9977,10.5559],[79.0075,10.5538],[79.013,10.5464]]]},"properties":{"STATE":"TAMIL NADU","DISTRICT":"PUDUKKOTTAI","AC_NAME":"PUDUKKOTTAI","AC":"AC","YEAR":2026.0,"RES":"GEN","ELECTORS":226009.0,"VOTERS":190378.0,"TURNOUT":84.23,"MARGIN":1867.0,"MARGIN_PERCENTAGE":0.98,"PARTY_RANK1":"DMK","PARTY_RANK2":"TVK","PARTY_RANK3":"BJP","PARTY_RANK4":"NTK","CANDIDATE_RANK1":"V. MUTHURAJA","CANDIDATE_RANK2":"K.M. SHARIFF","CANDIDATE_RANK3":"N. RAMACHANDRAN","CANDIDATE_RANK4":"EZHILARASI VIJAYENDRAN","VOTES_RANK1":66825.0,"VOTES_RANK2":64958.0,"VOTES_RANK3":41089.0,"VOTES_RANK4":11673.0,"VOTES_RANK1_PERCENTAGE":35.1,"VOTES_RANK2_PERCENTAGE":34.12,"VOTES_RANK3_PERCENTAGE":21.58,"VOTES_RANK4_PERCENTAGE":6.13,"COLOR":"#000000","ID":27674}},{"type":"Feature","geometry":{"type":"Polygon","coordinates":[[[78.5065,10.375],[78.5126,10.3714],[78.5244,10.3781],[78.5297,10.3904],[78.5282,10.4021],[78.5163,10.4073],[78.5225,10.4372],[78.5525,10.4333],[78.5522,10.4269],[78.5636,10.4272],[78.5611,10.4314],[78.5643,10.443],[78.5767,10.4449],[78.5836,10.4412],[78.5909,10.4232],[78.6049,10.4242],[78.6228,10.4192],[78.6418,10.4065],[78.6439,10.4113],[78.6645,10.4086],[78.6638,10.396],[78.6742,10.3869],[78.676,10.3764],[78.6807,10.3719],[78.6978,10.3748],[78.6966,10.3638],[78.7133,10.3461],[78.7245,10.3473],[78.7401,10.362],[78.7664,10.3566],[78.7809,10.3517],[78.8053,10.3322],[78.8329,10.33],[78.8549,10.3128],[78.8601,10.3028],[78.871,10.2988],[78.8734,10.3029],[78.8805,10.3031],[78.8903,10.2939],[78.8896,10.2881],[78.9102,10.2527],[78.9082,10.2483],[78.9145,10.2488],[78.9107,10.2421],[78.9279,10.2249],[78.9328,10.1936],[78.924,10.1804],[78.9191,10.1801],[78.9184,10.1741],[78.9284,10.1727],[78.9349,10.1669],[78.9301,10.1587],[78.9452,10.153],[78.9419,10.1392],[78.9589,10.1405],[78.9552,10.1327],[78.9627,10.1314],[78.9614,10.1259],[78.9301,10.128],[78.924,10.1231],[78.9118,10.13],[78.9133,10.1452],[78.9078,10.1494],[78.9003,10.1567],[78.9021,10.1522],[78.8967,10.1476],[78.8874,10.1485],[78.882,10.1547],[78.8713,10.1371],[78.8655,10.1359],[78.8622,10.1265],[78.8575,10.1259],[78.8478,10.1263],[78.8483,10.1375],[78.8332,10.1393],[78.8317,10.1485],[78.8297,10.1548],[78.8186,10.1596],[78.8138,10.1671],[78.8233,10.198],[78.8096,10.213],[78.7688,10.1992],[78.7653,10.1933],[78.7648,10.1744],[78.7702,10.1672],[78.7672,10.1636],[78.747,10.1645],[78.7372,10.1587],[78.7277,10.1615],[78.7266,10.17],[78.7085,10.1756],[78.691,10.1474],[78.6767,10.1477],[78.6681,10.1543],[78.6704,10.1762],[78.6644,10.1797],[78.6733,10.2048],[78.6526,10.2191],[78.6473,10.2258],[78.6505,10.2367],[78.6413,10.2411],[78.6519,10.2537],[78.6365,10.2695],[78.6112,10.2708],[78.5781,10.2872],[78.5695,10.2813],[78.5769,10.2665],[78.5716,10.2579],[78.565,10.258],[78.5623,10.2533],[78.555,10.2549],[78.5531,10.2493],[78.5406,10.2534],[78.5389,10.258],[78.5299,10.2504],[78.5275,10.2385],[78.5189,10.2366],[78.5144,10.2166],[78.5161,10.1904],[78.4985,10.1881],[78.4958,10.1918],[78.4852,10.1921],[78.4757,10.203],[78.4695,10.2044],[78.4728,10.2201],[78.487,10.232],[78.487,10.2366],[78.4791,10.2429],[78.4856,10.2525],[78.4821,10.255],[78.4749,10.245],[78.4648,10.2406],[78.448,10.2458],[78.4529,10.2674],[78.4727,10.27],[78.4924,10.2631],[78.5138,10.2684],[78.5111,10.27],[78.5166,10.28],[78.5125,10.2879],[78.5184,10.3005],[78.5152,10.3095],[78.5208,10.3272],[78.5099,10.3464],[78.4972,10.352],[78.4972,10.364],[78.5053,10.3763],[78.5065,10.375]]]},"properties":{"STATE":"TAMIL NADU","DISTRICT":"PUDUKKOTTAI","AC_NAME":"THIRUMAYAM","AC":"AC","YEAR":2026.0,"RES":"GEN","ELECTORS":220622.0,"VOTERS":182612.0,"TURNOUT":82.77,"MARGIN":1492.0,"MARGIN_PERCENTAGE":0.82,"PARTY_RANK1":"DMK","PARTY_RANK2":"TVK","PARTY_RANK3":"AIADMK","PARTY_RANK4":"NTK","CANDIDATE_RANK1":"REGUPATHY.S","CANDIDATE_RANK2":"CHINTHAMANI.C","CANDIDATE_RANK3":"VAIRAMUTHU.PK","CANDIDATE_RANK4":"LAKSHMI SRINIVASAN","VOTES_RANK1":58201.0,"VOTES_RANK2":56709.0,"VOTES_RANK3":55464.0,"VOTES_RANK4":9102.0,"VOTES_RANK1_PERCENTAGE":31.87,"VOTES_RANK2_PERCENTAGE":31.05,"VOTES_RANK3_PERCENTAGE":30.37,"VOTES_RANK4_PERCENTAGE":4.98,"COLOR":"#000000","ID":27708}},{"type":"Feature","geometry":{"type":"Polygon","coordinates":[[[78.7089,10.7328],[78.7105,10.7225],[78.7354,10.7147],[78.7424,10.708],[78.7418,10.6997],[78.7462,10.6986],[78.7469,10.6867],[78.7386,10.6837],[78.7358,10.6775],[78.7439,10.6426],[78.7568,10.6436],[78.7575,10.6529],[78.7646,10.6554],[78.7841,10.6491],[78.791,10.6486],[78.7944,10.6527],[78.8015,10.6439],[78.8087,10.6459],[78.8076,10.6363],[78.8153,10.6405],[78.8273,10.6324],[78.8321,10.6192],[78.8302,10.6091],[78.8153,10.6005],[78.8038,10.6021],[78.7947,10.5927],[78.7893,10.6047],[78.7853,10.6054],[78.7701,10.5914],[78.7745,10.5839],[78.7694,10.5853],[78.7676,10.5738],[78.7911,10.5696],[78.7952,10.5754],[78.8007,10.5739],[78.8096,10.5694],[78.8078,10.5557],[78.7874,10.5537],[78.788,10.5447],[78.7776,10.5441],[78.7775,10.5394],[78.7665,10.5349],[78.7625,10.5209],[78.756,10.5183],[78.7512,10.5081],[78.7513,10.494],[78.7576,10.489],[78.7488,10.4785],[78.7409,10.4821],[78.7378,10.4782],[78.7282,10.4794],[78.7268,10.4844],[78.7198,10.4846],[78.7309,10.471],[78.7387,10.4488],[78.7473,10.4505],[78.7509,10.4648],[78.7551,10.4659],[78.7512,10.4547],[78.7543,10.4476],[78.7759,10.4431],[78.7764,10.4266],[78.7826,10.4242],[78.7845,10.416],[78.7774,10.4119],[78.781,10.4078],[78.7852,10.4099],[78.7862,10.404],[78.7772,10.3973],[78.7732,10.3826],[78.768,10.3795],[78.7664,10.3566],[78.7401,10.362],[78.7245,10.3473],[78.7133,10.3461],[78.6966,10.3638],[78.6978,10.3748],[78.6807,10.3719],[78.676,10.3764],[78.6742,10.3869],[78.6638,10.396],[78.6645,10.4086],[78.6439,10.4113],[78.6418,10.4065],[78.6228,10.4192],[78.6049,10.4242],[78.5909,10.4232],[78.5836,10.4412],[78.5887,10.4739],[78.585,10.4811],[78.57,10.4898],[78.58,10.5093],[78.5814,10.5227],[78.5689,10.5203],[78.567,10.5146],[78.5504,10.5152],[78.5446,10.5301],[78.5372,10.5313],[78.5329,10.5141],[78.54,10.5146],[78.5417,10.5092],[78.5365,10.4955],[78.5189,10.4835],[78.4967,10.4854],[78.4931,10.4889],[78.497,10.5071],[78.4906,10.5095],[78.4908,10.5168],[78.4864,10.5181],[78.4901,10.527],[78.484,10.54],[78.464,10.541],[78.465,10.5774],[78.4572,10.579],[78.4592,10.5896],[78.4524,10.5906],[78.4525,10.6],[78.4487,10.6002],[78.4475,10.6066],[78.4591,10.6098],[78.4584,10.6172],[78.4652,10.6175],[78.4686,10.628],[78.4823,10.639],[78.5274,10.6292],[78.5294,10.6441],[78.5197,10.6503],[78.5179,10.6697],[78.5262,10.6753],[78.5308,10.6719],[78.5336,10.6769],[78.5441,10.6757],[78.5508,10.6874],[78.5682,10.6817],[78.5657,10.6613],[78.5788,10.6646],[78.5914,10.6597],[78.6092,10.6816],[78.6158,10.6821],[78.6214,10.6762],[78.6274,10.7044],[78.6375,10.708],[78.6469,10.7038],[78.6582,10.7052],[78.6517,10.6819],[78.6569,10.6722],[78.6525,10.6592],[78.6631,10.6545],[78.6674,10.6727],[78.6809,10.67],[78.6826,10.6879],[78.6934,10.6905],[78.6965,10.7041],[78.6886,10.7277],[78.6911,10.7339],[78.7089,10.7328]]]},"properties":{"STATE":"TAMIL NADU","DISTRICT":"PUDUKKOTTAI","AC_NAME":"VIRALIMALAI","AC":"AC","YEAR":2026.0,"RES":"GEN","ELECTORS":225159.0,"VOTERS":203921.0,"TURNOUT":90.57,"MARGIN":62073.0,"MARGIN_PERCENTAGE":30.44,"PARTY_RANK1":"AIADMK","PARTY_RANK2":"TVK","PARTY_RANK3":"DMK","PARTY_RANK4":"NTK","CANDIDATE_RANK1":"VIJAYABASKAR. C","CANDIDATE_RANK2":"MURUGESAN. P","CANDIDATE_RANK3":"CHELLAPANDIYAN. K.K","CANDIDATE_RANK4":"SATHYALAKSHMI. K","VOTES_RANK1":105773.0,"VOTES_RANK2":43700.0,"VOTES_RANK3":40397.0,"VOTES_RANK4":9467.0,"VOTES_RANK1_PERCENTAGE":51.87,"VOTES_RANK2_PERCENTAGE":21.43,"VOTES_RANK3_PERCENTAGE":19.81,"VOTES_RANK4_PERCENTAGE":4.64,"COLOR":"#007500","ID":27762}},{"type":"Feature","geometry":{"type":"MultiPolygon","coordinates":[[[[78.4941,9.0858],[78.4866,9.0886],[78.4902,9.0943],[78.4964,9.0909],[78.4941,9.0858]]],[[[78.5369,9.102],[78.5349,9.1026],[78.5389,9.1062],[78.5369,9.102]]],[[[78.5816,9.111],[78.5861,9.1117],[78.5884,9.1071],[78.5791,9.0999],[78.5706,9.1015],[78.5793,9.1129],[78.5816,9.111]]],[[[78.7549,9.1542],[78.7542,9.1534],[78.7528,9.1534],[78.7549,9.1542]]],[[[78.7319,9.1545],[78.7309,9.1522],[78.7279,9.153],[78.7319,9.1545]]],[[[78.6957,9.1508],[78.6937,9.1527],[78.6962,9.1559],[78.6957,9.1508]]],[[[78.7524,9.1558],[78.7509,9.1568],[78.7521,9.1572],[78.7524,9.1558]]],[[[78.6983,9.1581],[78.6979,9.1584],[78.6987,9.1587],[78.6983,9.1581]]],[[[78.7041,9.1841],[78.7018,9.1861],[78.7035,9.1851],[78.7041,9.1841]]],[[[78.5147,9.4995],[78.5184,9.4954],[78.5185,9.4809],[78.5389,9.4828],[78.5358,9.4649],[78.5509,9.4611],[78.5522,9.4558],[78.5611,9.4607],[78.5747,9.448],[78.5873,9.4514],[78.5884,9.4655],[78.5962,9.4691],[78.6145,9.4517],[78.6218,9.4518],[78.6235,9.4577],[78.6294,9.4551],[78.6352,9.4458],[78.6353,9.4345],[78.6564,9.4286],[78.6651,9.4403],[78.6643,9.4226],[78.6579,9.4198],[78.6521,9.3933],[78.6554,9.3824],[78.6658,9.3767],[78.6741,9.3532],[78.6838,9.3404],[78.6883,9.3325],[78.6858,9.3241],[78.6828,9.3246],[78.6827,9.3103],[78.6724,9.3066],[78.6771,9.296],[78.6691,9.2965],[78.6705,9.2677],[78.6955,9.2495],[78.7113,9.2521],[78.7111,9.2481],[78.7157,9.2469],[78.714,9.2303],[78.7337,9.2339],[78.7289,9.2096],[78.7172,9.2006],[78.7194,9.192],[78.7166,9.1891],[78.6787,9.1957],[78.658,9.1907],[78.6472,9.1843],[78.6425,9.1729],[78.65,9.1613],[78.6574,9.1577],[78.6061,9.1478],[78.5785,9.1304],[78.536,9.1376],[78.4554,9.125],[78.4151,9.1141],[78.3853,9.0943],[78.3834,9.0982],[78.3653,9.1031],[78.357,9.0987],[78.3562,9.118],[78.3161,9.1329],[78.2951,9.1343],[78.2737,9.1417],[78.2907,9.1779],[78.2959,9.205],[78.2693,9.2023],[78.272,9.2563],[78.2808,9.2843],[78.3166,9.2823],[78.3286,9.2752],[78.3467,9.2977],[78.346,9.3091],[78.3533,9.3084],[78.3649,9.3375],[78.3627,9.3489],[78.3553,9.358],[78.3529,9.3526],[78.333,9.3542],[78.3243,9.332],[78.3113,9.3351],[78.3047,9.3236],[78.3011,9.3241],[78.2938,9.332],[78.2951,9.3426],[78.3102,9.3452],[78.3055,9.3502],[78.3081,9.3649],[78.301,9.3673],[78.3081,9.3749],[78.3038,9.377],[78.3041,9.3844],[78.2963,9.3864],[78.2948,9.3818],[78.2959,9.3889],[78.2801,9.3898],[78.2786,9.3851],[78.2627,9.386],[78.2553,9.3738],[78.2432,9.3813],[78.2426,9.4073],[78.2224,9.4109],[78.2206,9.4309],[78.2142,9.4337],[78.2178,9.4476],[78.2718,9.4486],[78.3011,9.4421],[78.3113,9.4328],[78.3459,9.4261],[78.346,9.4178],[78.3534,9.4327],[78.3637,9.4323],[78.364,9.442],[78.3583,9.4411],[78.3666,9.4456],[78.3628,9.4547],[78.3707,9.4468],[78.3992,9.4388],[78.3995,9.4354],[78.4315,9.4271],[78.4487,9.4287],[78.4559,9.4621],[78.4532,9.47],[78.4627,9.4943],[78.4628,9.49],[78.4906,9.4949],[78.5004,9.5013],[78.5147,9.4995]]]]},"properties":{"STATE":"TAMIL NADU","DISTRICT":"RAMANATHAPURAM","AC_NAME":"MUDHUKULATHUR","AC":"AC","YEAR":2026.0,"RES":"GEN","ELECTORS":299702.0,"VOTERS":231373.0,"TURNOUT":77.2,"MARGIN":16598.0,"MARGIN_PERCENTAGE":7.17,"PARTY_RANK1":"DMK","PARTY_RANK2":"TVK","PARTY_RANK3":"AIADMK","PARTY_RANK4":"AIPTMMK","CANDIDATE_RANK1":"R.S.RAJAKANNAPPAN","CANDIDATE_RANK2":"MALARVIZHI. B","CANDIDATE_RANK3":"S.PANDI","CANDIDATE_RANK4":"DR.R.RAMKUMAR","VOTES_RANK1":68003.0,"VOTES_RANK2":51405.0,"VOTES_RANK3":47501.0,"VOTES_RANK4":40422.0,"VOTES_RANK1_PERCENTAGE":29.39,"VOTES_RANK2_PERCENTAGE":22.22,"VOTES_RANK3_PERCENTAGE":20.53,"VOTES_RANK4_PERCENTAGE":17.47,"COLOR":"#000000","ID":27636}},{"type":"Feature","geometry":{"type":"Polygon","coordinates":[[[78.4174,9.5975],[78.4237,9.5963],[78.4407,9.6183],[78.4496,9.6203],[78.4568,9.6163],[78.463,9.6231],[78.4645,9.6173],[78.4754,9.6126],[78.5018,9.6102],[78.4989,9.5982],[78.5153,9.583],[78.5265,9.5805],[78.5416,9.5839],[78.5504,9.5774],[78.5626,9.576],[78.5963,9.5557],[78.6073,9.5533],[78.6161,9.5374],[78.6604,9.5202],[78.6526,9.5449],[78.6803,9.5619],[78.6826,9.576],[78.6774,9.5998],[78.7157,9.5971],[78.7267,9.589],[78.7445,9.585],[78.744,9.5784],[78.8189,9.5951],[78.82,9.5911],[78.805,9.579],[78.8138,9.5753],[78.8253,9.5801],[78.8302,9.5758],[78.8265,9.5723],[78.8289,9.5651],[78.8454,9.5477],[78.8443,9.5306],[78.8534,9.5349],[78.8534,9.5181],[78.845,9.5191],[78.8287,9.4925],[78.8274,9.4836],[78.8447,9.4782],[78.8468,9.4734],[78.8397,9.4506],[78.8187,9.4538],[78.8157,9.4391],[78.8212,9.437],[78.8197,9.4297],[78.7951,9.439],[78.788,9.4289],[78.7752,9.4295],[78.7722,9.4187],[78.7769,9.4163],[78.7623,9.3993],[78.7668,9.3929],[78.7575,9.3777],[78.7524,9.3779],[78.7431,9.3668],[78.7279,9.3634],[78.723,9.3582],[78.7192,9.3593],[78.7187,9.3652],[78.7116,9.3671],[78.7121,9.3518],[78.6838,9.3404],[78.6741,9.3532],[78.6658,9.3767],[78.6554,9.3824],[78.6521,9.3933],[78.6579,9.4198],[78.6643,9.4226],[78.6651,9.4403],[78.6564,9.4286],[78.6353,9.4345],[78.6352,9.4458],[78.6294,9.4551],[78.6235,9.4577],[78.6218,9.4518],[78.6145,9.4517],[78.5962,9.4691],[78.5884,9.4655],[78.5873,9.4514],[78.5747,9.448],[78.5611,9.4607],[78.5522,9.4558],[78.5509,9.4611],[78.5358,9.4649],[78.5389,9.4828],[78.5185,9.4809],[78.5184,9.4954],[78.5147,9.4995],[78.5004,9.5013],[78.4906,9.4949],[78.4628,9.49],[78.4627,9.4943],[78.4532,9.47],[78.4559,9.4621],[78.4487,9.4287],[78.4315,9.4271],[78.3995,9.4354],[78.3992,9.4388],[78.3707,9.4468],[78.3628,9.4547],[78.3666,9.4456],[78.3583,9.4411],[78.364,9.442],[78.3637,9.4323],[78.3534,9.4327],[78.346,9.4178],[78.3459,9.4261],[78.3113,9.4328],[78.3011,9.4421],[78.3053,9.4476],[78.2982,9.4549],[78.2991,9.4616],[78.3085,9.4606],[78.3107,9.4682],[78.3302,9.463],[78.3311,9.4692],[78.3393,9.4686],[78.347,9.4603],[78.3518,9.4611],[78.3468,9.4714],[78.3298,9.4731],[78.3282,9.4954],[78.3423,9.4998],[78.3253,9.514],[78.3258,9.5197],[78.3316,9.5252],[78.3476,9.5164],[78.383,9.5176],[78.3866,9.5371],[78.3772,9.5389],[78.3756,9.5679],[78.3674,9.5731],[78.3992,9.5826],[78.3994,9.5951],[78.4114,9.5888],[78.4174,9.5975]]]},"properties":{"STATE":"TAMIL NADU","DISTRICT":"RAMANATHAPURAM","AC_NAME":"PARAMAKUDI","AC":"AC","YEAR":2026.0,"RES":"SC","ELECTORS":235109.0,"VOTERS":189753.0,"TURNOUT":80.71,"MARGIN":3548.0,"MARGIN_PERCENTAGE":1.87,"PARTY_RANK1":"DMK","PARTY_RANK2":"TVK","PARTY_RANK3":"AIADMK","PARTY_RANK4":"NTK","CANDIDATE_RANK1":"ADVOCATE. KATHIRAVAN. K.K","CANDIDATE_RANK2":"GOPIRAJAN. G","CANDIDATE_RANK3":"DR. MUTHIAH. S","CANDIDATE_RANK4":"EZHIL ELAVARASI. R","VOTES_RANK1":59161.0,"VOTES_RANK2":55613.0,"VOTES_RANK3":54099.0,"VOTES_RANK4":15363.0,"VOTES_RANK1_PERCENTAGE":31.18,"VOTES_RANK2_PERCENTAGE":29.31,"VOTES_RANK3_PERCENTAGE":28.51,"VOTES_RANK4_PERCENTAGE":8.1,"COLOR":"#000000","ID":27660}},{"type":"Feature","geometry":{"type":"MultiPolygon","coordinates":[[[[78.8265,9.159],[78.8245,9.1596],[78.8257,9.16],[78.8265,9.159]]],[[[78.8203,9.1605],[78.8223,9.16],[78.8189,9.1603],[78.8203,9.1605]]],[[[78.8161,9.1599],[78.8148,9.1607],[78.8162,9.1603],[78.8161,9.1599]]],[[[78.8236,9.1662],[78.8167,9.1601],[78.8194,9.1657],[78.8236,9.1662]]],[[[78.8262,9.1665],[78.8239,9.1667],[78.8285,9.1737],[78.8262,9.1665]]],[[[78.9698,9.1823],[78.969,9.1826],[78.9692,9.184],[78.9698,9.1823]]],[[[78.9693,9.1861],[78.9674,9.1826],[78.9665,9.1867],[78.9693,9.1861]]],[[[78.9104,9.1861],[78.91,9.1862],[78.91,9.1866],[78.9104,9.1861]]],[[[78.9378,9.1827],[78.9308,9.1814],[78.9202,9.183],[78.9032,9.1784],[78.8972,9.1796],[78.9061,9.1851],[78.9085,9.1815],[78.9251,9.1848],[78.9328,9.1823],[78.9433,9.1873],[78.9378,9.1827]]],[[[79.077,9.2011],[79.0832,9.2017],[79.0909,9.1948],[79.0862,9.1906],[79.0664,9.1994],[79.0567,9.1969],[79.0688,9.2095],[79.077,9.2011]]],[[[79.1406,9.2124],[79.1388,9.2125],[79.1414,9.2134],[79.1406,9.2124]]],[[[79.1239,9.2136],[79.1233,9.2135],[79.1226,9.2138],[79.1239,9.2136]]],[[[79.1229,9.2152],[79.134,9.2151],[79.1294,9.2129],[79.1229,9.2152]]],[[[79.1551,9.2208],[79.1649,9.214],[79.1646,9.209],[79.1557,9.209],[79.1642,9.2119],[79.1556,9.2178],[79.1237,9.2183],[79.1237,9.2212],[79.1321,9.2197],[79.1447,9.2249],[79.1551,9.2208]]],[[[79.1469,9.2301],[79.1442,9.2315],[79.1461,9.2346],[79.1469,9.2301]]],[[[79.1406,9.234],[79.1376,9.2359],[79.1394,9.2383],[79.1406,9.234]]],[[[79.1602,9.2359],[79.1586,9.2388],[79.161,9.2383],[79.1602,9.2359]]],[[[79.1479,9.236],[79.1438,9.2384],[79.146,9.2428],[79.1506,9.24],[79.1479,9.236]]],[[[79.2329,9.2487],[79.2403,9.2424],[79.2378,9.2356],[79.2289,9.2419],[79.2329,9.2487]]],[[[79.1378,9.2515],[79.1352,9.2536],[79.1373,9.2559],[79.1378,9.2515]]],[[[79.2114,9.2507],[79.2256,9.2501],[79.2214,9.2406],[79.2047,9.226],[79.192,9.2238],[79.1749,9.2398],[79.18,9.2491],[79.1914,9.257],[79.2114,9.2507]]],[[[79.321,9.2853],[79.3206,9.2856],[79.321,9.2868],[79.321,9.2853]]],[[[78.8469,9.3805],[78.8424,9.3585],[78.8318,9.3581],[78.8296,9.3369],[78.8654,9.3196],[78.8818,9.32],[78.8794,9.3278],[78.8873,9.3455],[78.887,9.3531],[78.8806,9.3593],[78.8841,9.3632],[78.9058,9.3681],[78.9659,9.3386],[78.982,9.3604],[79.0228,9.3262],[79.0665,9.298],[79.1305,9.2881],[79.1412,9.2919],[79.1599,9.284],[79.2097,9.2829],[79.2209,9.2912],[79.2659,9.2925],[79.2791,9.3108],[79.291,9.3195],[79.3115,9.3278],[79.3219,9.3245],[79.3305,9.3194],[79.3353,9.3092],[79.3265,9.2929],[79.3146,9.2837],[79.3162,9.2733],[79.3263,9.2588],[79.374,9.2149],[79.4234,9.1771],[79.4328,9.1609],[79.4158,9.1765],[79.2999,9.2458],[79.2565,9.2589],[79.2168,9.2553],[79.2184,9.2701],[79.2147,9.2658],[79.2094,9.269],[79.2058,9.2745],[79.2076,9.271],[79.203,9.2677],[79.2043,9.2773],[79.2086,9.2817],[79.1529,9.2763],[79.1449,9.2685],[79.127,9.27],[79.0897,9.2602],[79.0643,9.2604],[78.9956,9.2734],[78.9541,9.2729],[78.9259,9.2671],[78.918,9.2616],[78.9119,9.2637],[78.9162,9.2599],[78.9084,9.2498],[78.8758,9.2573],[78.861,9.2555],[78.8523,9.247],[78.8326,9.2457],[78.8221,9.2388],[78.7289,9.2096],[78.7337,9.2339],[78.714,9.2303],[78.7157,9.2469],[78.7111,9.2481],[78.7113,9.2521],[78.6955,9.2495],[78.6705,9.2677],[78.6691,9.2965],[78.6771,9.296],[78.6724,9.3066],[78.6827,9.3103],[78.6828,9.3246],[78.6858,9.3241],[78.6883,9.3325],[78.6838,9.3404],[78.7121,9.3518],[78.7078,9.345],[78.7165,9.3376],[78.7226,9.3403],[78.7225,9.3361],[78.7339,9.3279],[78.7364,9.3309],[78.7462,9.3259],[78.7628,9.3346],[78.7734,9.3318],[78.7737,9.3354],[78.8,9.3505],[78.8018,9.3582],[78.8111,9.3634],[78.8076,9.3646],[78.806,9.3841],[78.8102,9.3854],[78.816,9.3795],[78.8372,9.3903],[78.8446,9.3871],[78.8469,9.3805]]]]},"properties":{"STATE":"TAMIL NADU","DISTRICT":"RAMANATHAPURAM","AC_NAME":"RAMANATHAPURAM","AC":"AC","YEAR":2026.0,"RES":"GEN","ELECTORS":312463.0,"VOTERS":237576.0,"TURNOUT":76.03,"MARGIN":12459.0,"MARGIN_PERCENTAGE":5.24,"PARTY_RANK1":"DMK","PARTY_RANK2":"TVK","PARTY_RANK3":"BJP","PARTY_RANK4":"NTK","CANDIDATE_RANK1":"KATHARBATCHA MUTHURAMALINGAM","CANDIDATE_RANK2":"SHAHUL HAMEED","CANDIDATE_RANK3":"GBS K.NAGENDRAN","CANDIDATE_RANK4":"S.M. MUTHU KESAVAN","VOTES_RANK1":89137.0,"VOTES_RANK2":76678.0,"VOTES_RANK3":57730.0,"VOTES_RANK4":10766.0,"VOTES_RANK1_PERCENTAGE":37.52,"VOTES_RANK2_PERCENTAGE":32.28,"VOTES_RANK3_PERCENTAGE":24.3,"VOTES_RANK4_PERCENTAGE":4.53,"COLOR":"#000000","ID":27677}},{"type":"Feature","geometry":{"type":"Polygon","coordinates":[[[78.9892,9.9469],[78.9897,9.9472],[79.0155,9.9036],[79.0225,9.9034],[79.031,9.8938],[79.0454,9.8609],[79.0606,9.8597],[79.0693,9.8516],[79.0888,9.8584],[79.0992,9.8573],[79.1135,9.8469],[79.0841,9.818],[79.0787,9.8005],[79.0696,9.7931],[79.059,9.773],[79.0373,9.7629],[78.9803,9.6896],[78.9703,9.6651],[78.9709,9.6558],[78.9639,9.6406],[78.9593,9.6421],[78.96,9.6312],[78.9374,9.6081],[78.9268,9.5851],[78.9198,9.5254],[78.9133,9.5056],[78.9144,9.493],[78.9044,9.4937],[78.8984,9.4896],[78.9004,9.4687],[78.9236,9.4264],[78.982,9.3604],[78.9659,9.3386],[78.9058,9.3681],[78.8841,9.3632],[78.8806,9.3593],[78.887,9.3531],[78.8873,9.3455],[78.8794,9.3278],[78.8818,9.32],[78.8654,9.3196],[78.8296,9.3369],[78.8318,9.3581],[78.8424,9.3585],[78.8469,9.3805],[78.8446,9.3871],[78.8372,9.3903],[78.816,9.3795],[78.8102,9.3854],[78.806,9.3841],[78.8076,9.3646],[78.8111,9.3634],[78.8018,9.3582],[78.8,9.3505],[78.7737,9.3354],[78.7734,9.3318],[78.7628,9.3346],[78.7462,9.3259],[78.7364,9.3309],[78.7339,9.3279],[78.7225,9.3361],[78.7226,9.3403],[78.7165,9.3376],[78.7078,9.345],[78.7121,9.3518],[78.7116,9.3671],[78.7187,9.3652],[78.7192,9.3593],[78.723,9.3582],[78.7279,9.3634],[78.7431,9.3668],[78.7524,9.3779],[78.7575,9.3777],[78.7668,9.3929],[78.7623,9.3993],[78.7769,9.4163],[78.7722,9.4187],[78.7752,9.4295],[78.788,9.4289],[78.7951,9.439],[78.8197,9.4297],[78.8212,9.437],[78.8157,9.4391],[78.8187,9.4538],[78.8397,9.4506],[78.8468,9.4734],[78.8447,9.4782],[78.8274,9.4836],[78.8287,9.4925],[78.845,9.5191],[78.8534,9.5181],[78.8534,9.5349],[78.8443,9.5306],[78.8454,9.5477],[78.8289,9.5651],[78.8265,9.5723],[78.8302,9.5758],[78.8253,9.5801],[78.8138,9.5753],[78.805,9.579],[78.82,9.5911],[78.8189,9.5951],[78.8216,9.6168],[78.798,9.6211],[78.7936,9.6238],[78.7945,9.632],[78.7871,9.634],[78.7945,9.6362],[78.7943,9.6419],[78.7844,9.6527],[78.7874,9.6622],[78.795,9.6655],[78.7947,9.6711],[78.7897,9.6721],[78.7951,9.6795],[78.7889,9.6811],[78.7972,9.6857],[78.7986,9.6967],[78.7934,9.6985],[78.7978,9.7028],[78.7834,9.7098],[78.7802,9.719],[78.7511,9.7149],[78.7473,9.7372],[78.7384,9.7535],[78.7692,9.7787],[78.7718,9.7729],[78.7759,9.7742],[78.7813,9.8011],[78.7963,9.7837],[78.8381,9.7774],[78.8153,9.7415],[78.8285,9.7231],[78.8314,9.7325],[78.8475,9.7418],[78.8567,9.7559],[78.8875,9.7578],[78.8994,9.7851],[78.8985,9.7912],[78.8827,9.8006],[78.8831,9.8191],[78.872,9.8628],[78.8763,9.8744],[78.8816,9.8829],[78.903,9.8816],[78.902,9.9016],[78.9226,9.9228],[78.9558,9.9226],[78.9669,9.9381],[78.9892,9.9469]]]},"properties":{"STATE":"TAMIL NADU","DISTRICT":"RAMANATHAPURAM","AC_NAME":"TIRUVADANAI","AC":"AC","YEAR":2026.0,"RES":"GEN","ELECTORS":284130.0,"VOTERS":220278.0,"TURNOUT":77.53,"MARGIN":2513.0,"MARGIN_PERCENTAGE":1.14,"PARTY_RANK1":"TVK","PARTY_RANK2":"INC","PARTY_RANK3":"AIADMK","PARTY_RANK4":"NTK","CANDIDATE_RANK1":"RAJEEV","CANDIDATE_RANK2":"RM. KARUMANICKAM","CANDIDATE_RANK3":"M.KEERTHIKA","CANDIDATE_RANK4":"N PREMNATH","VOTES_RANK1":69551.0,"VOTES_RANK2":67038.0,"VOTES_RANK3":63879.0,"VOTES_RANK4":13389.0,"VOTES_RANK1_PERCENTAGE":31.57,"VOTES_RANK2_PERCENTAGE":30.43,"VOTES_RANK3_PERCENTAGE":29.0,"VOTES_RANK4_PERCENTAGE":6.08,"COLOR":null,"ID":27737}},{"type":"Feature","geometry":{"type":"Polygon","coordinates":[[[78.5096,11.7709],[78.5294,11.764],[78.5185,11.7509],[78.5239,11.7457],[78.5179,11.7395],[78.5112,11.7439],[78.5113,11.7334],[78.5308,11.7294],[78.5379,11.7403],[78.537,11.7308],[78.5442,11.7235],[78.5539,11.7234],[78.5569,11.7283],[78.5642,11.722],[78.576,11.7277],[78.5839,11.7252],[78.5928,11.755],[78.6022,11.755],[78.6046,11.7587],[78.6211,11.756],[78.6267,11.7723],[78.6402,11.7642],[78.6433,11.7537],[78.638,11.7402],[78.638,11.7226],[78.6527,11.7149],[78.6498,11.6699],[78.6456,11.6604],[78.6604,11.6617],[78.6583,11.648],[78.6618,11.6474],[78.648,11.6374],[78.6475,11.6058],[78.6626,11.5841],[78.6548,11.5794],[78.6539,11.5694],[78.6435,11.5578],[78.6272,11.509],[78.6032,11.5206],[78.5737,11.5135],[78.5731,11.5053],[78.5842,11.5024],[78.5789,11.4998],[78.5833,11.4904],[78.5937,11.4907],[78.5956,11.485],[78.605,11.4841],[78.6107,11.4909],[78.6197,11.4898],[78.6019,11.463],[78.5949,11.4625],[78.6007,11.4772],[78.5978,11.4784],[78.5864,11.4753],[78.5807,11.4686],[78.577,11.472],[78.561,11.4594],[78.548,11.4577],[78.5556,11.4687],[78.5514,11.4817],[78.534,11.4795],[78.5215,11.4709],[78.5059,11.4797],[78.4919,11.4762],[78.4892,11.4798],[78.4968,11.4924],[78.4852,11.4844],[78.4774,11.4897],[78.4786,11.5017],[78.4649,11.5027],[78.4733,11.5228],[78.4702,11.5294],[78.4616,11.5294],[78.4598,11.5345],[78.4665,11.5376],[78.4543,11.5425],[78.4606,11.5615],[78.4488,11.5656],[78.4516,11.5972],[78.433,11.5954],[78.4248,11.6118],[78.4178,11.6108],[78.4168,11.6146],[78.4268,11.632],[78.4199,11.6326],[78.4263,11.637],[78.4172,11.6382],[78.4199,11.6607],[78.4257,11.6715],[78.4177,11.6844],[78.4261,11.6901],[78.4294,11.6893],[78.4283,11.6852],[78.4325,11.6857],[78.4382,11.6995],[78.4298,11.7028],[78.4279,11.7112],[78.4201,11.7036],[78.4102,11.7062],[78.4144,11.7092],[78.415,11.7201],[78.4197,11.7183],[78.4278,11.7311],[78.4363,11.732],[78.4377,11.7465],[78.4565,11.7496],[78.4567,11.7437],[78.4756,11.7613],[78.5096,11.7709]]]},"properties":{"STATE":"TAMIL NADU","DISTRICT":"SALEM","AC_NAME":"ATTUR","AC":"AC","YEAR":2026.0,"RES":"SC","ELECTORS":228219.0,"VOTERS":208296.0,"TURNOUT":91.27,"MARGIN":15318.0,"MARGIN_PERCENTAGE":7.35,"PARTY_RANK1":"AIADMK","PARTY_RANK2":"TVK","PARTY_RANK3":"INC","PARTY_RANK4":"NTK","CANDIDATE_RANK1":"JAYASANKARAN. A.P.","CANDIDATE_RANK2":"SELVABHARATHI. R.","CANDIDATE_RANK3":"ARTHANARI. S.K.","CANDIDATE_RANK4":"MONISHA CHINNADURAI.","VOTES_RANK1":80843.0,"VOTES_RANK2":65525.0,"VOTES_RANK3":51896.0,"VOTES_RANK4":6532.0,"VOTES_RANK1_PERCENTAGE":38.81,"VOTES_RANK2_PERCENTAGE":31.46,"VOTES_RANK3_PERCENTAGE":24.91,"VOTES_RANK4_PERCENTAGE":3.14,"COLOR":"#007500","ID":27551}},{"type":"Feature","geometry":{"type":"Polygon","coordinates":[[[77.946,11.78],[77.9459,11.7716],[77.9345,11.7603],[77.9463,11.7502],[77.9456,11.7464],[77.9421,11.7411],[77.9337,11.7413],[77.9449,11.7285],[77.9337,11.7228],[77.9124,11.7268],[77.9041,11.7215],[77.9001,11.6968],[77.9056,11.6888],[77.9002,11.681],[77.9034,11.6708],[77.9153,11.6688],[77.9163,11.6591],[77.9205,11.6589],[77.9237,11.6682],[77.9423,11.6652],[77.9414,11.6245],[77.9515,11.6196],[77.9505,11.6047],[77.9582,11.5903],[77.9426,11.5673],[77.9335,11.5683],[77.9318,11.5755],[77.9245,11.5752],[77.9196,11.5656],[77.9312,11.556],[77.9249,11.5566],[77.9214,11.5483],[77.9156,11.5481],[77.9142,11.5374],[77.9025,11.5244],[77.8862,11.5212],[77.8386,11.531],[77.8361,11.5355],[77.8461,11.5427],[77.8516,11.5614],[77.8156,11.5579],[77.8076,11.5649],[77.8083,11.585],[77.8024,11.5826],[77.7595,11.5905],[77.7534,11.5799],[77.7457,11.5765],[77.7587,11.5728],[77.7489,11.5551],[77.7405,11.5542],[77.7427,11.5633],[77.7459,11.5704],[77.7357,11.6019],[77.7608,11.6479],[77.7754,11.6964],[77.7816,11.7098],[77.7843,11.7353],[77.7978,11.7643],[77.8106,11.7648],[77.8059,11.7553],[77.8158,11.7528],[77.8518,11.7645],[77.8671,11.7829],[77.864,11.7873],[77.8701,11.7999],[77.882,11.791],[77.8844,11.7833],[77.8947,11.782],[77.9,11.7976],[77.9134,11.797],[77.9169,11.8021],[77.9206,11.7957],[77.9361,11.7939],[77.946,11.78]]]},"properties":{"STATE":"TAMIL NADU","DISTRICT":"SALEM","AC_NAME":"EDAPPADI","AC":"AC","YEAR":2026.0,"RES":"GEN","ELECTORS":276472.0,"VOTERS":258263.0,"TURNOUT":93.41,"MARGIN":98110.0,"MARGIN_PERCENTAGE":37.99,"PARTY_RANK1":"AIADMK","PARTY_RANK2":"IND","PARTY_RANK3":"DMK","PARTY_RANK4":"NTK","CANDIDATE_RANK1":"EDAPPADI PALANISWAMI. K","CANDIDATE_RANK2":"PREMKUMAR. K","CANDIDATE_RANK3":"KASI. C","CANDIDATE_RANK4":"PRIYADHARSHINI. A","VOTES_RANK1":148933.0,"VOTES_RANK2":50823.0,"VOTES_RANK3":44011.0,"VOTES_RANK4":8450.0,"VOTES_RANK1_PERCENTAGE":57.67,"VOTES_RANK2_PERCENTAGE":19.68,"VOTES_RANK3_PERCENTAGE":17.04,"VOTES_RANK4_PERCENTAGE":3.27,"COLOR":"#007500","ID":27575}},{"type":"Feature","geometry":{"type":"Polygon","coordinates":[[[78.7487,11.6924],[78.7807,11.7029],[78.8035,11.6864],[78.8054,11.6602],[78.7947,11.6576],[78.7928,11.6512],[78.7737,11.6364],[78.7864,11.6407],[78.7893,11.6289],[78.7862,11.6138],[78.7766,11.6133],[78.7759,11.6056],[78.8168,11.5902],[78.8291,11.5778],[78.8161,11.5612],[78.8157,11.5438],[78.8356,11.5397],[78.8348,11.5304],[78.8431,11.5233],[78.8339,11.5067],[78.8102,11.508],[78.8097,11.4828],[78.7983,11.4826],[78.7962,11.4616],[78.7899,11.4576],[78.7893,11.4541],[78.8191,11.4405],[78.8183,11.4329],[78.8227,11.4281],[78.8061,11.4021],[78.8013,11.4027],[78.7989,11.3861],[78.7927,11.3906],[78.7889,11.3876],[78.7562,11.4374],[78.7435,11.4435],[78.7414,11.4497],[78.7032,11.4563],[78.6802,11.4299],[78.6511,11.422],[78.6502,11.4084],[78.6566,11.4015],[78.6581,11.3808],[78.6635,11.3742],[78.6421,11.3432],[78.624,11.3361],[78.6047,11.3384],[78.5931,11.3279],[78.582,11.3298],[78.5777,11.3166],[78.5611,11.3164],[78.5544,11.3181],[78.5529,11.3249],[78.5562,11.3274],[78.5545,11.3578],[78.5429,11.3693],[78.5236,11.3713],[78.5149,11.3853],[78.5043,11.3795],[78.5098,11.3962],[78.4963,11.4086],[78.4861,11.407],[78.4877,11.4138],[78.4827,11.4134],[78.4803,11.4064],[78.4599,11.4042],[78.4263,11.3863],[78.4457,11.4024],[78.4428,11.4081],[78.4484,11.4294],[78.4572,11.4385],[78.445,11.4399],[78.4372,11.4639],[78.4327,11.4628],[78.426,11.4731],[78.4329,11.4759],[78.4343,11.4993],[78.4396,11.4951],[78.4583,11.5025],[78.4615,11.4954],[78.4649,11.5027],[78.4786,11.5017],[78.4774,11.4897],[78.4852,11.4844],[78.4968,11.4924],[78.4892,11.4798],[78.4919,11.4762],[78.5059,11.4797],[78.5215,11.4709],[78.534,11.4795],[78.5514,11.4817],[78.5556,11.4687],[78.548,11.4577],[78.561,11.4594],[78.577,11.472],[78.5807,11.4686],[78.5864,11.4753],[78.5978,11.4784],[78.6007,11.4772],[78.5949,11.4625],[78.6019,11.463],[78.6197,11.4898],[78.6107,11.4909],[78.605,11.4841],[78.5956,11.485],[78.5937,11.4907],[78.5833,11.4904],[78.5789,11.4998],[78.5842,11.5024],[78.5731,11.5053],[78.5737,11.5135],[78.6032,11.5206],[78.6272,11.509],[78.6435,11.5578],[78.6539,11.5694],[78.6548,11.5794],[78.6626,11.5841],[78.6475,11.6058],[78.648,11.6374],[78.6618,11.6474],[78.6801,11.6437],[78.6784,11.665],[78.6831,11.6675],[78.6779,11.6671],[78.6777,11.6712],[78.6825,11.6825],[78.6925,11.6895],[78.7094,11.6898],[78.7181,11.6841],[78.7365,11.6925],[78.7487,11.6924]]]},"properties":{"STATE":"TAMIL NADU","DISTRICT":"SALEM","AC_NAME":"GANGAVALLI","AC":"AC","YEAR":2026.0,"RES":"SC","ELECTORS":218375.0,"VOTERS":196679.0,"TURNOUT":90.06,"MARGIN":14404.0,"MARGIN_PERCENTAGE":7.32,"PARTY_RANK1":"AIADMK","PARTY_RANK2":"DMK","PARTY_RANK3":"TVK","PARTY_RANK4":"NTK","CANDIDATE_RANK1":"NALLATHAMBI. A","CANDIDATE_RANK2":"CHINNADURAI. K","CANDIDATE_RANK3":"SUJATHA. V","CANDIDATE_RANK4":"ABIRAMI. A","VOTES_RANK1":73167.0,"VOTES_RANK2":58763.0,"VOTES_RANK3":55291.0,"VOTES_RANK4":6242.0,"VOTES_RANK1_PERCENTAGE":37.2,"VOTES_RANK2_PERCENTAGE":29.88,"VOTES_RANK3_PERCENTAGE":28.11,"VOTES_RANK4_PERCENTAGE":3.17,"COLOR":"#007500","ID":27580}},{"type":"Feature","geometry":{"type":"Polygon","coordinates":[[[77.6755,11.952],[77.6756,11.952],[77.6913,11.9419],[77.7376,11.9402],[77.7404,11.9316],[77.7505,11.9281],[77.7624,11.9101],[77.8074,11.9092],[77.8476,11.8946],[77.8501,11.9051],[77.8673,11.9159],[77.8734,11.9108],[77.8828,11.9123],[77.8951,11.9078],[77.9051,11.9004],[77.9345,11.9003],[77.9481,11.8949],[77.9556,11.9009],[77.9781,11.8966],[77.9798,11.9027],[77.9982,11.9093],[78.011,11.9216],[78.0269,11.9209],[78.0347,11.935],[78.0612,11.9379],[78.0565,11.9286],[78.0288,11.9094],[77.9792,11.8912],[77.9811,11.8816],[77.9857,11.8834],[77.9874,11.8798],[77.9824,11.8755],[77.99,11.8625],[77.9812,11.8542],[77.9907,11.8485],[77.9871,11.8405],[77.9933,11.8374],[77.9902,11.826],[78.0028,11.818],[78.0014,11.8113],[78.0087,11.813],[78.005,11.8053],[78.0065,11.783],[78.0221,11.7754],[78.0193,11.7714],[77.9988,11.76],[77.9756,11.7698],[77.971,11.7628],[77.9673,11.7798],[77.9546,11.7843],[77.9539,11.7793],[77.946,11.78],[77.9361,11.7939],[77.9206,11.7957],[77.9169,11.8021],[77.9134,11.797],[77.9,11.7976],[77.8947,11.782],[77.8844,11.7833],[77.882,11.791],[77.8701,11.7999],[77.864,11.7873],[77.8671,11.7829],[77.8518,11.7645],[77.8158,11.7528],[77.8059,11.7553],[77.8106,11.7648],[77.7978,11.7643],[77.7843,11.7353],[77.7816,11.7098],[77.7754,11.6964],[77.7704,11.697],[77.7488,11.6594],[77.7457,11.6546],[77.734,11.6577],[77.7242,11.6496],[77.7154,11.6492],[77.7161,11.6419],[77.706,11.6344],[77.7,11.6347],[77.6893,11.6521],[77.6979,11.6935],[77.6901,11.6941],[77.6948,11.7061],[77.6908,11.7182],[77.6955,11.7208],[77.7081,11.7665],[77.7221,11.7951],[77.71,11.7977],[77.7104,11.8106],[77.6998,11.8108],[77.6913,11.818],[77.6662,11.8244],[77.6613,11.8139],[77.6527,11.8127],[77.6465,11.8191],[77.6624,11.8525],[77.6618,11.8782],[77.6854,11.8777],[77.6852,11.8898],[77.6791,11.9005],[77.6806,11.9246],[77.6755,11.952],[77.6755,11.952]]]},"properties":{"STATE":"TAMIL NADU","DISTRICT":"SALEM","AC_NAME":"METTUR","AC":"AC","YEAR":2026.0,"RES":"GEN","ELECTORS":255869.0,"VOTERS":231105.0,"TURNOUT":90.32,"MARGIN":19105.0,"MARGIN_PERCENTAGE":8.27,"PARTY_RANK1":"AIADMK","PARTY_RANK2":"DMK","PARTY_RANK3":"TVK","PARTY_RANK4":"NTK","CANDIDATE_RANK1":"VENKATACHALAM. G","CANDIDATE_RANK2":"MIDHUN CHAKRAVARTHY. M","CANDIDATE_RANK3":"SELVAM. K","CANDIDATE_RANK4":"VIDHYA VEERAPPAN","VOTES_RANK1":86498.0,"VOTES_RANK2":67393.0,"VOTES_RANK3":65260.0,"VOTES_RANK4":7109.0,"VOTES_RANK1_PERCENTAGE":37.43,"VOTES_RANK2_PERCENTAGE":29.16,"VOTES_RANK3_PERCENTAGE":28.24,"VOTES_RANK4_PERCENTAGE":3.08,"COLOR":"#007500","ID":27634}},{"type":"Feature","geometry":{"type":"Polygon","coordinates":[[[78.1404,11.9666],[78.235,11.979],[78.2449,11.9686],[78.2521,11.9496],[78.2496,11.9377],[78.2359,11.9182],[78.2079,11.8813],[78.2118,11.8775],[78.2069,11.8698],[78.1962,11.8685],[78.1928,11.8779],[78.1744,11.8873],[78.1755,11.8931],[78.1699,11.8961],[78.1598,11.8853],[78.1546,11.8597],[78.1674,11.844],[78.1627,11.8374],[78.1505,11.8469],[78.1424,11.8464],[78.1389,11.8356],[78.1498,11.8217],[78.1366,11.8182],[78.1292,11.8088],[78.1289,11.8023],[78.1381,11.7905],[78.1537,11.7849],[78.1594,11.7785],[78.1593,11.7543],[78.1478,11.7434],[78.1301,11.725],[78.1138,11.7273],[78.1069,11.7324],[78.0809,11.7256],[78.0684,11.7306],[78.0675,11.7261],[78.0557,11.7267],[78.0459,11.7204],[78.0376,11.7312],[78.035,11.712],[78.0167,11.7194],[78.0016,11.7068],[77.9893,11.7081],[77.9839,11.7025],[77.985,11.6954],[77.9785,11.6945],[77.969,11.6791],[77.9622,11.6824],[77.9572,11.6777],[77.947,11.6843],[77.937,11.681],[77.9329,11.6928],[77.9248,11.6965],[77.9171,11.6859],[77.9137,11.6902],[77.9056,11.6888],[77.9001,11.6968],[77.9041,11.7215],[77.9124,11.7268],[77.9337,11.7228],[77.9449,11.7285],[77.9337,11.7413],[77.9421,11.7411],[77.9456,11.7464],[77.9463,11.7502],[77.9345,11.7603],[77.9459,11.7716],[77.946,11.78],[77.9539,11.7793],[77.9546,11.7843],[77.9673,11.7798],[77.971,11.7628],[77.9756,11.7698],[77.9988,11.76],[78.0193,11.7714],[78.0221,11.7754],[78.0065,11.783],[78.005,11.8053],[78.0087,11.813],[78.0014,11.8113],[78.0028,11.818],[77.9902,11.826],[77.9933,11.8374],[77.9871,11.8405],[77.9907,11.8485],[77.9812,11.8542],[77.99,11.8625],[77.9824,11.8755],[77.9874,11.8798],[77.9857,11.8834],[77.9811,11.8816],[77.9792,11.8912],[78.0288,11.9094],[78.0565,11.9286],[78.0612,11.9379],[78.0738,11.9371],[78.1006,11.9556],[78.1187,11.9599],[78.1404,11.9666]]]},"properties":{"STATE":"TAMIL NADU","DISTRICT":"SALEM","AC_NAME":"OMALUR","AC":"AC","YEAR":2026.0,"RES":"GEN","ELECTORS":294863.0,"VOTERS":271119.0,"TURNOUT":91.95,"MARGIN":14539.0,"MARGIN_PERCENTAGE":5.36,"PARTY_RANK1":"AIADMK","PARTY_RANK2":"TVK","PARTY_RANK3":"DMDK","PARTY_RANK4":"NTK","CANDIDATE_RANK1":"MANI. R","CANDIDATE_RANK2":"ADHIYAMAAN. R.V","CANDIDATE_RANK3":"ELANGOVAN. A.R","CANDIDATE_RANK4":"SIVASAKTHI. M","VOTES_RANK1":112246.0,"VOTES_RANK2":97707.0,"VOTES_RANK3":46917.0,"VOTES_RANK4":8370.0,"VOTES_RANK1_PERCENTAGE":41.4,"VOTES_RANK2_PERCENTAGE":36.04,"VOTES_RANK3_PERCENTAGE":17.3,"VOTES_RANK4_PERCENTAGE":3.09,"COLOR":"#007500","ID":27648}},{"type":"Feature","geometry":{"type":"Polygon","coordinates":[[[78.2033,11.6994],[78.2017,11.6857],[78.1947,11.6797],[78.2103,11.6737],[78.2074,11.6627],[78.196,11.6595],[78.1907,11.6651],[78.1576,11.6583],[78.1483,11.6509],[78.1199,11.6487],[78.111,11.658],[78.1056,11.6662],[78.0932,11.6618],[78.0912,11.6663],[78.1021,11.6727],[78.101,11.6951],[78.1083,11.7021],[78.1205,11.7052],[78.1232,11.7117],[78.1327,11.7108],[78.1311,11.7052],[78.1371,11.6968],[78.1553,11.7045],[78.155,11.7193],[78.1615,11.7208],[78.1661,11.7176],[78.1649,11.7094],[78.1706,11.7108],[78.1751,11.6958],[78.1855,11.695],[78.189,11.702],[78.2033,11.6994]]]},"properties":{"STATE":"TAMIL NADU","DISTRICT":"SALEM","AC_NAME":"SALEM (NORTH)","AC":"AC","YEAR":2026.0,"RES":"GEN","ELECTORS":238685.0,"VOTERS":210712.0,"TURNOUT":88.28,"MARGIN":14034.0,"MARGIN_PERCENTAGE":6.66,"PARTY_RANK1":"TVK","PARTY_RANK2":"DMK","PARTY_RANK3":"PMK","PARTY_RANK4":"NTK","CANDIDATE_RANK1":"SIVAKUMAR. K","CANDIDATE_RANK2":"RAJENDRAN. R","CANDIDATE_RANK3":"SADHASIVAM. S","CANDIDATE_RANK4":"GUNASEELA. M","VOTES_RANK1":85710.0,"VOTES_RANK2":71676.0,"VOTES_RANK3":44238.0,"VOTES_RANK4":6450.0,"VOTES_RANK1_PERCENTAGE":40.68,"VOTES_RANK2_PERCENTAGE":34.02,"VOTES_RANK3_PERCENTAGE":20.99,"VOTES_RANK4_PERCENTAGE":3.06,"COLOR":null,"ID":27683}},{"type":"Feature","geometry":{"type":"Polygon","coordinates":[[[78.2074,11.6627],[78.2093,11.6503],[78.2239,11.6552],[78.229,11.6511],[78.2245,11.6497],[78.1983,11.6426],[78.1962,11.6307],[78.1908,11.6252],[78.1774,11.6238],[78.1755,11.6309],[78.1571,11.6314],[78.1549,11.6243],[78.1357,11.6163],[78.1258,11.6366],[78.119,11.6324],[78.1138,11.6213],[78.0948,11.6375],[78.0967,11.6526],[78.1071,11.654],[78.1035,11.6589],[78.111,11.658],[78.1199,11.6487],[78.1483,11.6509],[78.1576,11.6583],[78.1907,11.6651],[78.196,11.6595],[78.2074,11.6627]]]},"properties":{"STATE":"TAMIL NADU","DISTRICT":"SALEM","AC_NAME":"SALEM (SOUTH)","AC":"AC","YEAR":2026.0,"RES":"GEN","ELECTORS":226880.0,"VOTERS":207902.0,"TURNOUT":91.64,"MARGIN":33369.0,"MARGIN_PERCENTAGE":16.05,"PARTY_RANK1":"TVK","PARTY_RANK2":"DMK","PARTY_RANK3":"AIADMK","PARTY_RANK4":"NTK","CANDIDATE_RANK1":"VIJAY TAMILAN PARTHIBAN. A","CANDIDATE_RANK2":"LOGANATHAN. M","CANDIDATE_RANK3":"VINOTH. J","CANDIDATE_RANK4":"SOFIA. S","VOTES_RANK1":91371.0,"VOTES_RANK2":58002.0,"VOTES_RANK3":50216.0,"VOTES_RANK4":5819.0,"VOTES_RANK1_PERCENTAGE":43.95,"VOTES_RANK2_PERCENTAGE":27.9,"VOTES_RANK3_PERCENTAGE":24.15,"VOTES_RANK4_PERCENTAGE":2.8,"COLOR":null,"ID":27684}},{"type":"Feature","geometry":{"type":"Polygon","coordinates":[[[78.17,11.7379],[78.1774,11.7297],[78.1782,11.7199],[78.1879,11.7203],[78.186,11.7116],[78.205,11.7246],[78.2055,11.7167],[78.2152,11.7156],[78.2033,11.6994],[78.189,11.702],[78.1855,11.695],[78.1751,11.6958],[78.1706,11.7108],[78.1649,11.7094],[78.1661,11.7176],[78.1615,11.7208],[78.155,11.7193],[78.1553,11.7045],[78.1371,11.6968],[78.1311,11.7052],[78.1327,11.7108],[78.1232,11.7117],[78.1205,11.7052],[78.1083,11.7021],[78.101,11.6951],[78.1021,11.6727],[78.0912,11.6663],[78.0932,11.6618],[78.09,11.6484],[78.0808,11.6451],[78.0788,11.651],[78.0845,11.6536],[78.0772,11.6553],[78.0734,11.6664],[78.0667,11.6649],[78.0683,11.6727],[78.0595,11.6768],[78.0509,11.6739],[78.0481,11.691],[78.0401,11.6906],[78.033,11.6973],[78.0273,11.6951],[78.0291,11.6982],[78.0249,11.7003],[78.0088,11.6907],[78.0013,11.7004],[78.0016,11.7068],[78.0167,11.7194],[78.035,11.712],[78.0376,11.7312],[78.0459,11.7204],[78.0557,11.7267],[78.0675,11.7261],[78.0684,11.7306],[78.0809,11.7256],[78.1069,11.7324],[78.1138,11.7273],[78.1301,11.725],[78.1478,11.7434],[78.17,11.7379]]]},"properties":{"STATE":"TAMIL NADU","DISTRICT":"SALEM","AC_NAME":"SALEM (WEST)","AC":"AC","YEAR":2026.0,"RES":"GEN","ELECTORS":258040.0,"VOTERS":234407.0,"TURNOUT":90.84,"MARGIN":74867.0,"MARGIN_PERCENTAGE":31.94,"PARTY_RANK1":"TVK","PARTY_RANK2":"PMK","PARTY_RANK3":"DMDK","PARTY_RANK4":"AJPK","CANDIDATE_RANK1":"LAKSHMANAN.S","CANDIDATE_RANK2":"KARTHE.M","CANDIDATE_RANK3":"ALAGAAPURAM. R. MOHANRAJ","CANDIDATE_RANK4":"ARUL RAMADAS","VOTES_RANK1":120407.0,"VOTES_RANK2":45540.0,"VOTES_RANK3":41522.0,"VOTES_RANK4":12532.0,"VOTES_RANK1_PERCENTAGE":51.37,"VOTES_RANK2_PERCENTAGE":19.43,"VOTES_RANK3_PERCENTAGE":17.71,"VOTES_RANK4_PERCENTAGE":5.35,"COLOR":null,"ID":27685}},{"type":"Feature","geometry":{"type":"Polygon","coordinates":[[[78.0016,11.7068],[78.0013,11.7004],[78.0088,11.6907],[78.0249,11.7003],[78.0291,11.6982],[78.0273,11.6951],[78.033,11.6973],[78.0401,11.6906],[78.0338,11.6888],[78.037,11.6872],[78.03,11.6594],[78.0209,11.6569],[78.0149,11.6632],[78.0116,11.6532],[78.0051,11.6485],[78.0267,11.6286],[78.0286,11.6204],[78.0176,11.6071],[77.9988,11.6106],[77.9962,11.6018],[77.9988,11.5917],[78.0142,11.5863],[78.0059,11.5561],[78.0201,11.5523],[78.0186,11.5288],[78.006,11.5244],[77.9783,11.5288],[77.9737,11.5146],[77.977,11.5002],[77.9723,11.4682],[77.9553,11.4692],[77.949,11.4742],[77.9418,11.4602],[77.929,11.458],[77.9232,11.4614],[77.9243,11.4515],[77.919,11.452],[77.9153,11.4585],[77.9136,11.4437],[77.9101,11.4422],[77.9108,11.4222],[77.9064,11.4253],[77.8995,11.4195],[77.8898,11.4196],[77.8901,11.4243],[77.8802,11.4232],[77.875,11.4132],[77.8646,11.4172],[77.8638,11.4235],[77.8531,11.4148],[77.8524,11.4221],[77.8477,11.4208],[77.8504,11.4345],[77.8471,11.4364],[77.8197,11.4458],[77.8347,11.4573],[77.8298,11.4703],[77.8083,11.4689],[77.8158,11.4676],[77.8144,11.4576],[77.8057,11.4592],[77.8038,11.4483],[77.7839,11.4508],[77.791,11.4661],[77.7845,11.4778],[77.7729,11.4828],[77.7656,11.479],[77.7603,11.451],[77.7421,11.4459],[77.7314,11.4448],[77.7194,11.4534],[77.7087,11.4492],[77.7119,11.4639],[77.7092,11.4657],[77.7062,11.461],[77.6967,11.4645],[77.7024,11.4825],[77.7315,11.5101],[77.7324,11.5178],[77.7239,11.5358],[77.7427,11.5633],[77.7405,11.5542],[77.7489,11.5551],[77.7587,11.5728],[77.7457,11.5765],[77.7534,11.5799],[77.7595,11.5905],[77.8024,11.5826],[77.8083,11.585],[77.8076,11.5649],[77.8156,11.5579],[77.8516,11.5614],[77.8461,11.5427],[77.8361,11.5355],[77.8386,11.531],[77.8862,11.5212],[77.9025,11.5244],[77.9142,11.5374],[77.9156,11.5481],[77.9214,11.5483],[77.9249,11.5566],[77.9312,11.556],[77.9196,11.5656],[77.9245,11.5752],[77.9318,11.5755],[77.9335,11.5683],[77.9426,11.5673],[77.9582,11.5903],[77.9505,11.6047],[77.9515,11.6196],[77.9414,11.6245],[77.9423,11.6652],[77.9237,11.6682],[77.9205,11.6589],[77.9163,11.6591],[77.9153,11.6688],[77.9034,11.6708],[77.9002,11.681],[77.9056,11.6888],[77.9137,11.6902],[77.9171,11.6859],[77.9248,11.6965],[77.9329,11.6928],[77.937,11.681],[77.947,11.6843],[77.9572,11.6777],[77.9622,11.6824],[77.969,11.6791],[77.9785,11.6945],[77.985,11.6954],[77.9839,11.7025],[77.9893,11.7081],[78.0016,11.7068]]]},"properties":{"STATE":"TAMIL NADU","DISTRICT":"SALEM","AC_NAME":"SANKARI","AC":"AC","YEAR":2026.0,"RES":"GEN","ELECTORS":260590.0,"VOTERS":243779.0,"TURNOUT":93.55,"MARGIN":9517.0,"MARGIN_PERCENTAGE":3.9,"PARTY_RANK1":"AIADMK","PARTY_RANK2":"TVK","PARTY_RANK3":"DMK","PARTY_RANK4":"NTK","CANDIDATE_RANK1":"VETRIVEL. S","CANDIDATE_RANK2":"SENTHILKUMAR. K","CANDIDATE_RANK3":"MANIKANDAN. M","CANDIDATE_RANK4":"NITHYA. A","VOTES_RANK1":87342.0,"VOTES_RANK2":77825.0,"VOTES_RANK3":65716.0,"VOTES_RANK4":7534.0,"VOTES_RANK1_PERCENTAGE":35.83,"VOTES_RANK2_PERCENTAGE":31.92,"VOTES_RANK3_PERCENTAGE":26.96,"VOTES_RANK4_PERCENTAGE":3.09,"COLOR":"#007500","ID":27688}},{"type":"Feature","geometry":{"type":"Polygon","coordinates":[[[78.111,11.658],[78.1035,11.6589],[78.1071,11.654],[78.0967,11.6526],[78.0948,11.6375],[78.1138,11.6213],[78.119,11.6324],[78.1258,11.6366],[78.1357,11.6163],[78.1549,11.6243],[78.1571,11.6314],[78.1755,11.6309],[78.1774,11.6238],[78.1908,11.6252],[78.1962,11.6307],[78.1983,11.6426],[78.2245,11.6497],[78.2208,11.6344],[78.2409,11.6324],[78.2579,11.6403],[78.2591,11.6341],[78.253,11.6235],[78.2714,11.6315],[78.2766,11.6405],[78.2968,11.6368],[78.3122,11.6242],[78.318,11.6062],[78.318,11.5989],[78.3128,11.5965],[78.3097,11.5879],[78.2719,11.5787],[78.2643,11.5671],[78.277,11.5658],[78.2638,11.5591],[78.2431,11.553],[78.2392,11.5577],[78.2087,11.5651],[78.2012,11.5528],[78.1808,11.5508],[78.1764,11.5486],[78.1778,11.5447],[78.1656,11.5483],[78.1598,11.5387],[78.1463,11.5385],[78.1381,11.5441],[78.1314,11.5382],[78.1167,11.5405],[78.1099,11.5558],[78.1054,11.5574],[78.0911,11.5464],[78.0862,11.5459],[78.0833,11.5541],[78.0769,11.5427],[78.0777,11.5285],[78.0736,11.5222],[78.0696,11.5237],[78.0705,11.5285],[78.0674,11.5227],[78.0617,11.5228],[78.0585,11.5152],[78.0554,11.5224],[78.0538,11.5138],[78.0354,11.5223],[78.0348,11.5291],[78.0186,11.5288],[78.0201,11.5523],[78.0059,11.5561],[78.0142,11.5863],[77.9988,11.5917],[77.9962,11.6018],[77.9988,11.6106],[78.0176,11.6071],[78.0286,11.6204],[78.0267,11.6286],[78.0051,11.6485],[78.0116,11.6532],[78.0149,11.6632],[78.0209,11.6569],[78.03,11.6594],[78.037,11.6872],[78.0338,11.6888],[78.0401,11.6906],[78.0481,11.691],[78.0509,11.6739],[78.0595,11.6768],[78.0683,11.6727],[78.0667,11.6649],[78.0734,11.6664],[78.0772,11.6553],[78.0845,11.6536],[78.0788,11.651],[78.0808,11.6451],[78.09,11.6484],[78.0932,11.6618],[78.1056,11.6662],[78.111,11.658]]]},"properties":{"STATE":"TAMIL NADU","DISTRICT":"SALEM","AC_NAME":"VEERAPANDI","AC":"AC","YEAR":2026.0,"RES":"GEN","ELECTORS":250504.0,"VOTERS":235875.0,"TURNOUT":94.16,"MARGIN":4071.0,"MARGIN_PERCENTAGE":1.73,"PARTY_RANK1":"TVK","PARTY_RANK2":"AIADMK","PARTY_RANK3":"DMK","PARTY_RANK4":"NTK","CANDIDATE_RANK1":"PALANIVEL. M.S","CANDIDATE_RANK2":"SRI BALAJI SUGUMAR. S","CANDIDATE_RANK3":"THARUN. A.K","CANDIDATE_RANK4":"RAJESHKUMAR. S","VOTES_RANK1":79907.0,"VOTES_RANK2":75836.0,"VOTES_RANK3":69296.0,"VOTES_RANK4":6820.0,"VOTES_RANK1_PERCENTAGE":33.88,"VOTES_RANK2_PERCENTAGE":32.15,"VOTES_RANK3_PERCENTAGE":29.38,"VOTES_RANK4_PERCENTAGE":2.89,"COLOR":null,"ID":27753}},{"type":"Feature","geometry":{"type":"Polygon","coordinates":[[[78.2359,11.9182],[78.2548,11.9336],[78.2562,11.9399],[78.2733,11.9387],[78.2634,11.9275],[78.2597,11.9111],[78.2767,11.9315],[78.2902,11.9317],[78.2931,11.929],[78.2883,11.924],[78.2798,11.9232],[78.2798,11.9131],[78.2692,11.899],[78.2724,11.8975],[78.2927,11.9062],[78.292,11.9139],[78.3191,11.932],[78.3287,11.9264],[78.3316,11.9193],[78.3234,11.9043],[78.3266,11.8988],[78.3081,11.8815],[78.3352,11.9005],[78.3401,11.8967],[78.3572,11.9135],[78.3605,11.9083],[78.3534,11.8936],[78.3676,11.8887],[78.3672,11.8796],[78.3556,11.8644],[78.3513,11.8483],[78.3478,11.8482],[78.3514,11.8455],[78.3467,11.8398],[78.3508,11.8338],[78.3286,11.797],[78.3129,11.7831],[78.3222,11.778],[78.3293,11.7762],[78.346,11.7932],[78.3517,11.7932],[78.3819,11.8282],[78.4029,11.8736],[78.4143,11.8802],[78.4413,11.8688],[78.4328,11.8624],[78.4406,11.84],[78.449,11.8301],[78.4688,11.8237],[78.4738,11.8177],[78.5125,11.8115],[78.5222,11.8155],[78.5401,11.8054],[78.5726,11.8198],[78.5973,11.8239],[78.6076,11.8483],[78.6274,11.8717],[78.6331,11.8647],[78.653,11.866],[78.6587,11.8567],[78.6819,11.8573],[78.6949,11.8508],[78.6906,11.8043],[78.6655,11.7964],[78.6627,11.7798],[78.6402,11.7642],[78.6267,11.7723],[78.6211,11.756],[78.6046,11.7587],[78.6022,11.755],[78.5928,11.755],[78.5839,11.7252],[78.576,11.7277],[78.5642,11.722],[78.5569,11.7283],[78.5539,11.7234],[78.5442,11.7235],[78.537,11.7308],[78.5379,11.7403],[78.5308,11.7294],[78.5113,11.7334],[78.5112,11.7439],[78.5179,11.7395],[78.5239,11.7457],[78.5185,11.7509],[78.5294,11.764],[78.5096,11.7709],[78.4756,11.7613],[78.4567,11.7437],[78.4565,11.7496],[78.4377,11.7465],[78.4363,11.732],[78.4278,11.7311],[78.4197,11.7183],[78.415,11.7201],[78.4144,11.7092],[78.4102,11.7062],[78.4201,11.7036],[78.4279,11.7112],[78.4298,11.7028],[78.4382,11.6995],[78.4325,11.6857],[78.4283,11.6852],[78.4294,11.6893],[78.4261,11.6901],[78.4177,11.6844],[78.4257,11.6715],[78.4199,11.6607],[78.4172,11.6382],[78.4263,11.637],[78.4199,11.6326],[78.4268,11.632],[78.4168,11.6146],[78.4178,11.6108],[78.4248,11.6118],[78.433,11.5954],[78.3858,11.5866],[78.3828,11.5753],[78.3758,11.5774],[78.3745,11.5886],[78.3565,11.559],[78.3435,11.5466],[78.3452,11.5417],[78.3284,11.5314],[78.3263,11.5365],[78.31,11.5413],[78.3232,11.5427],[78.324,11.5545],[78.3294,11.5586],[78.3072,11.5647],[78.3103,11.575],[78.3177,11.5734],[78.3192,11.5786],[78.3097,11.5879],[78.3128,11.5965],[78.318,11.5989],[78.318,11.6062],[78.3122,11.6242],[78.2968,11.6368],[78.2766,11.6405],[78.2714,11.6315],[78.253,11.6235],[78.2591,11.6341],[78.2579,11.6403],[78.2409,11.6324],[78.2208,11.6344],[78.2245,11.6497],[78.229,11.6511],[78.2239,11.6552],[78.2093,11.6503],[78.2074,11.6627],[78.2103,11.6737],[78.1947,11.6797],[78.2017,11.6857],[78.2033,11.6994],[78.2152,11.7156],[78.2055,11.7167],[78.205,11.7246],[78.186,11.7116],[78.1879,11.7203],[78.1782,11.7199],[78.1774,11.7297],[78.17,11.7379],[78.1478,11.7434],[78.1593,11.7543],[78.1594,11.7785],[78.1537,11.7849],[78.1381,11.7905],[78.1289,11.8023],[78.1292,11.8088],[78.1366,11.8182],[78.1498,11.8217],[78.1389,11.8356],[78.1424,11.8464],[78.1505,11.8469],[78.1627,11.8374],[78.1674,11.844],[78.1546,11.8597],[78.1598,11.8853],[78.1699,11.8961],[78.1755,11.8931],[78.1744,11.8873],[78.1928,11.8779],[78.1962,11.8685],[78.2069,11.8698],[78.2118,11.8775],[78.2079,11.8813],[78.2359,11.9182]]]},"properties":{"STATE":"TAMIL NADU","DISTRICT":"SALEM","AC_NAME":"YERCAUD","AC":"AC","YEAR":2026.0,"RES":"ST","ELECTORS":272937.0,"VOTERS":253592.0,"TURNOUT":92.91,"MARGIN":2189.0,"MARGIN_PERCENTAGE":0.86,"PARTY_RANK1":"AIADMK","PARTY_RANK2":"TVK","PARTY_RANK3":"DMK","PARTY_RANK4":"NTK","CANDIDATE_RANK1":"USHARANI. P","CANDIDATE_RANK2":"LAKSHMI JANARTHANAN. J","CANDIDATE_RANK3":"REVATHI. T.M","CANDIDATE_RANK4":"PALANISAMY. M","VOTES_RANK1":87772.0,"VOTES_RANK2":85583.0,"VOTES_RANK3":68045.0,"VOTES_RANK4":7601.0,"VOTES_RANK1_PERCENTAGE":34.61,"VOTES_RANK2_PERCENTAGE":33.75,"VOTES_RANK3_PERCENTAGE":26.83,"VOTES_RANK4_PERCENTAGE":3.0,"COLOR":"#007500","ID":27766}},{"type":"Feature","geometry":{"type":"Polygon","coordinates":[[[78.9078,10.1494],[78.9133,10.1452],[78.9118,10.13],[78.924,10.1231],[78.929,10.1207],[78.9287,10.1145],[78.9375,10.1157],[78.9416,10.1103],[78.9413,10.1143],[78.9481,10.1058],[78.9497,10.1145],[78.9588,10.1144],[78.9662,10.128],[78.9769,10.1098],[78.977,10.1021],[78.9822,10.1003],[78.987,10.0895],[78.9828,10.0849],[78.9779,10.0867],[78.9769,10.0813],[78.9706,10.0826],[78.963,10.095],[78.9501,10.0902],[78.9461,10.079],[78.9344,10.072],[78.944,10.0557],[78.9383,10.0574],[78.924,10.0431],[78.9318,10.039],[78.9305,10.0218],[78.9522,10.0077],[78.9651,10.0074],[78.9746,9.9997],[78.9726,9.9922],[78.9817,9.9904],[78.9937,9.9958],[79.0029,9.9874],[79.0101,9.9896],[79.0155,9.9808],[79.0028,9.9787],[78.9978,9.965],[79.0014,9.9638],[79.0018,9.9551],[78.9887,9.9516],[78.9897,9.9472],[78.9892,9.9469],[78.9669,9.9381],[78.9558,9.9226],[78.9226,9.9228],[78.902,9.9016],[78.903,9.8816],[78.8816,9.8829],[78.8763,9.8744],[78.872,9.8628],[78.8831,9.8191],[78.8827,9.8006],[78.8985,9.7912],[78.8994,9.7851],[78.8875,9.7578],[78.8567,9.7559],[78.8475,9.7418],[78.8314,9.7325],[78.8285,9.7231],[78.8153,9.7415],[78.8381,9.7774],[78.7963,9.7837],[78.7813,9.8011],[78.7759,9.7742],[78.7718,9.7729],[78.7692,9.7787],[78.7384,9.7535],[78.728,9.754],[78.7348,9.7702],[78.7259,9.7954],[78.7193,9.8003],[78.7073,9.8001],[78.7077,9.8116],[78.7191,9.8187],[78.7276,9.8322],[78.7206,9.843],[78.7174,9.8304],[78.7094,9.8358],[78.7178,9.8502],[78.7179,9.8554],[78.7112,9.8604],[78.7202,9.8597],[78.7236,9.8686],[78.7187,9.8717],[78.7053,9.8697],[78.7137,9.893],[78.7129,9.9033],[78.6928,9.9195],[78.7226,9.9222],[78.7322,9.9405],[78.7372,9.945],[78.748,9.9454],[78.7385,9.9532],[78.7512,9.9591],[78.747,9.9684],[78.7591,9.9671],[78.7651,9.9905],[78.7718,9.9986],[78.7538,10.0077],[78.7383,10.0302],[78.7283,10.032],[78.7333,10.0497],[78.73,10.058],[78.7318,10.0646],[78.7485,10.0633],[78.7653,10.0424],[78.8009,10.0781],[78.795,10.0827],[78.8006,10.0877],[78.8316,10.0847],[78.8361,10.1192],[78.8309,10.1202],[78.8292,10.1305],[78.8317,10.1485],[78.8332,10.1393],[78.8483,10.1375],[78.8478,10.1263],[78.8575,10.1259],[78.8622,10.1265],[78.8655,10.1359],[78.8713,10.1371],[78.882,10.1547],[78.8874,10.1485],[78.8967,10.1476],[78.9021,10.1522],[78.9003,10.1567],[78.9078,10.1494]]]},"properties":{"STATE":"TAMIL NADU","DISTRICT":"SIVAGANGA","AC_NAME":"KARAIKUDI","AC":"AC","YEAR":2026.0,"RES":"GEN","ELECTORS":306124.0,"VOTERS":229267.0,"TURNOUT":74.89,"MARGIN":46074.0,"MARGIN_PERCENTAGE":20.1,"PARTY_RANK1":"TVK","PARTY_RANK2":"INC","PARTY_RANK3":"AMMK","PARTY_RANK4":"NTK","CANDIDATE_RANK1":"DR.PRABHU. TK","CANDIDATE_RANK2":"MANGUDI. S","CANDIDATE_RANK3":"DHERPOKI V.PANDI","CANDIDATE_RANK4":"SEEMAN","VOTES_RANK1":101358.0,"VOTES_RANK2":55284.0,"VOTES_RANK3":33352.0,"VOTES_RANK4":30793.0,"VOTES_RANK1_PERCENTAGE":44.21,"VOTES_RANK2_PERCENTAGE":24.11,"VOTES_RANK3_PERCENTAGE":14.55,"VOTES_RANK4_PERCENTAGE":13.43,"COLOR":null,"ID":27597}},{"type":"Feature","geometry":{"type":"Polygon","coordinates":[[[78.2007,9.8732],[78.2099,9.8734],[78.225,9.8613],[78.2282,9.8653],[78.2488,9.86],[78.2427,9.8509],[78.2535,9.8344],[78.2583,9.8347],[78.2607,9.8482],[78.2666,9.8497],[78.282,9.8475],[78.2864,9.8402],[78.2973,9.844],[78.292,9.8277],[78.2945,9.8249],[78.3238,9.8268],[78.3213,9.8402],[78.3452,9.8394],[78.35,9.825],[78.3631,9.8204],[78.3668,9.8108],[78.3518,9.7945],[78.3703,9.7861],[78.3703,9.7761],[78.3784,9.7738],[78.3791,9.7665],[78.3975,9.7503],[78.4147,9.757],[78.4198,9.7474],[78.4242,9.7474],[78.4278,9.7566],[78.4344,9.7549],[78.4396,9.7466],[78.4619,9.7749],[78.4836,9.7744],[78.4963,9.7327],[78.5165,9.7234],[78.5336,9.7324],[78.5408,9.7221],[78.5257,9.7096],[78.5249,9.6977],[78.5167,9.6977],[78.5037,9.6888],[78.5214,9.6804],[78.5355,9.655],[78.548,9.6706],[78.5692,9.6767],[78.5725,9.6889],[78.5907,9.6897],[78.5927,9.7059],[78.5825,9.7084],[78.5923,9.7092],[78.6015,9.7182],[78.6065,9.7187],[78.6062,9.7141],[78.6218,9.7054],[78.63,9.7081],[78.6283,9.7126],[78.6332,9.7177],[78.6426,9.7194],[78.6463,9.7167],[78.642,9.7148],[78.6507,9.7091],[78.6567,9.7128],[78.6689,9.707],[78.6632,9.6997],[78.6689,9.684],[78.6814,9.679],[78.6957,9.68],[78.7023,9.6959],[78.7136,9.6976],[78.7233,9.7108],[78.7447,9.7099],[78.7473,9.7059],[78.7511,9.7149],[78.7802,9.719],[78.7834,9.7098],[78.7978,9.7028],[78.7934,9.6985],[78.7986,9.6967],[78.7972,9.6857],[78.7889,9.6811],[78.7951,9.6795],[78.7897,9.6721],[78.7947,9.6711],[78.795,9.6655],[78.7874,9.6622],[78.7844,9.6527],[78.7943,9.6419],[78.7945,9.6362],[78.7871,9.634],[78.7945,9.632],[78.7936,9.6238],[78.798,9.6211],[78.8216,9.6168],[78.8189,9.5951],[78.744,9.5784],[78.7445,9.585],[78.7267,9.589],[78.7157,9.5971],[78.6774,9.5998],[78.6826,9.576],[78.6803,9.5619],[78.6526,9.5449],[78.6604,9.5202],[78.6161,9.5374],[78.6073,9.5533],[78.5963,9.5557],[78.5626,9.576],[78.5504,9.5774],[78.5416,9.5839],[78.5265,9.5805],[78.5153,9.583],[78.4989,9.5982],[78.5018,9.6102],[78.4754,9.6126],[78.4645,9.6173],[78.463,9.6231],[78.4568,9.6163],[78.4496,9.6203],[78.4407,9.6183],[78.4237,9.5963],[78.4174,9.5975],[78.4144,9.6194],[78.3883,9.6326],[78.3919,9.6507],[78.3743,9.6591],[78.3566,9.6583],[78.3504,9.6661],[78.345,9.6602],[78.3377,9.6643],[78.3344,9.6692],[78.3428,9.6744],[78.3415,9.6836],[78.3267,9.6969],[78.3378,9.7039],[78.2944,9.7118],[78.2877,9.72],[78.3,9.7547],[78.2959,9.7621],[78.2736,9.7536],[78.2602,9.7616],[78.239,9.7574],[78.2105,9.7826],[78.2044,9.7639],[78.1966,9.7679],[78.1706,9.7486],[78.1637,9.7539],[78.1649,9.7647],[78.1559,9.7657],[78.1488,9.7753],[78.1495,9.7816],[78.1443,9.7836],[78.1458,9.7942],[78.139,9.8],[78.1408,9.8091],[78.1721,9.7969],[78.1683,9.7825],[78.1617,9.7817],[78.1597,9.7748],[78.1734,9.7765],[78.1757,9.7725],[78.1832,9.7929],[78.1936,9.8065],[78.1687,9.8309],[78.1515,9.8278],[78.1531,9.8222],[78.1429,9.8122],[78.1281,9.814],[78.1323,9.8196],[78.1323,9.8326],[78.1249,9.8434],[78.1243,9.855],[78.1379,9.8563],[78.1506,9.8516],[78.1516,9.8742],[78.1688,9.8746],[78.1814,9.8676],[78.1878,9.8721],[78.1975,9.8692],[78.2007,9.8732]]]},"properties":{"STATE":"TAMIL NADU","DISTRICT":"SIVAGANGA","AC_NAME":"MANAMADURAI","AC":"AC","YEAR":2026.0,"RES":"SC","ELECTORS":260203.0,"VOTERS":208643.0,"TURNOUT":80.18,"MARGIN":1208.0,"MARGIN_PERCENTAGE":0.58,"PARTY_RANK1":"TVK","PARTY_RANK2":"DMK","PARTY_RANK3":"BJP","PARTY_RANK4":"NTK","CANDIDATE_RANK1":"ELANGOVAN.D","CANDIDATE_RANK2":"TAMILARASI.A","CANDIDATE_RANK3":"BALAGANAPATHY.V","CANDIDATE_RANK4":"SHANMUGAPRIYA.M","VOTES_RANK1":69971.0,"VOTES_RANK2":68763.0,"VOTES_RANK3":42610.0,"VOTES_RANK4":19676.0,"VOTES_RANK1_PERCENTAGE":33.54,"VOTES_RANK2_PERCENTAGE":32.96,"VOTES_RANK3_PERCENTAGE":20.42,"VOTES_RANK4_PERCENTAGE":9.43,"COLOR":null,"ID":27628}},{"type":"Feature","geometry":{"type":"Polygon","coordinates":[[[78.726,10.0575],[78.73,10.058],[78.7333,10.0497],[78.7283,10.032],[78.7383,10.0302],[78.7538,10.0077],[78.7718,9.9986],[78.7651,9.9905],[78.7591,9.9671],[78.747,9.9684],[78.7512,9.9591],[78.7385,9.9532],[78.748,9.9454],[78.7372,9.945],[78.7322,9.9405],[78.7226,9.9222],[78.6928,9.9195],[78.7129,9.9033],[78.7137,9.893],[78.7053,9.8697],[78.7187,9.8717],[78.7236,9.8686],[78.7202,9.8597],[78.7112,9.8604],[78.7179,9.8554],[78.7178,9.8502],[78.7094,9.8358],[78.7174,9.8304],[78.7206,9.843],[78.7276,9.8322],[78.7191,9.8187],[78.7077,9.8116],[78.7073,9.8001],[78.7193,9.8003],[78.7259,9.7954],[78.7348,9.7702],[78.728,9.754],[78.7384,9.7535],[78.7473,9.7372],[78.7511,9.7149],[78.7473,9.7059],[78.7447,9.7099],[78.7233,9.7108],[78.7136,9.6976],[78.7023,9.6959],[78.6957,9.68],[78.6814,9.679],[78.6689,9.684],[78.6632,9.6997],[78.6689,9.707],[78.6567,9.7128],[78.6507,9.7091],[78.642,9.7148],[78.6463,9.7167],[78.6426,9.7194],[78.6332,9.7177],[78.6283,9.7126],[78.63,9.7081],[78.6218,9.7054],[78.6062,9.7141],[78.6065,9.7187],[78.6015,9.7182],[78.5923,9.7092],[78.5825,9.7084],[78.5927,9.7059],[78.5907,9.6897],[78.5725,9.6889],[78.5692,9.6767],[78.548,9.6706],[78.5355,9.655],[78.5214,9.6804],[78.5037,9.6888],[78.5167,9.6977],[78.5249,9.6977],[78.5257,9.7096],[78.5408,9.7221],[78.5336,9.7324],[78.5165,9.7234],[78.4963,9.7327],[78.4836,9.7744],[78.4619,9.7749],[78.4396,9.7466],[78.4344,9.7549],[78.4278,9.7566],[78.4242,9.7474],[78.4198,9.7474],[78.4147,9.757],[78.3975,9.7503],[78.3791,9.7665],[78.3784,9.7738],[78.3703,9.7761],[78.3703,9.7861],[78.3518,9.7945],[78.3668,9.8108],[78.3631,9.8204],[78.35,9.825],[78.3452,9.8394],[78.3213,9.8402],[78.3238,9.8268],[78.2945,9.8249],[78.292,9.8277],[78.2973,9.844],[78.2864,9.8402],[78.282,9.8475],[78.2666,9.8497],[78.2672,9.8565],[78.2549,9.8639],[78.2497,9.874],[78.2773,9.8698],[78.2865,9.8704],[78.2937,9.8616],[78.3094,9.865],[78.3152,9.8831],[78.3107,9.8991],[78.3153,9.9229],[78.3457,9.94],[78.3707,9.9346],[78.3687,9.9489],[78.3723,9.9623],[78.3899,9.9526],[78.4564,9.9688],[78.4547,9.9803],[78.4477,9.9864],[78.4497,9.992],[78.4566,9.9923],[78.4578,10.0112],[78.4486,10.025],[78.4546,10.034],[78.4592,10.0341],[78.4585,10.0377],[78.4802,10.0371],[78.4844,10.0298],[78.4971,10.0242],[78.5011,10.0272],[78.5156,10.024],[78.5156,10.0331],[78.521,10.0327],[78.53,10.002],[78.5423,10.0228],[78.5614,10.0303],[78.564,10.0355],[78.5769,10.0374],[78.5797,10.034],[78.5897,10.0381],[78.5915,10.0323],[78.6027,10.027],[78.6191,10.0293],[78.6213,10.0223],[78.6166,10.0241],[78.6166,10.017],[78.6202,10.0152],[78.6458,10.0151],[78.6492,10.009],[78.6758,10.01],[78.6819,10.0063],[78.6878,10.0318],[78.7087,10.0446],[78.7102,10.0567],[78.726,10.0575]]]},"properties":{"STATE":"TAMIL NADU","DISTRICT":"SIVAGANGA","AC_NAME":"SIVAGANGA","AC":"AC","YEAR":2026.0,"RES":"GEN","ELECTORS":278609.0,"VOTERS":214067.0,"TURNOUT":76.83,"MARGIN":15081.0,"MARGIN_PERCENTAGE":7.04,"PARTY_RANK1":"TVK","PARTY_RANK2":"AIADMK","PARTY_RANK3":"DMK","PARTY_RANK4":"NTK","CANDIDATE_RANK1":"KULANTHAI RANI A","CANDIDATE_RANK2":"SENTHILNATHAN PR","CANDIDATE_RANK3":"KARUNAAS S","CANDIDATE_RANK4":"INDHUJA R","VOTES_RANK1":73737.0,"VOTES_RANK2":58656.0,"VOTES_RANK3":57300.0,"VOTES_RANK4":19021.0,"VOTES_RANK1_PERCENTAGE":34.45,"VOTES_RANK2_PERCENTAGE":27.4,"VOTES_RANK3_PERCENTAGE":26.77,"VOTES_RANK4_PERCENTAGE":8.89,"COLOR":null,"ID":27696}},{"type":"Feature","geometry":{"type":"Polygon","coordinates":[[[78.4958,10.3878],[78.5065,10.3889],[78.5053,10.3763],[78.4972,10.364],[78.4972,10.352],[78.5099,10.3464],[78.5208,10.3272],[78.5152,10.3095],[78.5184,10.3005],[78.5125,10.2879],[78.5166,10.28],[78.5111,10.27],[78.5138,10.2684],[78.4924,10.2631],[78.4727,10.27],[78.4529,10.2674],[78.448,10.2458],[78.4648,10.2406],[78.4749,10.245],[78.4821,10.255],[78.4856,10.2525],[78.4791,10.2429],[78.487,10.2366],[78.487,10.232],[78.4728,10.2201],[78.4695,10.2044],[78.4757,10.203],[78.4852,10.1921],[78.4958,10.1918],[78.4985,10.1881],[78.5161,10.1904],[78.5144,10.2166],[78.5189,10.2366],[78.5275,10.2385],[78.5299,10.2504],[78.5389,10.258],[78.5406,10.2534],[78.5531,10.2493],[78.555,10.2549],[78.5623,10.2533],[78.565,10.258],[78.5716,10.2579],[78.5769,10.2665],[78.5695,10.2813],[78.5781,10.2872],[78.6112,10.2708],[78.6365,10.2695],[78.6519,10.2537],[78.6413,10.2411],[78.6505,10.2367],[78.6473,10.2258],[78.6526,10.2191],[78.6733,10.2048],[78.6644,10.1797],[78.6704,10.1762],[78.6681,10.1543],[78.6767,10.1477],[78.691,10.1474],[78.7085,10.1756],[78.7266,10.17],[78.7277,10.1615],[78.7372,10.1587],[78.747,10.1645],[78.7672,10.1636],[78.7702,10.1672],[78.7648,10.1744],[78.7653,10.1933],[78.7688,10.1992],[78.8096,10.213],[78.8233,10.198],[78.8138,10.1671],[78.8186,10.1596],[78.8297,10.1548],[78.8317,10.1485],[78.8292,10.1305],[78.8309,10.1202],[78.8361,10.1192],[78.8316,10.0847],[78.8006,10.0877],[78.795,10.0827],[78.8009,10.0781],[78.7653,10.0424],[78.7485,10.0633],[78.7318,10.0646],[78.73,10.058],[78.726,10.0575],[78.7102,10.0567],[78.7087,10.0446],[78.6878,10.0318],[78.6819,10.0063],[78.6758,10.01],[78.6492,10.009],[78.6458,10.0151],[78.6202,10.0152],[78.6166,10.017],[78.6166,10.0241],[78.6213,10.0223],[78.6191,10.0293],[78.6027,10.027],[78.5915,10.0323],[78.5897,10.0381],[78.5797,10.034],[78.5769,10.0374],[78.564,10.0355],[78.5614,10.0303],[78.5423,10.0228],[78.53,10.002],[78.521,10.0327],[78.5156,10.0331],[78.5156,10.024],[78.5011,10.0272],[78.4971,10.0242],[78.4844,10.0298],[78.4802,10.0371],[78.4585,10.0377],[78.4592,10.0341],[78.4546,10.034],[78.4486,10.025],[78.4447,10.0248],[78.4477,10.028],[78.4399,10.0361],[78.4309,10.0366],[78.4277,10.0536],[78.437,10.0601],[78.4513,10.0616],[78.456,10.0713],[78.4609,10.0704],[78.4567,10.1003],[78.471,10.1095],[78.4736,10.1213],[78.4591,10.1253],[78.4516,10.1191],[78.4324,10.1355],[78.4268,10.1227],[78.4249,10.1337],[78.4172,10.1321],[78.4018,10.1389],[78.4129,10.161],[78.3988,10.1659],[78.3946,10.1744],[78.4124,10.2129],[78.4077,10.2235],[78.3981,10.2257],[78.3923,10.2417],[78.3956,10.2487],[78.4054,10.2503],[78.4105,10.2571],[78.4249,10.2586],[78.4242,10.2709],[78.4034,10.2757],[78.3866,10.2706],[78.3811,10.2929],[78.3861,10.2897],[78.3904,10.3023],[78.3802,10.3057],[78.3784,10.3104],[78.3921,10.318],[78.4042,10.3433],[78.3939,10.3491],[78.3924,10.3544],[78.4084,10.3578],[78.4151,10.3633],[78.4362,10.3626],[78.4492,10.3754],[78.4384,10.3844],[78.4454,10.4083],[78.4644,10.4073],[78.4907,10.3956],[78.4911,10.3887],[78.4958,10.3878]]]},"properties":{"STATE":"TAMIL NADU","DISTRICT":"SIVAGANGA","AC_NAME":"TIRUPATTUR","AC":"AC","YEAR":2026.0,"RES":"GEN","ELECTORS":227352.0,"VOTERS":202925.0,"TURNOUT":89.26,"MARGIN":48263.0,"MARGIN_PERCENTAGE":23.78,"PARTY_RANK1":"TVK","PARTY_RANK2":"DMK","PARTY_RANK3":"AMMK","PARTY_RANK4":"NTK","CANDIDATE_RANK1":"DR.THIRUPATHI. N","CANDIDATE_RANK2":"NALLATHAMBI. A","CANDIDATE_RANK3":"GNANASEKAR. A","CANDIDATE_RANK4":"ARUMUGAM. V","VOTES_RANK1":105098.0,"VOTES_RANK2":56835.0,"VOTES_RANK3":30003.0,"VOTES_RANK4":5482.0,"VOTES_RANK1_PERCENTAGE":51.79,"VOTES_RANK2_PERCENTAGE":28.01,"VOTES_RANK3_PERCENTAGE":14.79,"VOTES_RANK4_PERCENTAGE":2.7,"COLOR":null,"ID":27732}},{"type":"Feature","geometry":{"type":"Polygon","coordinates":[[[79.3933,11.0549],[79.3966,11.0517],[79.4103,11.0621],[79.4192,11.0513],[79.4147,11.0406],[79.4167,11.028],[79.403,11.0202],[79.4079,11.0168],[79.4155,11.0209],[79.4173,11.0175],[79.414,11.0158],[79.4126,10.995],[79.4072,10.9839],[79.4001,10.9806],[79.4,10.9752],[79.4056,10.9767],[79.4054,10.9672],[79.419,10.9681],[79.4224,10.9644],[79.4322,10.9692],[79.4399,10.9801],[79.4515,10.9828],[79.4543,10.9796],[79.4398,10.9726],[79.4294,10.958],[79.4091,10.9511],[79.4132,10.9438],[79.4118,10.9352],[79.4192,10.932],[79.4189,10.924],[79.4137,10.9223],[79.4167,10.9149],[79.4143,10.8974],[79.4028,10.902],[79.4013,10.8927],[79.3927,10.896],[79.3683,10.8941],[79.3693,10.8974],[79.3608,10.8979],[79.3456,10.9104],[79.3278,10.9166],[79.3311,10.9217],[79.3237,10.9247],[79.3506,10.9214],[79.3506,10.9317],[79.3368,10.9312],[79.3307,10.9374],[79.352,10.9413],[79.3562,10.9457],[79.3509,10.9476],[79.3589,10.9621],[79.3537,10.9684],[79.3611,10.9701],[79.3603,10.9779],[79.3553,10.9838],[79.3444,10.9805],[79.3397,10.975],[79.3366,10.979],[79.327,10.9791],[79.3296,10.9889],[79.3247,10.993],[79.3263,11.0019],[79.3197,11.0024],[79.311,11.0182],[79.3459,11.0418],[79.3927,11.0635],[79.3933,11.0549]]]},"properties":{"STATE":"TAMIL NADU","DISTRICT":"THANJAVUR","AC_NAME":"KUMBAKONAM","AC":"AC","YEAR":2026.0,"RES":"GEN","ELECTORS":254383.0,"VOTERS":208288.0,"TURNOUT":81.88,"MARGIN":679.0,"MARGIN_PERCENTAGE":0.33,"PARTY_RANK1":"TVK","PARTY_RANK2":"DMK","PARTY_RANK3":"BJP","PARTY_RANK4":"NTK","CANDIDATE_RANK1":"VINOTH","CANDIDATE_RANK2":"ANBALAGAN G","CANDIDATE_RANK3":"ASHOKKUMAR R","CANDIDATE_RANK4":"ANANDH M","VOTES_RANK1":78650.0,"VOTES_RANK2":77971.0,"VOTES_RANK3":40103.0,"VOTES_RANK4":7710.0,"VOTES_RANK1_PERCENTAGE":37.76,"VOTES_RANK2_PERCENTAGE":37.43,"VOTES_RANK3_PERCENTAGE":19.25,"VOTES_RANK4_PERCENTAGE":3.7,"COLOR":null,"ID":27613}},{"type":"Feature","geometry":{"type":"Polygon","coordinates":[[[79.1948,10.7708],[79.2052,10.7524],[79.217,10.7528],[79.2171,10.7394],[79.2295,10.7357],[79.2369,10.7248],[79.2571,10.7173],[79.2615,10.7315],[79.2594,10.749],[79.2632,10.7501],[79.2636,10.7562],[79.2706,10.7572],[79.2762,10.7517],[79.2751,10.7395],[79.282,10.7358],[79.2939,10.7323],[79.301,10.7383],[79.3077,10.7223],[79.3065,10.7104],[79.3197,10.6846],[79.3176,10.6612],[79.3427,10.6585],[79.3425,10.6543],[79.3573,10.6451],[79.3536,10.6315],[79.3475,10.6273],[79.3538,10.611],[79.3534,10.607],[79.3481,10.6071],[79.3466,10.5959],[79.3515,10.5834],[79.3606,10.5788],[79.3963,10.5803],[79.4014,10.5726],[79.3988,10.5581],[79.3925,10.5613],[79.3827,10.5561],[79.3882,10.5373],[79.3798,10.5352],[79.3797,10.5314],[79.357,10.5343],[79.3567,10.5165],[79.3527,10.5182],[79.3526,10.5107],[79.346,10.5135],[79.3316,10.5056],[79.3274,10.4982],[79.3153,10.4953],[79.2848,10.5127],[79.2745,10.5082],[79.2762,10.4984],[79.2669,10.4855],[79.2444,10.509],[79.2444,10.5136],[79.214,10.5135],[79.2002,10.5037],[79.1877,10.5044],[79.1931,10.4983],[79.1899,10.492],[79.1946,10.4909],[79.1888,10.4877],[79.1847,10.4929],[79.1817,10.4854],[79.1791,10.4868],[79.1829,10.4719],[79.1782,10.4718],[79.1768,10.4774],[79.1726,10.4737],[79.17,10.4812],[79.1601,10.4729],[79.1518,10.4753],[79.1473,10.4854],[79.1343,10.4844],[79.1297,10.4872],[79.1326,10.4938],[79.1291,10.4913],[79.1285,10.4941],[79.1294,10.4977],[79.139,10.4975],[79.1404,10.5124],[79.1549,10.5218],[79.1491,10.5239],[79.1517,10.5327],[79.1527,10.5298],[79.158,10.5337],[79.1679,10.5302],[79.1779,10.5385],[79.1848,10.538],[79.1843,10.5465],[79.179,10.5506],[79.1832,10.5502],[79.1834,10.5568],[79.1911,10.56],[79.1874,10.5666],[79.1903,10.5658],[79.191,10.5784],[79.1789,10.5715],[79.1774,10.5868],[79.1429,10.5864],[79.1385,10.5981],[79.1444,10.6049],[79.1263,10.6349],[79.1187,10.6346],[79.104,10.615],[79.1004,10.6297],[79.0701,10.6404],[79.0652,10.6483],[79.0683,10.6773],[79.0623,10.6738],[79.054,10.6799],[79.0157,10.6821],[79.0169,10.6917],[79.0325,10.695],[79.0244,10.6987],[79.0357,10.7041],[79.062,10.6994],[79.079,10.7065],[79.0829,10.72],[79.1098,10.7175],[79.1144,10.7354],[79.1286,10.7335],[79.1315,10.7263],[79.1258,10.715],[79.1334,10.7137],[79.147,10.7281],[79.1465,10.7524],[79.1367,10.7619],[79.1476,10.7631],[79.1492,10.7736],[79.1645,10.7748],[79.1692,10.7631],[79.1827,10.762],[79.1813,10.7663],[79.1939,10.7657],[79.1948,10.7708]]]},"properties":{"STATE":"TAMIL NADU","DISTRICT":"THANJAVUR","AC_NAME":"ORATHANADU","AC":"AC","YEAR":2026.0,"RES":"GEN","ELECTORS":233758.0,"VOTERS":195304.0,"TURNOUT":83.55,"MARGIN":35028.0,"MARGIN_PERCENTAGE":17.94,"PARTY_RANK1":"DMK","PARTY_RANK2":"TVK","PARTY_RANK3":"AIADMK","PARTY_RANK4":"NTK","CANDIDATE_RANK1":"R. VAITHILINGAM","CANDIDATE_RANK2":"DR. K. ARVIND","CANDIDATE_RANK3":"M. SEKAR","CANDIDATE_RANK4":"S.THIRUMURUGAN","VOTES_RANK1":86759.0,"VOTES_RANK2":51731.0,"VOTES_RANK3":44260.0,"VOTES_RANK4":10135.0,"VOTES_RANK1_PERCENTAGE":44.42,"VOTES_RANK2_PERCENTAGE":26.49,"VOTES_RANK3_PERCENTAGE":22.66,"VOTES_RANK4_PERCENTAGE":5.19,"COLOR":"#000000","ID":27649}},{"type":"Feature","geometry":{"type":"Polygon","coordinates":[[[79.3444,10.9805],[79.3553,10.9838],[79.3603,10.9779],[79.3611,10.9701],[79.3537,10.9684],[79.3589,10.9621],[79.3509,10.9476],[79.3562,10.9457],[79.352,10.9413],[79.3307,10.9374],[79.3368,10.9312],[79.3506,10.9317],[79.3506,10.9214],[79.3237,10.9247],[79.2885,10.936],[79.2915,10.9235],[79.2861,10.9164],[79.2907,10.9105],[79.2819,10.9108],[79.2833,10.9065],[79.2701,10.8838],[79.271,10.8735],[79.2863,10.8692],[79.2909,10.8633],[79.2921,10.8447],[79.2874,10.8329],[79.2954,10.8327],[79.3025,10.8241],[79.3206,10.819],[79.3256,10.8157],[79.3247,10.8098],[79.3312,10.8142],[79.3373,10.8097],[79.3495,10.8113],[79.3562,10.8058],[79.3689,10.8078],[79.3728,10.8018],[79.3696,10.7962],[79.348,10.7958],[79.3512,10.7912],[79.345,10.7808],[79.3453,10.7663],[79.3613,10.7651],[79.3611,10.7523],[79.3534,10.7475],[79.3499,10.7503],[79.3449,10.7458],[79.349,10.7435],[79.3419,10.7398],[79.3207,10.7373],[79.3127,10.7407],[79.3112,10.7468],[79.301,10.7383],[79.2939,10.7323],[79.282,10.7358],[79.2751,10.7395],[79.2762,10.7517],[79.2706,10.7572],[79.2636,10.7562],[79.2632,10.7501],[79.2594,10.749],[79.2615,10.7315],[79.2571,10.7173],[79.2369,10.7248],[79.2295,10.7357],[79.2171,10.7394],[79.217,10.7528],[79.2052,10.7524],[79.1948,10.7708],[79.1965,10.7786],[79.2045,10.7777],[79.1953,10.7815],[79.1988,10.7936],[79.1927,10.7915],[79.1914,10.8026],[79.1967,10.81],[79.1872,10.8042],[79.1815,10.8054],[79.1779,10.8113],[79.1799,10.8207],[79.1871,10.8222],[79.1853,10.8281],[79.1763,10.8264],[79.1722,10.8321],[79.1805,10.8321],[79.1837,10.8448],[79.1892,10.8417],[79.2023,10.8444],[79.2003,10.8511],[79.1945,10.8477],[79.1886,10.851],[79.1954,10.8547],[79.1807,10.8545],[79.1779,10.8588],[79.1899,10.8658],[79.1713,10.8772],[79.1745,10.8791],[79.1697,10.88],[79.1619,10.9028],[79.1444,10.8901],[79.1434,10.9017],[79.1485,10.9076],[79.1446,10.9145],[79.1483,10.9179],[79.1417,10.9269],[79.1289,10.9336],[79.1421,10.9407],[79.1786,10.9399],[79.2029,10.9493],[79.2048,10.9405],[79.2121,10.9409],[79.2684,10.9862],[79.2749,10.9938],[79.2732,10.997],[79.2908,11.0141],[79.3087,11.0207],[79.311,11.0182],[79.3197,11.0024],[79.3263,11.0019],[79.3247,10.993],[79.3296,10.9889],[79.327,10.9791],[79.3366,10.979],[79.3397,10.975],[79.3444,10.9805]]]},"properties":{"STATE":"TAMIL NADU","DISTRICT":"THANJAVUR","AC_NAME":"PAPANASAM","AC":"AC","YEAR":2026.0,"RES":"GEN","ELECTORS":256617.0,"VOTERS":207723.0,"TURNOUT":80.95,"MARGIN":1065.0,"MARGIN_PERCENTAGE":0.51,"PARTY_RANK1":"IUML","PARTY_RANK2":"TVK","PARTY_RANK3":"AIADMK","PARTY_RANK4":"NTK","CANDIDATE_RANK1":"A.M. SHAHJAHAN","CANDIDATE_RANK2":"AZARUDEEN UDUMAN ALI","CANDIDATE_RANK3":"DORAI. SHANMUGA PRABU","CANDIDATE_RANK4":"ANIS FATHIMA","VOTES_RANK1":69284.0,"VOTES_RANK2":68219.0,"VOTES_RANK3":57072.0,"VOTES_RANK4":9604.0,"VOTES_RANK1_PERCENTAGE":33.35,"VOTES_RANK2_PERCENTAGE":32.84,"VOTES_RANK3_PERCENTAGE":27.48,"VOTES_RANK4_PERCENTAGE":4.62,"COLOR":"#228B22","ID":27658}},{"type":"Feature","geometry":{"type":"Polygon","coordinates":[[[79.3988,10.5581],[79.4002,10.554],[79.4225,10.5494],[79.4258,10.5578],[79.452,10.5594],[79.452,10.5513],[79.4284,10.5458],[79.4234,10.5421],[79.4233,10.5355],[79.4373,10.5308],[79.4398,10.5231],[79.4567,10.5198],[79.4574,10.5138],[79.4687,10.5116],[79.4689,10.5054],[79.4612,10.5039],[79.4536,10.4922],[79.4559,10.4884],[79.462,10.4877],[79.4672,10.4929],[79.4822,10.4912],[79.4795,10.4644],[79.4697,10.4618],[79.4761,10.4499],[79.4742,10.436],[79.4538,10.4337],[79.4512,10.4298],[79.4648,10.4162],[79.4613,10.4066],[79.4734,10.4068],[79.4756,10.4011],[79.4764,10.3933],[79.4602,10.3926],[79.4597,10.3883],[79.4698,10.3833],[79.4674,10.3732],[79.4753,10.3722],[79.4855,10.3807],[79.4902,10.3713],[79.5041,10.3676],[79.5052,10.3587],[79.5012,10.3487],[79.4761,10.3506],[79.4723,10.3157],[79.3811,10.3164],[79.3632,10.2927],[79.359,10.3047],[79.3448,10.3104],[79.3443,10.3191],[79.3391,10.324],[79.3294,10.3271],[79.3251,10.3154],[79.3217,10.3153],[79.317,10.3171],[79.317,10.3248],[79.3111,10.3238],[79.3068,10.3285],[79.2986,10.3199],[79.2905,10.3191],[79.2967,10.3366],[79.3061,10.3394],[79.307,10.3454],[79.3274,10.3449],[79.306,10.3603],[79.3019,10.3736],[79.2941,10.3769],[79.2969,10.3866],[79.2876,10.4],[79.2896,10.4201],[79.2736,10.4446],[79.2726,10.4617],[79.2666,10.4745],[79.2711,10.4783],[79.2669,10.4855],[79.2762,10.4984],[79.2745,10.5082],[79.2848,10.5127],[79.3153,10.4953],[79.3274,10.4982],[79.3316,10.5056],[79.346,10.5135],[79.3526,10.5107],[79.3527,10.5182],[79.3567,10.5165],[79.357,10.5343],[79.3797,10.5314],[79.3798,10.5352],[79.3882,10.5373],[79.3827,10.5561],[79.3925,10.5613],[79.3988,10.5581]]]},"properties":{"STATE":"TAMIL NADU","DISTRICT":"THANJAVUR","AC_NAME":"PATTUKKOTTAI","AC":"AC","YEAR":2026.0,"RES":"GEN","ELECTORS":242451.0,"VOTERS":183745.0,"TURNOUT":75.79,"MARGIN":13754.0,"MARGIN_PERCENTAGE":7.49,"PARTY_RANK1":"DMK","PARTY_RANK2":"TVK","PARTY_RANK3":"AIADMK","PARTY_RANK4":"NTK","CANDIDATE_RANK1":"ANNADURAI K","CANDIDATE_RANK2":"MATHAN C","CANDIDATE_RANK3":"SEKAR C V","CANDIDATE_RANK4":"KANNAN S","VOTES_RANK1":65963.0,"VOTES_RANK2":52209.0,"VOTES_RANK3":49575.0,"VOTES_RANK4":13145.0,"VOTES_RANK1_PERCENTAGE":35.9,"VOTES_RANK2_PERCENTAGE":28.41,"VOTES_RANK3_PERCENTAGE":26.98,"VOTES_RANK4_PERCENTAGE":7.15,"COLOR":"#000000","ID":27662}},{"type":"Feature","geometry":{"type":"Polygon","coordinates":[[[79.2669,10.4855],[79.2711,10.4783],[79.2666,10.4745],[79.2726,10.4617],[79.2736,10.4446],[79.2896,10.4201],[79.2876,10.4],[79.2969,10.3866],[79.2941,10.3769],[79.3019,10.3736],[79.306,10.3603],[79.3274,10.3449],[79.307,10.3454],[79.3061,10.3394],[79.2967,10.3366],[79.2905,10.3191],[79.2986,10.3199],[79.3068,10.3285],[79.3111,10.3238],[79.317,10.3248],[79.317,10.3171],[79.3217,10.3153],[79.3251,10.3154],[79.3294,10.3271],[79.3391,10.324],[79.3443,10.3191],[79.3448,10.3104],[79.359,10.3047],[79.3632,10.2927],[79.3296,10.2847],[79.2968,10.2624],[79.2726,10.2391],[79.2669,10.229],[79.2772,10.2234],[79.2786,10.2155],[79.2648,10.1973],[79.2441,10.186],[79.2381,10.1698],[79.2387,10.1563],[79.2348,10.1571],[79.2368,10.1543],[79.2294,10.1507],[79.2272,10.1367],[79.2067,10.1369],[79.2048,10.1583],[79.1963,10.1569],[79.1966,10.1619],[79.1792,10.1585],[79.1635,10.1627],[79.1658,10.1586],[79.1599,10.1571],[79.1519,10.1598],[79.1511,10.1684],[79.1585,10.1745],[79.1583,10.1825],[79.152,10.1915],[79.1516,10.1986],[79.1626,10.2065],[79.1753,10.1988],[79.1761,10.2029],[79.1836,10.201],[79.187,10.2069],[79.1808,10.2114],[79.177,10.2204],[79.1794,10.2238],[79.1547,10.2287],[79.1505,10.2363],[79.1355,10.2362],[79.1342,10.2301],[79.1168,10.2345],[79.1175,10.2513],[79.1302,10.2528],[79.1336,10.2644],[79.1271,10.2773],[79.1289,10.2812],[79.1197,10.2878],[79.1185,10.3027],[79.1339,10.3256],[79.1302,10.3307],[79.1185,10.3257],[79.1179,10.3312],[79.1238,10.3369],[79.133,10.3353],[79.1429,10.3455],[79.1484,10.3442],[79.1471,10.3551],[79.1506,10.3571],[79.1438,10.3649],[79.1477,10.3763],[79.1447,10.3822],[79.1532,10.4002],[79.1477,10.4104],[79.1319,10.4237],[79.1261,10.4369],[79.1373,10.4393],[79.1436,10.4452],[79.1403,10.449],[79.151,10.4466],[79.1559,10.452],[79.1588,10.4456],[79.16,10.4486],[79.1764,10.4477],[79.1769,10.4516],[79.1723,10.4487],[79.167,10.4551],[79.1731,10.4528],[79.1735,10.4583],[79.1948,10.4626],[79.1949,10.4674],[79.1829,10.4719],[79.1791,10.4868],[79.1817,10.4854],[79.1847,10.4929],[79.1888,10.4877],[79.1946,10.4909],[79.1899,10.492],[79.1931,10.4983],[79.1877,10.5044],[79.2002,10.5037],[79.214,10.5135],[79.2444,10.5136],[79.2444,10.509],[79.2669,10.4855]]]},"properties":{"STATE":"TAMIL NADU","DISTRICT":"THANJAVUR","AC_NAME":"PERAVURANI","AC":"AC","YEAR":2026.0,"RES":"GEN","ELECTORS":213974.0,"VOTERS":176274.0,"TURNOUT":82.38,"MARGIN":3162.0,"MARGIN_PERCENTAGE":1.79,"PARTY_RANK1":"DMK","PARTY_RANK2":"AIADMK","PARTY_RANK3":"TVK","PARTY_RANK4":"NTK","CANDIDATE_RANK1":"ASHOKKUMAR. N","CANDIDATE_RANK2":"GOVI.ELANGO","CANDIDATE_RANK3":"D.CHANDRAKANDEEBAN","CANDIDATE_RANK4":"BHUVANA MANIYARASAN","VOTES_RANK1":60919.0,"VOTES_RANK2":57757.0,"VOTES_RANK3":45576.0,"VOTES_RANK4":9122.0,"VOTES_RANK1_PERCENTAGE":34.56,"VOTES_RANK2_PERCENTAGE":32.77,"VOTES_RANK3_PERCENTAGE":25.86,"VOTES_RANK4_PERCENTAGE":5.17,"COLOR":"#000000","ID":27666}},{"type":"Feature","geometry":{"type":"Polygon","coordinates":[[[79.1815,10.8054],[79.1872,10.8042],[79.1967,10.81],[79.1914,10.8026],[79.1927,10.7915],[79.1988,10.7936],[79.1953,10.7815],[79.2045,10.7777],[79.1965,10.7786],[79.1948,10.7708],[79.1939,10.7657],[79.1813,10.7663],[79.1827,10.762],[79.1692,10.7631],[79.1645,10.7748],[79.1492,10.7736],[79.1476,10.7631],[79.1367,10.7619],[79.1465,10.7524],[79.147,10.7281],[79.1334,10.7137],[79.1258,10.715],[79.1315,10.7263],[79.1286,10.7335],[79.1144,10.7354],[79.1098,10.7175],[79.0829,10.72],[79.079,10.7065],[79.062,10.6994],[79.0357,10.7041],[79.0342,10.7197],[79.0423,10.7241],[79.0533,10.7192],[79.0585,10.7244],[79.0547,10.7481],[79.0476,10.7483],[79.0492,10.7542],[79.0588,10.758],[79.0704,10.7503],[79.075,10.7539],[79.0743,10.7621],[79.1089,10.7669],[79.1128,10.7761],[79.122,10.7796],[79.1301,10.823],[79.1417,10.8239],[79.1481,10.8202],[79.1628,10.7995],[79.1717,10.8053],[79.1815,10.8054]]]},"properties":{"STATE":"TAMIL NADU","DISTRICT":"THANJAVUR","AC_NAME":"THANJAVUR","AC":"AC","YEAR":2026.0,"RES":"GEN","ELECTORS":252841.0,"VOTERS":198798.0,"TURNOUT":78.63,"MARGIN":16955.0,"MARGIN_PERCENTAGE":8.53,"PARTY_RANK1":"TVK","PARTY_RANK2":"DMK","PARTY_RANK3":"BJP","PARTY_RANK4":"NTK","CANDIDATE_RANK1":"R. VIJAYSARAVANAN","CANDIDATE_RANK2":"SHAN. RAMANATHAN","CANDIDATE_RANK3":"KARUPPU MURUGANANTHAM","CANDIDATE_RANK4":"N. KRISHNAKUMAR","VOTES_RANK1":87705.0,"VOTES_RANK2":70750.0,"VOTES_RANK3":26790.0,"VOTES_RANK4":9383.0,"VOTES_RANK1_PERCENTAGE":44.12,"VOTES_RANK2_PERCENTAGE":35.59,"VOTES_RANK3_PERCENTAGE":13.48,"VOTES_RANK4_PERCENTAGE":4.72,"COLOR":null,"ID":27706}},{"type":"Feature","geometry":{"type":"Polygon","coordinates":[[[79.1417,10.9269],[79.1483,10.9179],[79.1446,10.9145],[79.1485,10.9076],[79.1434,10.9017],[79.1444,10.8901],[79.1619,10.9028],[79.1697,10.88],[79.1745,10.8791],[79.1713,10.8772],[79.1899,10.8658],[79.1779,10.8588],[79.1807,10.8545],[79.1954,10.8547],[79.1886,10.851],[79.1945,10.8477],[79.2003,10.8511],[79.2023,10.8444],[79.1892,10.8417],[79.1837,10.8448],[79.1805,10.8321],[79.1722,10.8321],[79.1763,10.8264],[79.1853,10.8281],[79.1871,10.8222],[79.1799,10.8207],[79.1779,10.8113],[79.1815,10.8054],[79.1717,10.8053],[79.1628,10.7995],[79.1481,10.8202],[79.1417,10.8239],[79.1301,10.823],[79.122,10.7796],[79.1128,10.7761],[79.1089,10.7669],[79.0743,10.7621],[79.075,10.7539],[79.0704,10.7503],[79.0588,10.758],[79.0492,10.7542],[79.0476,10.7483],[79.0547,10.7481],[79.0585,10.7244],[79.0533,10.7192],[79.0423,10.7241],[79.0342,10.7197],[79.0357,10.7041],[79.0244,10.6987],[79.0083,10.6997],[79.0037,10.7079],[79.0107,10.7143],[79.0056,10.7144],[78.9987,10.7239],[78.989,10.7198],[78.9879,10.7029],[78.9807,10.6919],[78.9825,10.6842],[78.9694,10.6801],[78.965,10.6542],[78.9607,10.6546],[78.9564,10.6646],[78.936,10.6727],[78.9372,10.6769],[78.9455,10.6759],[78.9369,10.6875],[78.9081,10.6719],[78.9056,10.6807],[78.8935,10.6858],[78.8935,10.6944],[78.8821,10.6954],[78.8734,10.7057],[78.8656,10.7219],[78.8649,10.7357],[78.8694,10.7474],[78.8684,10.7611],[78.8737,10.762],[78.8803,10.7893],[78.8674,10.7857],[78.8668,10.8026],[78.8618,10.8028],[78.8682,10.8265],[78.8148,10.8234],[78.7755,10.8275],[78.7761,10.832],[78.7977,10.838],[78.8173,10.8361],[78.9244,10.867],[78.9392,10.8764],[78.9403,10.8878],[78.9609,10.895],[78.9613,10.8883],[79.0044,10.8939],[79.0343,10.8865],[79.0497,10.8883],[79.0639,10.8991],[79.069,10.9129],[79.0792,10.9242],[79.0862,10.9273],[79.11,10.9251],[79.1289,10.9336],[79.1417,10.9269]]]},"properties":{"STATE":"TAMIL NADU","DISTRICT":"THANJAVUR","AC_NAME":"THIRUVAIYARU","AC":"AC","YEAR":2026.0,"RES":"GEN","ELECTORS":258597.0,"VOTERS":222111.0,"TURNOUT":85.89,"MARGIN":8555.0,"MARGIN_PERCENTAGE":3.85,"PARTY_RANK1":"DMK","PARTY_RANK2":"TVK","PARTY_RANK3":"AMMK","PARTY_RANK4":"NTK","CANDIDATE_RANK1":"DURAI. CHANDRASEKARAN","CANDIDATE_RANK2":"MATHI. MANIKANDAN","CANDIDATE_RANK3":"VELU. KARTHIKEYAN","CANDIDATE_RANK4":"DURAI. SENTHILNATHAN","VOTES_RANK1":80425.0,"VOTES_RANK2":71870.0,"VOTES_RANK3":55121.0,"VOTES_RANK4":10681.0,"VOTES_RANK1_PERCENTAGE":36.21,"VOTES_RANK2_PERCENTAGE":32.36,"VOTES_RANK3_PERCENTAGE":24.82,"VOTES_RANK4_PERCENTAGE":4.81,"COLOR":"#000000","ID":27712}},{"type":"Feature","geometry":{"type":"Polygon","coordinates":[[[79.5269,11.1839],[79.5312,11.178],[79.5381,11.1806],[79.5397,11.1627],[79.5571,11.1631],[79.5579,11.1546],[79.5656,11.1552],[79.5664,11.1491],[79.5728,11.1481],[79.5613,11.1321],[79.5511,11.1301],[79.5503,11.1146],[79.5442,11.1172],[79.5458,11.1134],[79.5381,11.1096],[79.5387,11.0958],[79.5415,11.0954],[79.5416,11.1047],[79.5483,11.1046],[79.541,11.0847],[79.5522,11.0841],[79.5486,11.0755],[79.5368,11.0705],[79.5307,11.0563],[79.5225,11.0541],[79.5109,11.0423],[79.5117,11.0277],[79.5298,11.0269],[79.5317,11.0223],[79.5321,11.0141],[79.525,11.0166],[79.5235,11.0085],[79.5421,11.0084],[79.5411,11.0043],[79.5475,11.0007],[79.5229,10.9973],[79.524,10.9887],[79.5116,10.9883],[79.5083,10.983],[79.5133,10.9824],[79.515,10.9708],[79.5186,10.9462],[79.5143,10.9416],[79.5013,10.9415],[79.4997,10.9326],[79.4842,10.921],[79.4934,10.9165],[79.4926,10.9058],[79.5063,10.904],[79.5061,10.8936],[79.4882,10.8894],[79.4839,10.8791],[79.4857,10.8692],[79.4777,10.8673],[79.476,10.8726],[79.4719,10.8726],[79.4647,10.8691],[79.4662,10.8648],[79.4568,10.8636],[79.4343,10.8768],[79.4166,10.8819],[79.4163,10.8863],[79.4123,10.8836],[79.4058,10.893],[79.4013,10.8927],[79.4028,10.902],[79.4143,10.8974],[79.4167,10.9149],[79.4137,10.9223],[79.4189,10.924],[79.4192,10.932],[79.4118,10.9352],[79.4132,10.9438],[79.4091,10.9511],[79.4294,10.958],[79.4398,10.9726],[79.4543,10.9796],[79.4515,10.9828],[79.4399,10.9801],[79.4322,10.9692],[79.4224,10.9644],[79.419,10.9681],[79.4054,10.9672],[79.4056,10.9767],[79.4,10.9752],[79.4001,10.9806],[79.4072,10.9839],[79.4126,10.995],[79.414,11.0158],[79.4173,11.0175],[79.4155,11.0209],[79.4079,11.0168],[79.403,11.0202],[79.4167,11.028],[79.4147,11.0406],[79.4192,11.0513],[79.4103,11.0621],[79.3966,11.0517],[79.3933,11.0549],[79.3927,11.0635],[79.4134,11.082],[79.4307,11.1206],[79.4586,11.1505],[79.5001,11.1757],[79.5269,11.1839]]]},"properties":{"STATE":"TAMIL NADU","DISTRICT":"THANJAVUR","AC_NAME":"THIRUVIDAIMARUDUR","AC":"AC","YEAR":2026.0,"RES":"SC","ELECTORS":257014.0,"VOTERS":208944.0,"TURNOUT":81.3,"MARGIN":14116.0,"MARGIN_PERCENTAGE":6.76,"PARTY_RANK1":"DMK","PARTY_RANK2":"TVK","PARTY_RANK3":"AIADMK","PARTY_RANK4":"NTK","CANDIDATE_RANK1":"GOVI.CHEZHIAAN","CANDIDATE_RANK2":"S.PRABAKARAN","CANDIDATE_RANK3":"ELAMATHI SUBRAMANIAN","CANDIDATE_RANK4":"M.DIVYA BHARATHI","VOTES_RANK1":79951.0,"VOTES_RANK2":65835.0,"VOTES_RANK3":52922.0,"VOTES_RANK4":6363.0,"VOTES_RANK1_PERCENTAGE":38.26,"VOTES_RANK2_PERCENTAGE":31.51,"VOTES_RANK3_PERCENTAGE":25.33,"VOTES_RANK4_PERCENTAGE":3.05,"COLOR":"#000000","ID":27716}},{"type":"Feature","geometry":{"type":"Polygon","coordinates":[[[76.8463,11.5841],[76.8536,11.5772],[76.8738,11.581],[76.89,11.5724],[76.9081,11.5804],[76.9163,11.5639],[76.9203,11.5788],[76.9315,11.5744],[76.9404,11.5794],[76.9447,11.5735],[76.9736,11.5658],[76.9753,11.5542],[76.9827,11.5562],[76.9931,11.5463],[77.0073,11.5456],[77.0052,11.5371],[77.0094,11.5292],[77.0063,11.5242],[77.0147,11.5259],[77.0052,11.514],[76.9965,11.5129],[76.9911,11.481],[76.9976,11.4773],[77.0124,11.4521],[77.012,11.4426],[77.008,11.434],[77.0,11.4342],[76.9982,11.4407],[76.983,11.4404],[76.9767,11.4157],[76.9811,11.4021],[76.9759,11.3966],[76.969,11.3969],[76.9573,11.3812],[76.9471,11.3763],[76.934,11.3765],[76.9283,11.3682],[76.9349,11.3706],[76.938,11.3663],[76.9495,11.3659],[76.9371,11.3637],[76.9327,11.3571],[76.9326,11.363],[76.9031,11.3511],[76.9001,11.3581],[76.903,11.3626],[76.8892,11.3658],[76.8906,11.3616],[76.8841,11.3519],[76.877,11.3589],[76.8733,11.3521],[76.8671,11.3552],[76.8626,11.3514],[76.8689,11.3452],[76.8606,11.3476],[76.8535,11.3409],[76.8496,11.3441],[76.8483,11.335],[76.8547,11.3333],[76.8512,11.3276],[76.8606,11.3244],[76.8544,11.3183],[76.8593,11.3139],[76.8597,11.3044],[76.8536,11.3064],[76.854,11.2964],[76.8425,11.2875],[76.8297,11.2936],[76.8177,11.2901],[76.8069,11.2992],[76.7975,11.2958],[76.7902,11.2793],[76.7689,11.2897],[76.765,11.2841],[76.7698,11.2774],[76.7675,11.2641],[76.7532,11.2552],[76.7554,11.2508],[76.7412,11.2524],[76.737,11.2449],[76.7054,11.2641],[76.6999,11.2571],[76.6824,11.2663],[76.6772,11.2765],[76.6965,11.2712],[76.7063,11.2782],[76.6958,11.2838],[76.6994,11.2969],[76.6909,11.317],[76.6912,11.3527],[76.7203,11.3651],[76.735,11.3439],[76.7365,11.3293],[76.7494,11.3261],[76.753,11.3317],[76.7594,11.3325],[76.7479,11.342],[76.7483,11.3506],[76.7559,11.36],[76.7437,11.372],[76.7416,11.3852],[76.7577,11.394],[76.7558,11.4002],[76.7742,11.4043],[76.7927,11.4025],[76.8077,11.4106],[76.8163,11.4506],[76.8325,11.4609],[76.8391,11.477],[76.8581,11.4924],[76.8698,11.5133],[76.8634,11.5227],[76.865,11.5416],[76.8323,11.571],[76.8463,11.5841]]]},"properties":{"STATE":"TAMIL NADU","DISTRICT":"THE NILGIRIS","AC_NAME":"COONOOR","AC":"AC","YEAR":2026.0,"RES":"GEN","ELECTORS":177978.0,"VOTERS":141394.0,"TURNOUT":79.44,"MARGIN":8099.0,"MARGIN_PERCENTAGE":5.73,"PARTY_RANK1":"DMK","PARTY_RANK2":"AIADMK","PARTY_RANK3":"TVK","PARTY_RANK4":"NTK","CANDIDATE_RANK1":"M. RAJU","CANDIDATE_RANK2":"A. RAMU","CANDIDATE_RANK3":"C. THANGARAJU","CANDIDATE_RANK4":"K. DEENU","VOTES_RANK1":50470.0,"VOTES_RANK2":42371.0,"VOTES_RANK3":42225.0,"VOTES_RANK4":4695.0,"VOTES_RANK1_PERCENTAGE":35.69,"VOTES_RANK2_PERCENTAGE":29.97,"VOTES_RANK3_PERCENTAGE":29.86,"VOTES_RANK4_PERCENTAGE":3.32,"COLOR":"#000000","ID":27568}},{"type":"Feature","geometry":{"type":"Polygon","coordinates":[[[76.499,11.6975],[76.5116,11.7051],[76.5388,11.6896],[76.5513,11.6724],[76.5493,11.6651],[76.5614,11.6328],[76.5599,11.6226],[76.5752,11.6193],[76.5767,11.6146],[76.5922,11.6188],[76.5976,11.6108],[76.6139,11.6081],[76.6295,11.6141],[76.6613,11.616],[76.7491,11.6153],[76.7481,11.6029],[76.7359,11.6058],[76.7282,11.6009],[76.721,11.6027],[76.7055,11.5835],[76.7075,11.5757],[76.6907,11.5732],[76.6883,11.5545],[76.6933,11.5416],[76.7061,11.5329],[76.7062,11.5136],[76.6878,11.4952],[76.6857,11.4784],[76.6699,11.4747],[76.6557,11.4649],[76.6512,11.4523],[76.6558,11.4382],[76.6307,11.4335],[76.6238,11.4479],[76.609,11.4623],[76.5986,11.4351],[76.5922,11.4373],[76.5888,11.4282],[76.5329,11.3727],[76.5172,11.3695],[76.462,11.3875],[76.4153,11.4225],[76.4189,11.4418],[76.3979,11.4349],[76.3712,11.4544],[76.3422,11.4678],[76.3256,11.4534],[76.3053,11.468],[76.2937,11.4657],[76.2904,11.4697],[76.2943,11.473],[76.2845,11.4829],[76.2756,11.4769],[76.2644,11.4809],[76.2474,11.4683],[76.2507,11.5028],[76.2482,11.5167],[76.2378,11.5275],[76.2503,11.5275],[76.2514,11.5379],[76.2445,11.543],[76.2444,11.5543],[76.234,11.5686],[76.2649,11.5938],[76.2742,11.5938],[76.2787,11.6009],[76.2861,11.5903],[76.2957,11.5907],[76.3022,11.5713],[76.3102,11.5773],[76.3159,11.5766],[76.3212,11.5863],[76.3358,11.5957],[76.3402,11.5871],[76.3547,11.5893],[76.3776,11.6019],[76.3879,11.6297],[76.4064,11.6341],[76.4325,11.6316],[76.4438,11.6472],[76.4358,11.6538],[76.4309,11.6665],[76.4582,11.6645],[76.4826,11.6862],[76.4816,11.6926],[76.4893,11.6917],[76.499,11.6975]]]},"properties":{"STATE":"TAMIL NADU","DISTRICT":"THE NILGIRIS","AC_NAME":"GUDALUR","AC":"AC","YEAR":2026.0,"RES":"SC","ELECTORS":185460.0,"VOTERS":151241.0,"TURNOUT":81.55,"MARGIN":22833.0,"MARGIN_PERCENTAGE":15.1,"PARTY_RANK1":"DMK","PARTY_RANK2":"AIADMK","PARTY_RANK3":"TVK","PARTY_RANK4":"NTK","CANDIDATE_RANK1":"DHRAVIDAMANI.M","CANDIDATE_RANK2":"PON.JAYASEELAN","CANDIDATE_RANK3":"DEEPAK SAI KISHORE.A","CANDIDATE_RANK4":"KARTHIK.R","VOTES_RANK1":65590.0,"VOTES_RANK2":42757.0,"VOTES_RANK3":34962.0,"VOTES_RANK4":6199.0,"VOTES_RANK1_PERCENTAGE":43.37,"VOTES_RANK2_PERCENTAGE":28.27,"VOTES_RANK3_PERCENTAGE":23.12,"VOTES_RANK4_PERCENTAGE":4.1,"COLOR":"#000000","ID":27583}},{"type":"Feature","geometry":{"type":"Polygon","coordinates":[[[76.8468,11.5951],[76.8463,11.5841],[76.8323,11.571],[76.865,11.5416],[76.8634,11.5227],[76.8698,11.5133],[76.8581,11.4924],[76.8391,11.477],[76.8325,11.4609],[76.8163,11.4506],[76.8077,11.4106],[76.7927,11.4025],[76.7742,11.4043],[76.7558,11.4002],[76.7577,11.394],[76.7416,11.3852],[76.7437,11.372],[76.7559,11.36],[76.7483,11.3506],[76.7479,11.342],[76.7594,11.3325],[76.753,11.3317],[76.7494,11.3261],[76.7365,11.3293],[76.735,11.3439],[76.7203,11.3651],[76.6912,11.3527],[76.6909,11.317],[76.6994,11.2969],[76.6958,11.2838],[76.7063,11.2782],[76.6965,11.2712],[76.6772,11.2765],[76.6824,11.2663],[76.6999,11.2571],[76.6998,11.246],[76.7067,11.2381],[76.6977,11.2394],[76.6849,11.2339],[76.6777,11.2211],[76.6292,11.194],[76.6004,11.2061],[76.534,11.1967],[76.516,11.2042],[76.5102,11.2115],[76.499,11.2115],[76.4723,11.2088],[76.4734,11.1948],[76.4583,11.1876],[76.452,11.1993],[76.4388,11.1991],[76.4426,11.2039],[76.4491,11.2055],[76.45,11.2129],[76.4532,11.2395],[76.5219,11.272],[76.526,11.2884],[76.5455,11.3011],[76.539,11.3049],[76.537,11.3146],[76.5497,11.3316],[76.5475,11.3594],[76.5095,11.3554],[76.5172,11.3695],[76.5329,11.3727],[76.5888,11.4282],[76.5922,11.4373],[76.5986,11.4351],[76.609,11.4623],[76.6238,11.4479],[76.6307,11.4335],[76.6558,11.4382],[76.6512,11.4523],[76.6557,11.4649],[76.6699,11.4747],[76.6857,11.4784],[76.6878,11.4952],[76.7062,11.5136],[76.7061,11.5329],[76.6933,11.5416],[76.6883,11.5545],[76.6907,11.5732],[76.7075,11.5757],[76.7055,11.5835],[76.721,11.6027],[76.7282,11.6009],[76.7359,11.6058],[76.7481,11.6029],[76.7491,11.6153],[76.7571,11.6191],[76.8177,11.6051],[76.823,11.6084],[76.8468,11.5951]]]},"properties":{"STATE":"TAMIL NADU","DISTRICT":"THE NILGIRIS","AC_NAME":"UDHAGAMANDALAM","AC":"AC","YEAR":2026.0,"RES":"GEN","ELECTORS":188968.0,"VOTERS":148704.0,"TURNOUT":78.69,"MARGIN":976.0,"MARGIN_PERCENTAGE":0.66,"PARTY_RANK1":"BJP","PARTY_RANK2":"TVK","PARTY_RANK3":"INC","PARTY_RANK4":"NTK","CANDIDATE_RANK1":"BHOJARAJAN.M","CANDIDATE_RANK2":"IBRAHIM.R","CANDIDATE_RANK3":"RAMACHANDRAN.B","CANDIDATE_RANK4":"RAGUPATHY.B","VOTES_RANK1":48488.0,"VOTES_RANK2":47512.0,"VOTES_RANK3":45658.0,"VOTES_RANK4":4641.0,"VOTES_RANK1_PERCENTAGE":32.61,"VOTES_RANK2_PERCENTAGE":31.95,"VOTES_RANK3_PERCENTAGE":30.7,"VOTES_RANK4_PERCENTAGE":3.12,"COLOR":"#20C646","ID":27740}},{"type":"Feature","geometry":{"type":"Polygon","coordinates":[[[77.701,10.0857],[77.7088,10.0803],[77.7076,10.0647],[77.7125,10.048],[77.7062,10.0383],[77.7116,10.0341],[77.7125,10.026],[77.7015,10.0141],[77.6979,10.0174],[77.6978,9.9832],[77.6922,9.9685],[77.683,9.9695],[77.6726,9.9624],[77.6795,9.9336],[77.674,9.9228],[77.6673,9.9134],[77.6542,9.9188],[77.6431,9.886],[77.6186,9.8584],[77.6179,9.8381],[77.6257,9.8349],[77.6124,9.799],[77.6036,9.7911],[77.5976,9.7745],[77.5863,9.7688],[77.5851,9.7623],[77.5662,9.7479],[77.5466,9.7055],[77.5459,9.6959],[77.5407,9.6954],[77.5353,9.6751],[77.5231,9.6604],[77.5036,9.6503],[77.5062,9.6386],[77.4643,9.5799],[77.4735,9.5717],[77.4754,9.563],[77.4776,9.5528],[77.4729,9.5486],[77.4548,9.5414],[77.4283,9.5469],[77.4024,9.5252],[77.4002,9.5275],[77.3851,9.5194],[77.3655,9.5351],[77.3655,9.552],[77.361,9.5583],[77.353,9.5598],[77.3504,9.5671],[77.36,9.5778],[77.3551,9.5868],[77.3578,9.5952],[77.3663,9.5959],[77.3613,9.6024],[77.3547,9.6041],[77.3395,9.5734],[77.3252,9.5806],[77.3245,9.5936],[77.33,9.5991],[77.3224,9.5984],[77.3178,9.6027],[77.3035,9.5987],[77.2901,9.5891],[77.2903,9.5849],[77.2688,9.573],[77.2531,9.5831],[77.2428,9.5854],[77.2346,9.5815],[77.2208,9.5992],[77.21,9.6053],[77.209,9.6137],[77.1983,9.6144],[77.1884,9.6061],[77.1683,9.6107],[77.1656,9.6139],[77.169,9.6237],[77.1764,9.6292],[77.1741,9.6375],[77.1794,9.6451],[77.1806,9.6582],[77.1877,9.6616],[77.1867,9.6663],[77.1945,9.6711],[77.2068,9.6947],[77.2021,9.7039],[77.2062,9.7179],[77.2037,9.7223],[77.2186,9.7261],[77.2239,9.7302],[77.2226,9.7356],[77.2466,9.7331],[77.2499,9.7222],[77.2907,9.7135],[77.2975,9.7144],[77.2995,9.7211],[77.3084,9.7211],[77.3172,9.7318],[77.3244,9.7319],[77.3286,9.7235],[77.3422,9.7257],[77.3433,9.7102],[77.358,9.707],[77.3624,9.7258],[77.3678,9.7273],[77.356,9.7418],[77.3575,9.751],[77.3649,9.7545],[77.3695,9.7879],[77.3685,9.794],[77.3611,9.7889],[77.3548,9.7937],[77.3587,9.8029],[77.3566,9.8212],[77.3432,9.8096],[77.3529,9.8312],[77.3689,9.8461],[77.3677,9.8539],[77.3809,9.853],[77.3953,9.8704],[77.4023,9.8623],[77.4031,9.8654],[77.4116,9.8613],[77.417,9.8871],[77.4244,9.8847],[77.4242,9.8806],[77.4308,9.8831],[77.4318,9.8798],[77.4528,9.8762],[77.4528,9.8792],[77.4697,9.8807],[77.4848,9.8546],[77.4959,9.8681],[77.4998,9.8899],[77.512,9.9024],[77.5138,9.9219],[77.5095,9.9309],[77.5095,9.9488],[77.5132,9.9607],[77.5126,9.9932],[77.5188,10.0076],[77.5338,10.0113],[77.537,10.0214],[77.5464,10.0277],[77.5463,10.0355],[77.5588,10.0464],[77.5898,10.0527],[77.6038,10.0437],[77.6277,10.0475],[77.6393,10.0416],[77.6598,10.0519],[77.6813,10.0762],[77.701,10.0857]]]},"properties":{"STATE":"TAMIL NADU","DISTRICT":"THENI","AC_NAME":"ANDIPATTI","AC":"AC","YEAR":2026.0,"RES":"GEN","ELECTORS":257997.0,"VOTERS":217329.0,"TURNOUT":84.24,"MARGIN":9554.0,"MARGIN_PERCENTAGE":4.4,"PARTY_RANK1":"DMK","PARTY_RANK2":"TVK","PARTY_RANK3":"AIADMK","PARTY_RANK4":"NTK","CANDIDATE_RANK1":"MAHARAJAN.A","CANDIDATE_RANK2":"PANDI.V","CANDIDATE_RANK3":"LOGIRAJAN.A","CANDIDATE_RANK4":"GOMATHI .M","VOTES_RANK1":74324.0,"VOTES_RANK2":64770.0,"VOTES_RANK3":63343.0,"VOTES_RANK4":10346.0,"VOTES_RANK1_PERCENTAGE":34.2,"VOTES_RANK2_PERCENTAGE":29.8,"VOTES_RANK3_PERCENTAGE":29.15,"VOTES_RANK4_PERCENTAGE":4.76,"COLOR":"#000000","ID":27540}},{"type":"Feature","geometry":{"type":"Polygon","coordinates":[[[77.4648,10.1293],[77.4657,10.1294],[77.4697,10.1303],[77.4747,10.1229],[77.4789,10.1274],[77.4908,10.121],[77.4976,10.1133],[77.5005,10.1005],[77.4856,10.0859],[77.4804,10.0874],[77.4796,10.0683],[77.4671,10.0601],[77.4547,10.0594],[77.459,10.0779],[77.4558,10.0808],[77.4206,10.0935],[77.4209,10.0586],[77.4317,10.0416],[77.4502,10.0326],[77.4478,10.0278],[77.486,9.9961],[77.5126,9.9932],[77.5132,9.9607],[77.5095,9.9488],[77.5095,9.9309],[77.5138,9.9219],[77.512,9.9024],[77.4998,9.8899],[77.4959,9.8681],[77.4848,9.8546],[77.4697,9.8807],[77.4528,9.8792],[77.4528,9.8762],[77.4318,9.8798],[77.4308,9.8831],[77.4242,9.8806],[77.4244,9.8847],[77.417,9.8871],[77.4116,9.8613],[77.4031,9.8654],[77.4023,9.8623],[77.3953,9.8704],[77.3809,9.853],[77.3677,9.8539],[77.3689,9.8461],[77.3529,9.8312],[77.348,9.8401],[77.332,9.8426],[77.3299,9.8473],[77.3298,9.8752],[77.3414,9.8764],[77.3441,9.8836],[77.3388,9.8911],[77.323,9.8977],[77.3191,9.908],[77.3054,9.9138],[77.2998,9.9232],[77.2676,9.9354],[77.261,9.9526],[77.2728,9.965],[77.2724,9.9764],[77.2645,9.987],[77.2668,9.99],[77.2609,9.9919],[77.2652,10.0028],[77.2534,10.0129],[77.2619,10.0219],[77.262,10.0307],[77.2315,10.0665],[77.2049,10.087],[77.2013,10.1065],[77.2072,10.1181],[77.2165,10.1155],[77.2301,10.1209],[77.2392,10.1302],[77.2665,10.1218],[77.283,10.1179],[77.2841,10.1255],[77.2895,10.1251],[77.3024,10.1361],[77.313,10.1355],[77.3237,10.1277],[77.3292,10.1428],[77.3414,10.1361],[77.3606,10.1512],[77.372,10.1394],[77.3846,10.1468],[77.3954,10.1629],[77.4087,10.1585],[77.4114,10.1451],[77.4275,10.1362],[77.4381,10.1325],[77.4521,10.1362],[77.4648,10.1293]]]},"properties":{"STATE":"TAMIL NADU","DISTRICT":"THENI","AC_NAME":"BODINAYAKANUR","AC":"AC","YEAR":2026.0,"RES":"GEN","ELECTORS":264386.0,"VOTERS":220628.0,"TURNOUT":83.45,"MARGIN":6805.0,"MARGIN_PERCENTAGE":3.08,"PARTY_RANK1":"DMK","PARTY_RANK2":"TVK","PARTY_RANK3":"AIADMK","PARTY_RANK4":"NTK","CANDIDATE_RANK1":"PANNEERSELVAM.O","CANDIDATE_RANK2":"PRAKASH.S","CANDIDATE_RANK3":"NARAYANASAMY V.T.","CANDIDATE_RANK4":"KALAIARASU.S","VOTES_RANK1":85206.0,"VOTES_RANK2":78401.0,"VOTES_RANK3":41286.0,"VOTES_RANK4":11455.0,"VOTES_RANK1_PERCENTAGE":38.62,"VOTES_RANK2_PERCENTAGE":35.54,"VOTES_RANK3_PERCENTAGE":18.71,"VOTES_RANK4_PERCENTAGE":5.19,"COLOR":"#000000","ID":27558}},{"type":"Feature","geometry":{"type":"Polygon","coordinates":[[[77.261,9.9526],[77.2676,9.9354],[77.2998,9.9232],[77.3054,9.9138],[77.3191,9.908],[77.323,9.8977],[77.3388,9.8911],[77.3441,9.8836],[77.3414,9.8764],[77.3298,9.8752],[77.3299,9.8473],[77.332,9.8426],[77.348,9.8401],[77.3529,9.8312],[77.3432,9.8096],[77.3566,9.8212],[77.3587,9.8029],[77.3548,9.7937],[77.3611,9.7889],[77.3685,9.794],[77.3695,9.7879],[77.3649,9.7545],[77.3575,9.751],[77.356,9.7418],[77.3678,9.7273],[77.3624,9.7258],[77.358,9.707],[77.3433,9.7102],[77.3422,9.7257],[77.3286,9.7235],[77.3244,9.7319],[77.3172,9.7318],[77.3084,9.7211],[77.2995,9.7211],[77.2975,9.7144],[77.2907,9.7135],[77.2499,9.7222],[77.2466,9.7331],[77.2226,9.7356],[77.2203,9.7451],[77.2325,9.7695],[77.2251,9.7762],[77.223,9.7884],[77.2345,9.7898],[77.2406,9.7976],[77.2468,9.7986],[77.2469,9.8087],[77.2414,9.8168],[77.2327,9.8179],[77.233,9.8222],[77.222,9.8233],[77.2278,9.8392],[77.2232,9.8456],[77.2375,9.8519],[77.2365,9.8607],[77.2208,9.8645],[77.2125,9.8783],[77.2211,9.8851],[77.2188,9.9047],[77.2306,9.9137],[77.2374,9.9378],[77.2484,9.9481],[77.2468,9.9526],[77.261,9.9526]]]},"properties":{"STATE":"TAMIL NADU","DISTRICT":"THENI","AC_NAME":"CUMBUM","AC":"AC","YEAR":2026.0,"RES":"GEN","ELECTORS":257323.0,"VOTERS":210574.0,"TURNOUT":81.83,"MARGIN":751.0,"MARGIN_PERCENTAGE":0.36,"PARTY_RANK1":"TVK","PARTY_RANK2":"DMK","PARTY_RANK3":"AIADMK","PARTY_RANK4":"NTK","CANDIDATE_RANK1":"JEGANATHMISHRA PLA","CANDIDATE_RANK2":"ERAMAKRISHNAN N","CANDIDATE_RANK3":"JAKKAIYAN S.T.K.","CANDIDATE_RANK4":"ANBUSELVI A","VOTES_RANK1":85394.0,"VOTES_RANK2":84643.0,"VOTES_RANK3":27307.0,"VOTES_RANK4":9599.0,"VOTES_RANK1_PERCENTAGE":40.55,"VOTES_RANK2_PERCENTAGE":40.2,"VOTES_RANK3_PERCENTAGE":12.97,"VOTES_RANK4_PERCENTAGE":4.56,"COLOR":null,"ID":27570}},{"type":"Feature","geometry":{"type":"Polygon","coordinates":[[[77.6954,10.1986],[77.7023,10.2132],[77.7065,10.2159],[77.71,10.2064],[77.7012,10.1953],[77.7122,10.1701],[77.7292,10.1592],[77.7239,10.1463],[77.7242,10.1362],[77.7294,10.1315],[77.7217,10.1341],[77.7156,10.1288],[77.7078,10.129],[77.6972,10.1353],[77.692,10.1455],[77.6763,10.1447],[77.6754,10.1267],[77.669,10.1262],[77.6686,10.1225],[77.6972,10.1089],[77.7025,10.1028],[77.6969,10.0869],[77.701,10.0857],[77.6813,10.0762],[77.6598,10.0519],[77.6393,10.0416],[77.6277,10.0475],[77.6038,10.0437],[77.5898,10.0527],[77.5588,10.0464],[77.5463,10.0355],[77.5464,10.0277],[77.537,10.0214],[77.5338,10.0113],[77.5188,10.0076],[77.5126,9.9932],[77.486,9.9961],[77.4478,10.0278],[77.4502,10.0326],[77.4317,10.0416],[77.4209,10.0586],[77.4206,10.0935],[77.4558,10.0808],[77.459,10.0779],[77.4547,10.0594],[77.4671,10.0601],[77.4796,10.0683],[77.4804,10.0874],[77.4856,10.0859],[77.5005,10.1005],[77.4976,10.1133],[77.4908,10.121],[77.4789,10.1274],[77.4747,10.1229],[77.4697,10.1303],[77.4657,10.1294],[77.468,10.1423],[77.4806,10.1471],[77.4826,10.154],[77.4877,10.1478],[77.4999,10.1611],[77.5117,10.161],[77.5275,10.174],[77.5231,10.1762],[77.5367,10.1797],[77.538,10.1878],[77.5462,10.1829],[77.5444,10.1926],[77.5512,10.1919],[77.5463,10.1988],[77.5481,10.2041],[77.5497,10.2],[77.5556,10.2022],[77.5668,10.1955],[77.5697,10.1814],[77.589,10.1969],[77.5918,10.1914],[77.5983,10.1944],[77.6029,10.2001],[77.5957,10.2059],[77.6037,10.206],[77.6221,10.2188],[77.632,10.2064],[77.6452,10.2046],[77.6634,10.1891],[77.6814,10.2016],[77.6954,10.1986]]]},"properties":{"STATE":"TAMIL NADU","DISTRICT":"THENI","AC_NAME":"PERIYAKULAM","AC":"AC","YEAR":2026.0,"RES":"SC","ELECTORS":266570.0,"VOTERS":211209.0,"TURNOUT":79.23,"MARGIN":19321.0,"MARGIN_PERCENTAGE":9.15,"PARTY_RANK1":"TVK","PARTY_RANK2":"VCK","PARTY_RANK3":"AMMK","PARTY_RANK4":"NTK","CANDIDATE_RANK1":"SABARI IYNGARAN G.","CANDIDATE_RANK2":"SAKTHIVEL P.","CANDIDATE_RANK3":"DR KATHIRKAMU K.","CANDIDATE_RANK4":"VIMALA R.","VOTES_RANK1":85656.0,"VOTES_RANK2":66335.0,"VOTES_RANK3":44521.0,"VOTES_RANK4":9610.0,"VOTES_RANK1_PERCENTAGE":40.56,"VOTES_RANK2_PERCENTAGE":31.41,"VOTES_RANK3_PERCENTAGE":21.08,"VOTES_RANK4_PERCENTAGE":4.55,"COLOR":null,"ID":27667}},{"type":"Feature","geometry":{"type":"Polygon","coordinates":[[[80.1454,13.1406],[80.1594,13.1425],[80.1654,13.1361],[80.1691,13.1416],[80.1826,13.1362],[80.1876,13.1391],[80.1946,13.129],[80.2015,13.1271],[80.2007,13.1184],[80.192,13.1056],[80.1953,13.0897],[80.1902,13.0819],[80.1857,13.0734],[80.177,13.0724],[80.1719,13.0827],[80.1603,13.0808],[80.1474,13.0873],[80.1403,13.1067],[80.147,13.13],[80.1454,13.1406]]]},"properties":{"STATE":"TAMIL NADU","DISTRICT":"THIRUVALLUR","AC_NAME":"AMBATTUR","AC":"AC","YEAR":2026.0,"RES":"GEN","ELECTORS":337081.0,"VOTERS":259986.0,"TURNOUT":77.13,"MARGIN":58781.0,"MARGIN_PERCENTAGE":22.61,"PARTY_RANK1":"TVK","PARTY_RANK2":"DMK","PARTY_RANK3":"PMK","PARTY_RANK4":"NTK","CANDIDATE_RANK1":"BALAMURUGAN.G","CANDIDATE_RANK2":"DR A.P. POORNIMA","CANDIDATE_RANK3":"K.N. SEKAR","CANDIDATE_RANK4":"SILAMBARASAN","VOTES_RANK1":133339.0,"VOTES_RANK2":74558.0,"VOTES_RANK3":35997.0,"VOTES_RANK4":11088.0,"VOTES_RANK1_PERCENTAGE":51.29,"VOTES_RANK2_PERCENTAGE":28.68,"VOTES_RANK3_PERCENTAGE":13.85,"VOTES_RANK4_PERCENTAGE":4.26,"COLOR":null,"ID":27537}},{"type":"Feature","geometry":{"type":"Polygon","coordinates":[[[80.0734,13.1689],[80.1206,13.1517],[80.1353,13.1564],[80.1349,13.1501],[80.1454,13.1406],[80.147,13.13],[80.1403,13.1067],[80.1237,13.1097],[80.1245,13.096],[80.1204,13.0931],[80.1233,13.0725],[80.1068,13.0718],[80.0986,13.0784],[80.1075,13.0899],[80.0967,13.1041],[80.0812,13.113],[80.0698,13.1142],[80.0659,13.1106],[80.057,13.1139],[80.0378,13.0953],[80.0365,13.1121],[80.0101,13.1121],[80.0081,13.1201],[80.0147,13.1216],[80.0121,13.1328],[80.036,13.1323],[80.0413,13.1345],[80.0395,13.1398],[80.0562,13.1373],[80.0541,13.1503],[80.0651,13.1525],[80.0628,13.16],[80.0672,13.1686],[80.0734,13.1689]]]},"properties":{"STATE":"TAMIL NADU","DISTRICT":"THIRUVALLUR","AC_NAME":"AVADI","AC":"AC","YEAR":2026.0,"RES":"GEN","ELECTORS":436522.0,"VOTERS":346005.0,"TURNOUT":79.26,"MARGIN":76311.0,"MARGIN_PERCENTAGE":22.05,"PARTY_RANK1":"TVK","PARTY_RANK2":"DMK","PARTY_RANK3":"BJP","PARTY_RANK4":"NTK","CANDIDATE_RANK1":"R.RAMESH KUMAR","CANDIDATE_RANK2":"S.M.NASAR","CANDIDATE_RANK3":"RAJASIMHA MAHENDRA","CANDIDATE_RANK4":"PUNITHA SHANMUGAM","VOTES_RANK1":180384.0,"VOTES_RANK2":104073.0,"VOTES_RANK3":39605.0,"VOTES_RANK4":16335.0,"VOTES_RANK1_PERCENTAGE":52.13,"VOTES_RANK2_PERCENTAGE":30.08,"VOTES_RANK3_PERCENTAGE":11.45,"VOTES_RANK4_PERCENTAGE":4.72,"COLOR":null,"ID":27552}},{"type":"Feature","geometry":{"type":"Polygon","coordinates":[[[80.0838,13.5448],[80.0886,13.5354],[80.0771,13.5268],[80.0786,13.489],[80.0986,13.488],[80.1131,13.5054],[80.1321,13.5015],[80.1399,13.5041],[80.1452,13.5003],[80.1456,13.4907],[80.163,13.4875],[80.1822,13.4899],[80.175,13.4887],[80.1736,13.4826],[80.1822,13.4739],[80.1725,13.4695],[80.1682,13.4572],[80.1627,13.4548],[80.1696,13.4474],[80.1689,13.4416],[80.1856,13.4422],[80.1895,13.4387],[80.1923,13.4327],[80.187,13.4232],[80.1966,13.4172],[80.1975,13.3935],[80.1769,13.3906],[80.1815,13.397],[80.15,13.3958],[80.1544,13.3819],[80.1446,13.377],[80.1507,13.3692],[80.1481,13.363],[80.163,13.3607],[80.1595,13.3484],[80.1679,13.3437],[80.1694,13.3275],[80.1518,13.3262],[80.1315,13.3442],[80.0995,13.359],[80.0848,13.3528],[80.0789,13.3455],[80.0802,13.3327],[80.073,13.3301],[80.0724,13.3179],[80.0903,13.3148],[80.094,13.3084],[80.1082,13.3035],[80.1103,13.3149],[80.1234,13.3065],[80.1275,13.2861],[80.1249,13.2638],[80.1323,13.2595],[80.1323,13.2533],[80.1208,13.2497],[80.1171,13.233],[80.1103,13.2414],[80.0855,13.2243],[80.0814,13.226],[80.0852,13.2297],[80.0825,13.2392],[80.0731,13.2393],[80.0484,13.2512],[80.0455,13.2368],[80.0195,13.2393],[80.0029,13.236],[80.0054,13.2529],[80.0093,13.2549],[80.0135,13.2462],[80.0239,13.2608],[80.032,13.2563],[80.0249,13.2529],[80.0285,13.251],[80.0372,13.2529],[80.0404,13.2607],[80.0291,13.2618],[80.0182,13.2753],[80.0147,13.2728],[80.0065,13.2781],[79.9903,13.2761],[79.984,13.2677],[79.9713,13.2629],[79.9701,13.2345],[79.9599,13.2315],[79.9507,13.2215],[79.9366,13.2229],[79.9308,13.2333],[79.9156,13.2375],[79.9233,13.2225],[79.9086,13.2149],[79.8921,13.2203],[79.8871,13.2272],[79.8671,13.2295],[79.8586,13.2182],[79.8675,13.2193],[79.8697,13.2136],[79.8411,13.2021],[79.8392,13.2074],[79.8559,13.2159],[79.8416,13.2162],[79.8378,13.2308],[79.8317,13.2193],[79.8254,13.2254],[79.8396,13.2399],[79.8268,13.2471],[79.8143,13.2424],[79.8024,13.2472],[79.7985,13.2988],[79.8092,13.3173],[79.8471,13.316],[79.8554,13.3207],[79.8623,13.3172],[79.8682,13.3321],[79.8829,13.3233],[79.8823,13.3342],[79.8931,13.3355],[79.9145,13.3482],[79.9152,13.3605],[79.9286,13.3564],[79.9313,13.3515],[79.9351,13.3534],[79.9457,13.3642],[79.9491,13.377],[79.946,13.3809],[79.9579,13.3788],[79.9632,13.3934],[79.9441,13.3967],[79.9416,13.4002],[79.9458,13.4073],[79.9345,13.4164],[79.9417,13.4167],[79.9398,13.4243],[79.9549,13.4254],[79.9578,13.4221],[79.9732,13.4294],[79.9724,13.469],[79.9823,13.4707],[79.9892,13.4855],[80.005,13.4951],[80.0116,13.4968],[80.0124,13.4858],[80.0156,13.4999],[80.0463,13.4951],[80.0484,13.5123],[80.0355,13.5183],[80.0272,13.5137],[80.0195,13.5193],[80.0176,13.5296],[80.0005,13.5257],[79.9941,13.5455],[80.0005,13.5422],[80.0169,13.5472],[80.0239,13.546],[80.0284,13.5388],[80.038,13.539],[80.0569,13.5367],[80.0627,13.5454],[80.0812,13.5498],[80.0838,13.5448]]]},"properties":{"STATE":"TAMIL NADU","DISTRICT":"THIRUVALLUR","AC_NAME":"GUMMIDIPOONDI","AC":"AC","YEAR":2026.0,"RES":"GEN","ELECTORS":254175.0,"VOTERS":232522.0,"TURNOUT":91.48,"MARGIN":27945.0,"MARGIN_PERCENTAGE":12.02,"PARTY_RANK1":"TVK","PARTY_RANK2":"AIADMK","PARTY_RANK3":"DMK","PARTY_RANK4":"NTK","CANDIDATE_RANK1":"S.VIJAYAKUMAR","CANDIDATE_RANK2":"SUDHAKAR.V","CANDIDATE_RANK3":"T.J.GOVINDARAJAN","CANDIDATE_RANK4":"R.SRIDAR. B.L. ","VOTES_RANK1":94320.0,"VOTES_RANK2":66375.0,"VOTES_RANK3":62492.0,"VOTES_RANK4":4756.0,"VOTES_RANK1_PERCENTAGE":40.56,"VOTES_RANK2_PERCENTAGE":28.55,"VOTES_RANK3_PERCENTAGE":26.88,"VOTES_RANK4_PERCENTAGE":2.05,"COLOR":null,"ID":27585}},{"type":"Feature","geometry":{"type":"Polygon","coordinates":[[[80.1851,13.2713],[80.1963,13.2707],[80.2005,13.2477],[80.2134,13.2472],[80.2093,13.2326],[80.2128,13.2296],[80.2385,13.2292],[80.2308,13.2167],[80.2353,13.2163],[80.2347,13.2071],[80.2394,13.1995],[80.2496,13.1994],[80.2491,13.2063],[80.254,13.2062],[80.3029,13.1982],[80.2929,13.1804],[80.2737,13.1829],[80.2687,13.1917],[80.2489,13.1891],[80.255,13.15],[80.241,13.1426],[80.2419,13.1286],[80.2232,13.1276],[80.2232,13.1307],[80.2015,13.1271],[80.1946,13.129],[80.1876,13.1391],[80.1826,13.1362],[80.1691,13.1416],[80.1654,13.1361],[80.1594,13.1425],[80.1454,13.1406],[80.1349,13.1501],[80.1353,13.1564],[80.1206,13.1517],[80.0734,13.1689],[80.0672,13.1686],[80.0628,13.16],[80.0651,13.1525],[80.0541,13.1503],[80.0562,13.1373],[80.0395,13.1398],[80.0384,13.1614],[80.0282,13.1808],[80.0318,13.1927],[80.0624,13.2098],[80.075,13.2072],[80.0854,13.2128],[80.1079,13.2049],[80.1171,13.233],[80.1208,13.2497],[80.1323,13.2533],[80.1323,13.2595],[80.1706,13.2599],[80.1771,13.2691],[80.1851,13.2713]]]},"properties":{"STATE":"TAMIL NADU","DISTRICT":"THIRUVALLUR","AC_NAME":"MADAVARAM","AC":"AC","YEAR":2026.0,"RES":"GEN","ELECTORS":431866.0,"VOTERS":361998.0,"TURNOUT":83.82,"MARGIN":94985.0,"MARGIN_PERCENTAGE":26.24,"PARTY_RANK1":"TVK","PARTY_RANK2":"DMK","PARTY_RANK3":"AIADMK","PARTY_RANK4":"NTK","CANDIDATE_RANK1":"M.L.VIJAYPRABHU","CANDIDATE_RANK2":"S.SUDHARSANAM","CANDIDATE_RANK3":"MADHAVARAM V.MOORTHY","CANDIDATE_RANK4":"E.KRITHIKA","VOTES_RANK1":190462.0,"VOTES_RANK2":95477.0,"VOTES_RANK3":59290.0,"VOTES_RANK4":12637.0,"VOTES_RANK1_PERCENTAGE":52.61,"VOTES_RANK2_PERCENTAGE":26.38,"VOTES_RANK3_PERCENTAGE":16.38,"VOTES_RANK4_PERCENTAGE":3.49,"COLOR":null,"ID":27618}},{"type":"Feature","geometry":{"type":"Polygon","coordinates":[[[80.1403,13.1067],[80.1474,13.0873],[80.1603,13.0808],[80.1719,13.0827],[80.177,13.0724],[80.1857,13.0734],[80.1816,13.0489],[80.1884,13.0267],[80.1832,13.0249],[80.1647,13.0322],[80.1638,13.0281],[80.1591,13.0322],[80.1458,13.0316],[80.1442,13.0383],[80.1482,13.0387],[80.1388,13.0532],[80.1294,13.0522],[80.1293,13.0593],[80.1222,13.0615],[80.1233,13.0725],[80.1204,13.0931],[80.1245,13.096],[80.1237,13.1097],[80.1403,13.1067]]]},"properties":{"STATE":"TAMIL NADU","DISTRICT":"THIRUVALLUR","AC_NAME":"MADURAVOYAL","AC":"AC","YEAR":2026.0,"RES":"GEN","ELECTORS":373321.0,"VOTERS":293692.0,"TURNOUT":78.67,"MARGIN":61509.0,"MARGIN_PERCENTAGE":20.94,"PARTY_RANK1":"TVK","PARTY_RANK2":"DMK","PARTY_RANK3":"AIADMK","PARTY_RANK4":"NTK","CANDIDATE_RANK1":"RHEVANTH CHARAN","CANDIDATE_RANK2":"GANAPATHY. K","CANDIDATE_RANK3":"P. BENJAMIN","CANDIDATE_RANK4":"REVATHI L","VOTES_RANK1":141725.0,"VOTES_RANK2":80216.0,"VOTES_RANK3":54705.0,"VOTES_RANK4":13024.0,"VOTES_RANK1_PERCENTAGE":48.26,"VOTES_RANK2_PERCENTAGE":27.31,"VOTES_RANK3_PERCENTAGE":18.63,"VOTES_RANK4_PERCENTAGE":4.43,"COLOR":null,"ID":27625}},{"type":"Feature","geometry":{"type":"Polygon","coordinates":[[[80.2683,13.5645],[80.301,13.4787],[80.3261,13.4449],[80.3295,13.4038],[80.3468,13.3134],[80.3447,13.2762],[80.3318,13.2355],[80.3142,13.2263],[80.3029,13.1982],[80.254,13.2062],[80.2491,13.2063],[80.2496,13.1994],[80.2394,13.1995],[80.2347,13.2071],[80.2353,13.2163],[80.2308,13.2167],[80.2385,13.2292],[80.2128,13.2296],[80.2093,13.2326],[80.2134,13.2472],[80.2005,13.2477],[80.1963,13.2707],[80.1851,13.2713],[80.1771,13.2691],[80.1706,13.2599],[80.1323,13.2595],[80.1249,13.2638],[80.1275,13.2861],[80.1234,13.3065],[80.1103,13.3149],[80.1082,13.3035],[80.094,13.3084],[80.0903,13.3148],[80.0724,13.3179],[80.073,13.3301],[80.0802,13.3327],[80.0789,13.3455],[80.0848,13.3528],[80.0995,13.359],[80.1315,13.3442],[80.1518,13.3262],[80.1694,13.3275],[80.1679,13.3437],[80.1595,13.3484],[80.163,13.3607],[80.1481,13.363],[80.1507,13.3692],[80.1446,13.377],[80.1544,13.3819],[80.15,13.3958],[80.1815,13.397],[80.1769,13.3906],[80.1975,13.3935],[80.1966,13.4172],[80.187,13.4232],[80.1923,13.4327],[80.1895,13.4387],[80.1856,13.4422],[80.1689,13.4416],[80.1696,13.4474],[80.1627,13.4548],[80.1682,13.4572],[80.1725,13.4695],[80.1822,13.4739],[80.1736,13.4826],[80.175,13.4887],[80.1822,13.4899],[80.2096,13.4865],[80.2151,13.4897],[80.2153,13.4857],[80.2265,13.4849],[80.2426,13.4709],[80.2638,13.5625],[80.2683,13.5645]]]},"properties":{"STATE":"TAMIL NADU","DISTRICT":"THIRUVALLUR","AC_NAME":"PONNERI","AC":"AC","YEAR":2026.0,"RES":"SC","ELECTORS":251421.0,"VOTERS":226819.0,"TURNOUT":90.21,"MARGIN":55768.0,"MARGIN_PERCENTAGE":24.59,"PARTY_RANK1":"TVK","PARTY_RANK2":"INC","PARTY_RANK3":"AIADMK","PARTY_RANK4":"NTK","CANDIDATE_RANK1":"DR.RAVI.M.S","CANDIDATE_RANK2":"DURAI CHANDRASEKAR","CANDIDATE_RANK3":"BALARAMAN.P","CANDIDATE_RANK4":"RAJATHI.M","VOTES_RANK1":110439.0,"VOTES_RANK2":54671.0,"VOTES_RANK3":51468.0,"VOTES_RANK4":6676.0,"VOTES_RANK1_PERCENTAGE":48.69,"VOTES_RANK2_PERCENTAGE":24.1,"VOTES_RANK3_PERCENTAGE":22.69,"VOTES_RANK4_PERCENTAGE":2.94,"COLOR":null,"ID":27671}},{"type":"Feature","geometry":{"type":"Polygon","coordinates":[[[80.0065,13.2781],[80.0147,13.2728],[80.0182,13.2753],[80.0291,13.2618],[80.0404,13.2607],[80.0372,13.2529],[80.0285,13.251],[80.0249,13.2529],[80.032,13.2563],[80.0239,13.2608],[80.0135,13.2462],[80.0093,13.2549],[80.0054,13.2529],[80.0029,13.236],[80.0195,13.2393],[80.0455,13.2368],[80.0484,13.2512],[80.0731,13.2393],[80.0825,13.2392],[80.0852,13.2297],[80.0814,13.226],[80.0855,13.2243],[80.1103,13.2414],[80.1171,13.233],[80.1079,13.2049],[80.0854,13.2128],[80.075,13.2072],[80.0624,13.2098],[80.0318,13.1927],[80.0282,13.1808],[80.0384,13.1614],[80.0395,13.1398],[80.0413,13.1345],[80.036,13.1323],[80.0121,13.1328],[80.0147,13.1216],[80.0081,13.1201],[80.0101,13.1121],[80.0365,13.1121],[80.0378,13.0953],[80.057,13.1139],[80.0659,13.1106],[80.0698,13.1142],[80.0812,13.113],[80.0967,13.1041],[80.1075,13.0899],[80.0986,13.0784],[80.1068,13.0718],[80.1233,13.0725],[80.1222,13.0615],[80.1293,13.0593],[80.1294,13.0522],[80.1294,13.0339],[80.1248,13.0283],[80.1192,13.0285],[80.1187,13.0235],[80.1128,13.024],[80.1047,13.0279],[80.099,13.0354],[80.1025,13.0392],[80.0943,13.0454],[80.0815,13.0453],[80.0825,13.0238],[80.0791,13.0191],[80.0707,13.0398],[80.0607,13.0386],[80.0576,13.0301],[80.0492,13.027],[80.0413,13.0322],[80.045,13.0407],[80.0232,13.037],[80.0212,13.0449],[80.0018,13.0448],[79.9957,13.0499],[79.9909,13.0347],[79.9844,13.0307],[79.9742,13.0389],[79.9782,13.0401],[79.9788,13.0492],[79.9916,13.0534],[79.9952,13.054],[79.9927,13.0578],[80.0056,13.0591],[80.007,13.0682],[80.0063,13.0735],[80.0015,13.0715],[79.9793,13.0787],[79.9932,13.0984],[79.9785,13.1017],[79.9723,13.0911],[79.9572,13.0901],[79.9541,13.0815],[79.947,13.0888],[79.9345,13.0797],[79.9308,13.0835],[79.9396,13.0911],[79.9394,13.1092],[79.9292,13.1116],[79.9327,13.1218],[79.9218,13.1271],[79.9195,13.1348],[79.9128,13.1361],[79.9149,13.1525],[79.8845,13.1641],[79.894,13.1663],[79.8951,13.1942],[79.9111,13.1852],[79.9484,13.1924],[79.9497,13.2085],[79.9558,13.2114],[79.9507,13.2215],[79.9599,13.2315],[79.9701,13.2345],[79.9713,13.2629],[79.984,13.2677],[79.9903,13.2761],[80.0065,13.2781]]]},"properties":{"STATE":"TAMIL NADU","DISTRICT":"THIRUVALLUR","AC_NAME":"POONMALLAE","AC":"AC","YEAR":2026.0,"RES":"SC","ELECTORS":368694.0,"VOTERS":308894.0,"TURNOUT":83.78,"MARGIN":72740.0,"MARGIN_PERCENTAGE":23.55,"PARTY_RANK1":"TVK","PARTY_RANK2":"DMK","PARTY_RANK3":"AMMK","PARTY_RANK4":"NTK","CANDIDATE_RANK1":"PRAKASAM.R","CANDIDATE_RANK2":"KRISHNASWAMY.A","CANDIDATE_RANK3":"ELUMALAI.T.A","CANDIDATE_RANK4":"MEKALA.J","VOTES_RANK1":161309.0,"VOTES_RANK2":88569.0,"VOTES_RANK3":43280.0,"VOTES_RANK4":11697.0,"VOTES_RANK1_PERCENTAGE":52.22,"VOTES_RANK2_PERCENTAGE":28.67,"VOTES_RANK3_PERCENTAGE":14.01,"VOTES_RANK4_PERCENTAGE":3.79,"COLOR":null,"ID":27673}},{"type":"Feature","geometry":{"type":"Polygon","coordinates":[[[79.7763,13.3062],[79.781,13.3063],[79.7846,13.2975],[79.7915,13.294],[79.7985,13.2988],[79.8024,13.2472],[79.8143,13.2424],[79.8268,13.2471],[79.8396,13.2399],[79.8254,13.2254],[79.8317,13.2193],[79.8378,13.2308],[79.8416,13.2162],[79.8559,13.2159],[79.8392,13.2074],[79.8411,13.2021],[79.8697,13.2136],[79.8675,13.2193],[79.8586,13.2182],[79.8671,13.2295],[79.8871,13.2272],[79.8921,13.2203],[79.9086,13.2149],[79.9233,13.2225],[79.9156,13.2375],[79.9308,13.2333],[79.9366,13.2229],[79.9507,13.2215],[79.9558,13.2114],[79.9497,13.2085],[79.9484,13.1924],[79.9111,13.1852],[79.8951,13.1942],[79.894,13.1663],[79.8845,13.1641],[79.9149,13.1525],[79.9128,13.1361],[79.9195,13.1348],[79.9218,13.1271],[79.9327,13.1218],[79.9292,13.1116],[79.9394,13.1092],[79.9396,13.0911],[79.9308,13.0835],[79.9345,13.0797],[79.947,13.0888],[79.9541,13.0815],[79.9572,13.0901],[79.9723,13.0911],[79.9785,13.1017],[79.9932,13.0984],[79.9793,13.0787],[80.0015,13.0715],[80.0063,13.0735],[80.007,13.0682],[80.0056,13.0591],[79.9927,13.0578],[79.9952,13.054],[79.9916,13.0534],[79.9865,13.0562],[79.9837,13.052],[79.9714,13.0501],[79.9688,13.0375],[79.9556,13.0378],[79.9489,13.0327],[79.9182,13.035],[79.9177,13.0477],[79.9006,13.0495],[79.8971,13.0318],[79.9004,13.0299],[79.9004,13.017],[79.911,13.0147],[79.92,13.0195],[79.92,13.0143],[79.9418,13.0086],[79.9424,13.0014],[79.9299,12.9899],[79.9084,13.0042],[79.8989,12.9952],[79.8893,12.9937],[79.9137,12.9782],[79.9094,12.9657],[79.9014,12.9656],[79.8896,12.9446],[79.8807,12.9483],[79.852,12.9476],[79.8482,12.9564],[79.8313,12.9575],[79.8324,12.9637],[79.8211,12.9618],[79.8203,12.9878],[79.8121,12.9892],[79.8184,12.9927],[79.814,13.0131],[79.8106,13.0182],[79.801,13.015],[79.7966,13.0277],[79.7895,13.0249],[79.7861,13.0392],[79.7917,13.0458],[79.7913,13.0531],[79.7885,13.0563],[79.7788,13.0538],[79.7757,13.0629],[79.7619,13.0517],[79.7481,13.0501],[79.7375,13.0612],[79.7303,13.0542],[79.7188,13.0538],[79.7259,13.0678],[79.7389,13.0665],[79.7418,13.0763],[79.7356,13.0957],[79.7228,13.0999],[79.7013,13.0996],[79.7019,13.1041],[79.705,13.1009],[79.702,13.1106],[79.7191,13.1051],[79.7244,13.1167],[79.7309,13.1152],[79.7373,13.1209],[79.7368,13.1675],[79.6954,13.1589],[79.6925,13.1759],[79.7001,13.1813],[79.7009,13.1915],[79.6705,13.1834],[79.6715,13.2031],[79.6623,13.2099],[79.6555,13.208],[79.6398,13.2205],[79.616,13.2206],[79.6209,13.2478],[79.6362,13.2484],[79.6469,13.2371],[79.6649,13.2449],[79.6841,13.2433],[79.6897,13.2377],[79.6964,13.2382],[79.6934,13.2427],[79.7,13.2523],[79.7078,13.2505],[79.7137,13.236],[79.7066,13.2347],[79.7014,13.2252],[79.7129,13.2175],[79.7218,13.2237],[79.7319,13.2226],[79.7321,13.2368],[79.7376,13.2363],[79.7494,13.2197],[79.7516,13.2068],[79.7598,13.2075],[79.7642,13.2191],[79.7739,13.2192],[79.7754,13.2153],[79.7779,13.2236],[79.7847,13.2279],[79.7945,13.2263],[79.7947,13.2421],[79.7612,13.2583],[79.7306,13.2829],[79.734,13.289],[79.7442,13.2886],[79.7563,13.2952],[79.7619,13.3184],[79.7763,13.3062]]]},"properties":{"STATE":"TAMIL NADU","DISTRICT":"THIRUVALLUR","AC_NAME":"THIRUVALLUR","AC":"AC","YEAR":2026.0,"RES":"GEN","ELECTORS":251111.0,"VOTERS":226428.0,"TURNOUT":90.17,"MARGIN":24760.0,"MARGIN_PERCENTAGE":10.94,"PARTY_RANK1":"TVK","PARTY_RANK2":"DMK","PARTY_RANK3":"AIADMK","PARTY_RANK4":"NTK","CANDIDATE_RANK1":"DR. T. ARUNKUMAR","CANDIDATE_RANK2":"V.G. RAAJENDRAN","CANDIDATE_RANK3":"BE VEE RAMANAH","CANDIDATE_RANK4":"K. SENTHILKUMAR","VOTES_RANK1":92190.0,"VOTES_RANK2":67430.0,"VOTES_RANK3":56562.0,"VOTES_RANK4":5513.0,"VOTES_RANK1_PERCENTAGE":40.71,"VOTES_RANK2_PERCENTAGE":29.78,"VOTES_RANK3_PERCENTAGE":24.98,"VOTES_RANK4_PERCENTAGE":2.43,"COLOR":null,"ID":27713}},{"type":"Feature","geometry":{"type":"Polygon","coordinates":[[[80.3318,13.2355],[80.3134,13.1679],[80.301,13.143],[80.2863,13.146],[80.2734,13.1393],[80.2652,13.1409],[80.2682,13.1483],[80.255,13.15],[80.2489,13.1891],[80.2687,13.1917],[80.2737,13.1829],[80.2929,13.1804],[80.3029,13.1982],[80.3142,13.2263],[80.3318,13.2355]]]},"properties":{"STATE":"TAMIL NADU","DISTRICT":"THIRUVALLUR","AC_NAME":"THIRUVOTTIYUR","AC":"AC","YEAR":2026.0,"RES":"GEN","ELECTORS":244931.0,"VOTERS":207088.0,"TURNOUT":84.55,"MARGIN":53564.0,"MARGIN_PERCENTAGE":25.87,"PARTY_RANK1":"TVK","PARTY_RANK2":"CPI(M)","PARTY_RANK3":"AIADMK","PARTY_RANK4":"NTK","CANDIDATE_RANK1":"SENTHIL KUMAR. N","CANDIDATE_RANK2":"SUNDARARAJ. L","CANDIDATE_RANK3":"KUPPAN. K","CANDIDATE_RANK4":"SATHYA. B","VOTES_RANK1":110067.0,"VOTES_RANK2":56503.0,"VOTES_RANK3":28320.0,"VOTES_RANK4":8413.0,"VOTES_RANK1_PERCENTAGE":53.15,"VOTES_RANK2_PERCENTAGE":27.28,"VOTES_RANK3_PERCENTAGE":13.68,"VOTES_RANK4_PERCENTAGE":4.06,"COLOR":null,"ID":27718}},{"type":"Feature","geometry":{"type":"Polygon","coordinates":[[[79.5393,13.3346],[79.5393,13.3219],[79.5441,13.3168],[79.5348,13.3014],[79.5412,13.2925],[79.5349,13.2847],[79.5351,13.275],[79.5584,13.2727],[79.5739,13.2591],[79.5825,13.2574],[79.5931,13.2647],[79.5956,13.2847],[79.6087,13.2875],[79.6061,13.2796],[79.6141,13.2827],[79.6316,13.2697],[79.6332,13.2824],[79.6384,13.2875],[79.6412,13.2756],[79.6424,13.2902],[79.6518,13.2919],[79.6578,13.2839],[79.6638,13.2898],[79.6654,13.2787],[79.6742,13.282],[79.6783,13.2975],[79.6829,13.2956],[79.6812,13.288],[79.6939,13.2798],[79.6936,13.2735],[79.6888,13.271],[79.6957,13.2673],[79.6911,13.261],[79.6877,13.2667],[79.6783,13.2617],[79.6841,13.2433],[79.6649,13.2449],[79.6469,13.2371],[79.6362,13.2484],[79.6209,13.2478],[79.616,13.2206],[79.6398,13.2205],[79.6555,13.208],[79.6449,13.1916],[79.645,13.1796],[79.6353,13.1717],[79.6312,13.1729],[79.6368,13.1507],[79.6335,13.1466],[79.589,13.1474],[79.5995,13.1308],[79.5943,13.1215],[79.5701,13.1218],[79.5691,13.1373],[79.5505,13.1349],[79.5225,13.1387],[79.5231,13.1436],[79.4986,13.1361],[79.4819,13.1395],[79.4821,13.1281],[79.4754,13.1305],[79.4737,13.1253],[79.4752,13.1077],[79.4645,13.1072],[79.4625,13.0954],[79.451,13.0933],[79.4436,13.1138],[79.4345,13.1115],[79.4293,13.1163],[79.4518,13.1212],[79.4534,13.1264],[79.4392,13.1248],[79.4339,13.1365],[79.4187,13.1502],[79.4113,13.136],[79.4134,13.119],[79.4042,13.115],[79.4017,13.1041],[79.4043,13.0998],[79.4203,13.1037],[79.4229,13.0972],[79.4153,13.0894],[79.4171,13.0846],[79.3793,13.08],[79.3792,13.0754],[79.3515,13.0625],[79.3349,13.0604],[79.3299,13.0728],[79.3224,13.0781],[79.2974,13.0876],[79.2838,13.1229],[79.3131,13.1257],[79.2994,13.1188],[79.3021,13.1137],[79.2945,13.1098],[79.3072,13.1059],[79.3104,13.1122],[79.319,13.1137],[79.3116,13.1159],[79.3243,13.1186],[79.3186,13.1228],[79.329,13.1308],[79.3398,13.1305],[79.3409,13.1369],[79.3448,13.1372],[79.3453,13.1216],[79.3575,13.1219],[79.3656,13.1341],[79.3611,13.1387],[79.3568,13.1651],[79.3802,13.1631],[79.3807,13.1707],[79.3703,13.1746],[79.3728,13.1787],[79.3888,13.1797],[79.3742,13.1894],[79.3918,13.192],[79.3991,13.1882],[79.4104,13.1945],[79.4103,13.1908],[79.439,13.1879],[79.4324,13.1964],[79.4437,13.2077],[79.4356,13.2139],[79.4376,13.2198],[79.4532,13.2168],[79.4528,13.2386],[79.4418,13.2387],[79.4394,13.2307],[79.4305,13.2298],[79.4398,13.2362],[79.4308,13.2366],[79.438,13.2432],[79.4184,13.2429],[79.4165,13.2465],[79.4226,13.2507],[79.4168,13.2517],[79.4161,13.2604],[79.4084,13.2653],[79.4176,13.2718],[79.4337,13.275],[79.4347,13.2891],[79.4463,13.2916],[79.4454,13.3013],[79.4305,13.3003],[79.4188,13.2898],[79.4187,13.297],[79.4138,13.3002],[79.3898,13.2975],[79.3886,13.3098],[79.3818,13.3075],[79.3828,13.3121],[79.3878,13.3181],[79.402,13.3174],[79.3983,13.3302],[79.4053,13.3351],[79.4147,13.3301],[79.4209,13.3363],[79.4316,13.3367],[79.4354,13.3517],[79.4562,13.3386],[79.4826,13.3408],[79.4999,13.3482],[79.4975,13.3325],[79.5101,13.3342],[79.5111,13.342],[79.5259,13.3444],[79.5393,13.3346]]]},"properties":{"STATE":"TAMIL NADU","DISTRICT":"THIRUVALLUR","AC_NAME":"TIRUTTANI","AC":"AC","YEAR":2026.0,"RES":"GEN","ELECTORS":262500.0,"VOTERS":238798.0,"TURNOUT":90.97,"MARGIN":5793.0,"MARGIN_PERCENTAGE":2.43,"PARTY_RANK1":"AIADMK","PARTY_RANK2":"TVK","PARTY_RANK3":"DMDK","PARTY_RANK4":"NTK","CANDIDATE_RANK1":"G.HARI","CANDIDATE_RANK2":"M.SATHYA KUMAR","CANDIDATE_RANK3":"D.KRISHNAMURTHY","CANDIDATE_RANK4":"CHANDRAN .S.S","VOTES_RANK1":89169.0,"VOTES_RANK2":83376.0,"VOTES_RANK3":54863.0,"VOTES_RANK4":6704.0,"VOTES_RANK1_PERCENTAGE":37.34,"VOTES_RANK2_PERCENTAGE":34.91,"VOTES_RANK3_PERCENTAGE":22.97,"VOTES_RANK4_PERCENTAGE":2.81,"COLOR":"#007500","ID":27736}},{"type":"Feature","geometry":{"type":"Polygon","coordinates":[[[79.4411,10.7788],[79.453,10.7758],[79.4585,10.789],[79.4651,10.7884],[79.4639,10.7487],[79.4919,10.7491],[79.497,10.7549],[79.4993,10.7471],[79.5239,10.7415],[79.524,10.7208],[79.5178,10.7245],[79.5117,10.7225],[79.5105,10.7167],[79.499,10.7162],[79.4971,10.6721],[79.5078,10.6568],[79.5112,10.6238],[79.5005,10.5874],[79.5037,10.5828],[79.4986,10.5704],[79.5013,10.5433],[79.498,10.5346],[79.491,10.5322],[79.4917,10.5176],[79.4822,10.4912],[79.4672,10.4929],[79.462,10.4877],[79.4559,10.4884],[79.4536,10.4922],[79.4612,10.5039],[79.4689,10.5054],[79.4687,10.5116],[79.4574,10.5138],[79.4567,10.5198],[79.4398,10.5231],[79.4373,10.5308],[79.4233,10.5355],[79.4234,10.5421],[79.4284,10.5458],[79.452,10.5513],[79.452,10.5594],[79.4258,10.5578],[79.4225,10.5494],[79.4002,10.554],[79.3988,10.5581],[79.4014,10.5726],[79.3963,10.5803],[79.3606,10.5788],[79.3515,10.5834],[79.3466,10.5959],[79.3481,10.6071],[79.3534,10.607],[79.3538,10.611],[79.3475,10.6273],[79.3536,10.6315],[79.3573,10.6451],[79.3425,10.6543],[79.3427,10.6585],[79.3176,10.6612],[79.3197,10.6846],[79.3065,10.7104],[79.3077,10.7223],[79.301,10.7383],[79.3112,10.7468],[79.3127,10.7407],[79.3207,10.7373],[79.3419,10.7398],[79.349,10.7435],[79.3449,10.7458],[79.3499,10.7503],[79.3534,10.7475],[79.3611,10.7523],[79.3613,10.7651],[79.3453,10.7663],[79.345,10.7808],[79.3512,10.7912],[79.348,10.7958],[79.3696,10.7962],[79.3728,10.8018],[79.3765,10.804],[79.4044,10.7906],[79.4172,10.7747],[79.4405,10.7755],[79.4411,10.7788]]]},"properties":{"STATE":"TAMIL NADU","DISTRICT":"THIRUVARUR","AC_NAME":"MANNARGUDI","AC":"AC","YEAR":2026.0,"RES":"GEN","ELECTORS":234554.0,"VOTERS":194100.0,"TURNOUT":82.75,"MARGIN":1566.0,"MARGIN_PERCENTAGE":0.81,"PARTY_RANK1":"AMMK","PARTY_RANK2":"DMK","PARTY_RANK3":"TVK","PARTY_RANK4":"NTK","CANDIDATE_RANK1":"KAMARAJ. S","CANDIDATE_RANK2":"RAJAA.T.R.B","CANDIDATE_RANK3":"RAJARAJAN.U","CANDIDATE_RANK4":"BHARATHISELVAN.R","VOTES_RANK1":68416.0,"VOTES_RANK2":66850.0,"VOTES_RANK3":44266.0,"VOTES_RANK4":8240.0,"VOTES_RANK1_PERCENTAGE":35.25,"VOTES_RANK2_PERCENTAGE":34.44,"VOTES_RANK3_PERCENTAGE":22.81,"VOTES_RANK4_PERCENTAGE":4.25,"COLOR":null,"ID":27630}},{"type":"Feature","geometry":{"type":"Polygon","coordinates":[[[79.7481,10.9964],[79.7473,10.9884],[79.7525,10.9881],[79.7528,10.9829],[79.7585,10.9835],[79.7528,10.9769],[79.7547,10.9719],[79.7594,10.9722],[79.7627,10.9621],[79.745,10.9566],[79.7462,10.9651],[79.7391,10.9646],[79.7309,10.9705],[79.7192,10.9685],[79.7198,10.9522],[79.7324,10.9512],[79.7345,10.9575],[79.7373,10.9525],[79.724,10.9419],[79.7271,10.9378],[79.723,10.935],[79.7291,10.9364],[79.7248,10.929],[79.7429,10.9243],[79.7449,10.9146],[79.7367,10.9098],[79.7354,10.9175],[79.7253,10.9214],[79.7196,10.9186],[79.7203,10.9132],[79.7162,10.9132],[79.704,10.925],[79.7027,10.9202],[79.6962,10.919],[79.681,10.9278],[79.6799,10.9139],[79.6682,10.9138],[79.6652,10.9002],[79.6544,10.8925],[79.6537,10.8854],[79.6499,10.8863],[79.6522,10.8748],[79.6469,10.8745],[79.647,10.8693],[79.6365,10.8686],[79.6389,10.8608],[79.6275,10.8659],[79.6256,10.8599],[79.6458,10.8508],[79.6542,10.8402],[79.6532,10.8348],[79.6483,10.8341],[79.6513,10.8238],[79.6297,10.8224],[79.6321,10.8156],[79.6361,10.8161],[79.6371,10.8109],[79.6209,10.8107],[79.6125,10.7987],[79.5993,10.8213],[79.5696,10.8292],[79.5719,10.8354],[79.5664,10.8418],[79.5602,10.8413],[79.5545,10.8337],[79.5341,10.8331],[79.5288,10.8394],[79.5205,10.8396],[79.5249,10.8329],[79.5182,10.8312],[79.5179,10.8275],[79.5057,10.8252],[79.4741,10.8321],[79.4738,10.8244],[79.4631,10.8226],[79.4574,10.8265],[79.4537,10.8221],[79.4473,10.8311],[79.4643,10.8071],[79.451,10.8044],[79.4561,10.7904],[79.4495,10.7892],[79.4476,10.7824],[79.4386,10.785],[79.4411,10.7788],[79.4405,10.7755],[79.4172,10.7747],[79.4044,10.7906],[79.3765,10.804],[79.3728,10.8018],[79.3689,10.8078],[79.3562,10.8058],[79.3495,10.8113],[79.3373,10.8097],[79.3312,10.8142],[79.3247,10.8098],[79.3256,10.8157],[79.3206,10.819],[79.3025,10.8241],[79.2954,10.8327],[79.2874,10.8329],[79.2921,10.8447],[79.2909,10.8633],[79.2863,10.8692],[79.271,10.8735],[79.2701,10.8838],[79.2833,10.9065],[79.2819,10.9108],[79.2907,10.9105],[79.2861,10.9164],[79.2915,10.9235],[79.2885,10.936],[79.3237,10.9247],[79.3311,10.9217],[79.3278,10.9166],[79.3456,10.9104],[79.3608,10.8979],[79.3693,10.8974],[79.3683,10.8941],[79.3927,10.896],[79.4013,10.8927],[79.4058,10.893],[79.4123,10.8836],[79.4163,10.8863],[79.4166,10.8819],[79.4343,10.8768],[79.4568,10.8636],[79.4662,10.8648],[79.4647,10.8691],[79.4719,10.8726],[79.476,10.8726],[79.4777,10.8673],[79.4857,10.8692],[79.4839,10.8791],[79.4882,10.8894],[79.5061,10.8936],[79.5063,10.904],[79.4926,10.9058],[79.4934,10.9165],[79.4842,10.921],[79.4997,10.9326],[79.5013,10.9415],[79.5143,10.9416],[79.5186,10.9462],[79.515,10.9708],[79.5297,10.9691],[79.5281,10.9595],[79.5322,10.9612],[79.5329,10.9682],[79.5534,10.9675],[79.5563,10.9747],[79.5632,10.9769],[79.5743,10.9707],[79.5771,10.9825],[79.5851,10.9833],[79.6033,10.9717],[79.6044,10.9765],[79.6079,10.9757],[79.6039,10.9825],[79.6325,10.981],[79.6338,11.0004],[79.6405,11.0001],[79.6422,11.0101],[79.6713,11.0172],[79.7009,11.0153],[79.7067,11.0066],[79.7165,11.0085],[79.7212,10.999],[79.7297,10.9985],[79.7315,10.9946],[79.7481,10.9964]],[[79.7216,10.935],[79.7223,10.9374],[79.7203,10.9372],[79.7216,10.935]],[[79.7388,10.9201],[79.7397,10.9202],[79.7394,10.9214],[79.7388,10.9201]]]},"properties":{"STATE":"TAMIL NADU","DISTRICT":"THIRUVARUR","AC_NAME":"NANNILAM","AC":"AC","YEAR":2026.0,"RES":"GEN","ELECTORS":267576.0,"VOTERS":231444.0,"TURNOUT":86.5,"MARGIN":41724.0,"MARGIN_PERCENTAGE":18.03,"PARTY_RANK1":"AIADMK","PARTY_RANK2":"DMK","PARTY_RANK3":"TVK","PARTY_RANK4":"NTK","CANDIDATE_RANK1":"KAMARAJ. R","CANDIDATE_RANK2":"MOHAMED MUBARAK","CANDIDATE_RANK3":"PRABHAKARAN. S","CANDIDATE_RANK4":"THENMOZHI DILIPKUMAR","VOTES_RANK1":103462.0,"VOTES_RANK2":61738.0,"VOTES_RANK3":54530.0,"VOTES_RANK4":8446.0,"VOTES_RANK1_PERCENTAGE":44.7,"VOTES_RANK2_PERCENTAGE":26.68,"VOTES_RANK3_PERCENTAGE":23.56,"VOTES_RANK4_PERCENTAGE":3.65,"COLOR":"#007500","ID":27643}},{"type":"Feature","geometry":{"type":"Polygon","coordinates":[[[79.5078,10.6568],[79.5246,10.6526],[79.5304,10.6662],[79.5355,10.6664],[79.5353,10.6601],[79.5421,10.6597],[79.5433,10.6635],[79.5565,10.6643],[79.5675,10.6712],[79.575,10.6664],[79.5761,10.6594],[79.5858,10.6573],[79.5866,10.6482],[79.6102,10.6527],[79.614,10.6443],[79.6172,10.6453],[79.6147,10.6534],[79.6239,10.6535],[79.6241,10.659],[79.6305,10.6591],[79.6281,10.6511],[79.6356,10.6474],[79.6343,10.6445],[79.6434,10.6448],[79.6401,10.6405],[79.6487,10.6439],[79.668,10.6348],[79.6727,10.6266],[79.6713,10.6174],[79.657,10.6145],[79.6589,10.6041],[79.6676,10.6009],[79.6697,10.5868],[79.6726,10.5877],[79.6884,10.5842],[79.6791,10.5746],[79.6686,10.5752],[79.6776,10.5676],[79.6786,10.5559],[79.6878,10.5568],[79.6895,10.5514],[79.6979,10.5497],[79.7109,10.5551],[79.7155,10.5445],[79.7251,10.5386],[79.7146,10.5308],[79.7012,10.5107],[79.6892,10.5111],[79.6988,10.4875],[79.676,10.4845],[79.6893,10.4557],[79.6738,10.4526],[79.6639,10.4456],[79.6593,10.4463],[79.6585,10.4516],[79.6299,10.4493],[79.6333,10.4207],[79.6287,10.4001],[79.6346,10.3866],[79.633,10.3618],[79.7005,10.315],[79.7103,10.2778],[79.6253,10.2966],[79.5326,10.3067],[79.5166,10.3134],[79.4723,10.3157],[79.4761,10.3506],[79.5012,10.3487],[79.5052,10.3587],[79.5041,10.3676],[79.4902,10.3713],[79.4855,10.3807],[79.4753,10.3722],[79.4674,10.3732],[79.4698,10.3833],[79.4597,10.3883],[79.4602,10.3926],[79.4764,10.3933],[79.4756,10.4011],[79.4734,10.4068],[79.4613,10.4066],[79.4648,10.4162],[79.4512,10.4298],[79.4538,10.4337],[79.4742,10.436],[79.4761,10.4499],[79.4697,10.4618],[79.4795,10.4644],[79.4822,10.4912],[79.4917,10.5176],[79.491,10.5322],[79.498,10.5346],[79.5013,10.5433],[79.4986,10.5704],[79.5037,10.5828],[79.5005,10.5874],[79.5112,10.6238],[79.5078,10.6568]]]},"properties":{"STATE":"TAMIL NADU","DISTRICT":"THIRUVARUR","AC_NAME":"THIRUTHURAIPOONDI","AC":"AC","YEAR":2026.0,"RES":"SC","ELECTORS":226940.0,"VOTERS":191030.0,"TURNOUT":84.18,"MARGIN":12922.0,"MARGIN_PERCENTAGE":6.76,"PARTY_RANK1":"CPI","PARTY_RANK2":"TVK","PARTY_RANK3":"AIADMK","PARTY_RANK4":"NTK","CANDIDATE_RANK1":"MARIMUTHU.K","CANDIDATE_RANK2":"PANDIYAN.S","CANDIDATE_RANK3":"BALATHANDAYUTHAM.U","CANDIDATE_RANK4":"VINOTHINI.R","VOTES_RANK1":74062.0,"VOTES_RANK2":61140.0,"VOTES_RANK3":43073.0,"VOTES_RANK4":10176.0,"VOTES_RANK1_PERCENTAGE":38.77,"VOTES_RANK2_PERCENTAGE":32.01,"VOTES_RANK3_PERCENTAGE":22.55,"VOTES_RANK4_PERCENTAGE":5.33,"COLOR":"#FF0001","ID":27711}},{"type":"Feature","geometry":{"type":"Polygon","coordinates":[[[79.5182,10.8312],[79.5249,10.8329],[79.5205,10.8396],[79.5288,10.8394],[79.5341,10.8331],[79.5545,10.8337],[79.5602,10.8413],[79.5664,10.8418],[79.5719,10.8354],[79.5696,10.8292],[79.5993,10.8213],[79.6125,10.7987],[79.6209,10.8107],[79.6371,10.8109],[79.6361,10.8161],[79.6459,10.8163],[79.6489,10.8101],[79.658,10.806],[79.6587,10.8174],[79.6837,10.8164],[79.6843,10.8293],[79.6904,10.8315],[79.6959,10.8324],[79.7028,10.8253],[79.7085,10.8257],[79.709,10.8294],[79.7264,10.8291],[79.7261,10.813],[79.7212,10.8087],[79.7303,10.8091],[79.7322,10.8031],[79.7254,10.7942],[79.7029,10.7806],[79.6954,10.7636],[79.6998,10.7463],[79.682,10.729],[79.6896,10.7237],[79.6882,10.7154],[79.6779,10.7155],[79.675,10.7089],[79.6721,10.7111],[79.6693,10.7078],[79.6555,10.7126],[79.6518,10.7066],[79.652,10.7023],[79.6758,10.6876],[79.6764,10.6791],[79.6657,10.6509],[79.6543,10.6577],[79.6487,10.6439],[79.6401,10.6405],[79.6434,10.6448],[79.6343,10.6445],[79.6356,10.6474],[79.6281,10.6511],[79.6305,10.6591],[79.6241,10.659],[79.6239,10.6535],[79.6147,10.6534],[79.6172,10.6453],[79.614,10.6443],[79.6102,10.6527],[79.5866,10.6482],[79.5858,10.6573],[79.5761,10.6594],[79.575,10.6664],[79.5675,10.6712],[79.5565,10.6643],[79.5433,10.6635],[79.5421,10.6597],[79.5353,10.6601],[79.5355,10.6664],[79.5304,10.6662],[79.5246,10.6526],[79.5078,10.6568],[79.4971,10.6721],[79.499,10.7162],[79.5105,10.7167],[79.5117,10.7225],[79.5178,10.7245],[79.524,10.7208],[79.5239,10.7415],[79.4993,10.7471],[79.497,10.7549],[79.4919,10.7491],[79.4639,10.7487],[79.4651,10.7884],[79.4585,10.789],[79.453,10.7758],[79.4411,10.7788],[79.4386,10.785],[79.4476,10.7824],[79.4495,10.7892],[79.4561,10.7904],[79.451,10.8044],[79.4643,10.8071],[79.4473,10.8311],[79.4537,10.8221],[79.4574,10.8265],[79.4631,10.8226],[79.4738,10.8244],[79.4741,10.8321],[79.5057,10.8252],[79.5179,10.8275],[79.5182,10.8312]]]},"properties":{"STATE":"TAMIL NADU","DISTRICT":"THIRUVARUR","AC_NAME":"THIRUVARUR","AC":"AC","YEAR":2026.0,"RES":"GEN","ELECTORS":260145.0,"VOTERS":217875.0,"TURNOUT":83.75,"MARGIN":18148.0,"MARGIN_PERCENTAGE":8.33,"PARTY_RANK1":"DMK","PARTY_RANK2":"TVK","PARTY_RANK3":"BJP","PARTY_RANK4":"NTK","CANDIDATE_RANK1":"KALAIVANAN POONDI K","CANDIDATE_RANK2":"VEERAMANI V","CANDIDATE_RANK3":"CHANDRASEKARAN GOVI","CANDIDATE_RANK4":"ASWINI B","VOTES_RANK1":93408.0,"VOTES_RANK2":75260.0,"VOTES_RANK3":36387.0,"VOTES_RANK4":10031.0,"VOTES_RANK1_PERCENTAGE":42.87,"VOTES_RANK2_PERCENTAGE":34.54,"VOTES_RANK3_PERCENTAGE":16.7,"VOTES_RANK4_PERCENTAGE":4.6,"COLOR":"#000000","ID":27714}},{"type":"Feature","geometry":{"type":"Polygon","coordinates":[[[77.8473,9.2444],[77.8554,9.2459],[77.8802,9.2453],[77.881,9.2343],[77.8864,9.2328],[77.8748,9.2265],[77.8781,9.2082],[77.9092,9.2003],[77.9198,9.2029],[77.9288,9.1877],[77.9466,9.1902],[77.9536,9.178],[77.9362,9.1662],[77.9227,9.1736],[77.9212,9.1804],[77.9124,9.1761],[77.9094,9.1806],[77.9126,9.146],[77.9223,9.1451],[77.9246,9.1297],[77.9162,9.1133],[77.9297,9.105],[77.9324,9.0857],[77.9429,9.0906],[77.9526,9.0834],[77.961,9.07],[77.9563,9.0641],[77.9565,9.0545],[77.9714,9.0555],[77.9694,9.0348],[77.9776,9.0277],[77.9676,9.0264],[77.9714,9.0236],[77.9634,9.0248],[77.9648,9.0203],[77.9607,9.0192],[77.948,9.0221],[77.936,9.0174],[77.9321,9.0018],[77.935,8.9934],[77.9201,8.9922],[77.9209,8.9867],[77.9089,8.9889],[77.9054,8.981],[77.9117,8.9745],[77.9096,8.9687],[77.8535,8.9753],[77.8534,8.9698],[77.8486,8.9691],[77.8393,8.9623],[77.8374,8.9715],[77.8312,8.9714],[77.823,8.9533],[77.8364,8.9491],[77.8346,8.9381],[77.8423,8.9351],[77.8411,8.9308],[77.8262,8.9336],[77.823,8.9314],[77.8283,8.9273],[77.8232,8.9233],[77.8013,8.916],[77.7919,8.9085],[77.7904,8.9017],[77.7855,8.9015],[77.7891,8.8853],[77.7726,8.8813],[77.7617,8.8892],[77.7615,8.9246],[77.747,8.9295],[77.7466,8.9335],[77.7371,8.932],[77.7362,8.9241],[77.6964,8.927],[77.6919,8.9366],[77.691,8.9567],[77.6811,8.9645],[77.6809,8.9716],[77.6856,8.9783],[77.6952,8.981],[77.7028,8.9692],[77.7197,8.9671],[77.7218,8.9798],[77.7289,8.9849],[77.7232,9.0015],[77.6892,9.0017],[77.6919,9.0062],[77.6872,9.0094],[77.6889,9.015],[77.6964,9.0184],[77.6926,9.031],[77.7119,9.0453],[77.7017,9.0628],[77.7046,9.0734],[77.736,9.0717],[77.7449,9.0779],[77.7403,9.105],[77.726,9.1044],[77.7224,9.1077],[77.6947,9.1013],[77.6778,9.1065],[77.6761,9.1244],[77.6725,9.1271],[77.674,9.1382],[77.6882,9.1329],[77.7004,9.1382],[77.6934,9.1447],[77.69,9.159],[77.7045,9.1657],[77.7058,9.1885],[77.7368,9.1881],[77.7384,9.1727],[77.7425,9.1726],[77.7442,9.1625],[77.786,9.1655],[77.7992,9.1707],[77.8052,9.1776],[77.8177,9.1712],[77.8414,9.1685],[77.8417,9.1854],[77.8537,9.1832],[77.856,9.1949],[77.8601,9.1966],[77.8589,9.2132],[77.8527,9.2164],[77.8473,9.2444]]]},"properties":{"STATE":"TAMIL NADU","DISTRICT":"THOOTHUKKUDI","AC_NAME":"KOVILPATTI","AC":"AC","YEAR":2026.0,"RES":"GEN","ELECTORS":242359.0,"VOTERS":194232.0,"TURNOUT":80.14,"MARGIN":843.0,"MARGIN_PERCENTAGE":0.43,"PARTY_RANK1":"DMK","PARTY_RANK2":"TVK","PARTY_RANK3":"AIADMK","PARTY_RANK4":"NTK","CANDIDATE_RANK1":"KARUNANITHI.K","CANDIDATE_RANK2":"BALASUBRAMANIAN.S","CANDIDATE_RANK3":"KADAMBUR RAJU.C","CANDIDATE_RANK4":"PANDI.P","VOTES_RANK1":61643.0,"VOTES_RANK2":60800.0,"VOTES_RANK3":53014.0,"VOTES_RANK4":11919.0,"VOTES_RANK1_PERCENTAGE":31.74,"VOTES_RANK2_PERCENTAGE":31.3,"VOTES_RANK3_PERCENTAGE":27.29,"VOTES_RANK4_PERCENTAGE":6.14,"COLOR":"#000000","ID":27608}},{"type":"Feature","geometry":{"type":"MultiPolygon","coordinates":[[[[78.2092,8.8339],[78.2047,8.8321],[78.2039,8.8373],[78.2092,8.8339]]],[[[78.2134,8.8345],[78.2081,8.8401],[78.2126,8.838],[78.2134,8.8345]]],[[[78.2257,8.8729],[78.2265,8.8664],[78.2207,8.8726],[78.2257,8.8729]]],[[[78.2231,8.8816],[78.2185,8.8799],[78.2178,8.8851],[78.2231,8.8816]]],[[[77.8374,8.9715],[77.8393,8.9623],[77.8486,8.9691],[77.851,8.952],[77.9161,8.963],[77.917,8.9354],[77.9337,8.9353],[77.9394,8.9309],[77.9401,8.9415],[77.9476,8.9502],[77.9607,8.9452],[77.9622,8.9383],[77.9836,8.9431],[77.9865,8.9323],[77.9975,8.9323],[78.0092,8.9338],[78.0099,8.9432],[78.0199,8.9453],[78.0265,8.9536],[78.0438,8.9558],[78.0685,8.949],[78.0674,8.9382],[78.0567,8.9291],[78.0609,8.9179],[78.083,8.9216],[78.0951,8.9398],[78.1019,8.9337],[78.1086,8.9338],[78.1175,8.9194],[78.1295,8.9315],[78.185,8.9104],[78.1823,8.8911],[78.1717,8.8829],[78.167,8.8412],[78.1708,8.83],[78.1666,8.8261],[78.161,8.8347],[78.1472,8.8225],[78.1306,8.817],[78.1293,8.8125],[78.1107,8.8181],[78.0918,8.8268],[78.0925,8.836],[78.0849,8.8431],[78.0701,8.81],[78.0864,8.7974],[78.0908,8.7853],[78.1051,8.7807],[78.1051,8.7674],[78.126,8.7608],[78.1162,8.7564],[78.123,8.7336],[78.1213,8.7269],[78.1143,8.7228],[78.0972,8.7296],[78.0942,8.7127],[78.0888,8.7143],[78.0827,8.7037],[78.0767,8.7072],[78.0672,8.7043],[78.0601,8.713],[78.051,8.6986],[78.0442,8.6953],[78.0433,8.6881],[78.031,8.6855],[78.0263,8.6741],[78.0122,8.6826],[77.9987,8.699],[77.9916,8.6989],[77.9931,8.6739],[78.0041,8.6669],[77.9941,8.6591],[77.991,8.6634],[77.9737,8.6598],[77.9746,8.6763],[77.9804,8.6793],[77.9681,8.6881],[77.9629,8.6892],[77.9599,8.6715],[77.9527,8.6757],[77.9463,8.6691],[77.9398,8.6754],[77.9413,8.6879],[77.8946,8.6993],[77.8925,8.6949],[77.8994,8.6887],[77.8995,8.6737],[77.8923,8.6608],[77.8782,8.6672],[77.8727,8.6629],[77.8666,8.6684],[77.8657,8.6626],[77.8536,8.667],[77.8532,8.6604],[77.8484,8.6584],[77.8443,8.667],[77.8144,8.6638],[77.8166,8.6723],[77.8253,8.6733],[77.8245,8.6808],[77.8115,8.6819],[77.8266,8.7334],[77.8168,8.7727],[77.8467,8.788],[77.8461,8.7947],[77.8525,8.803],[77.831,8.8319],[77.8197,8.8388],[77.8101,8.8731],[77.7891,8.8853],[77.7855,8.9015],[77.7904,8.9017],[77.7919,8.9085],[77.8013,8.916],[77.8232,8.9233],[77.8283,8.9273],[77.823,8.9314],[77.8262,8.9336],[77.8411,8.9308],[77.8423,8.9351],[77.8346,8.9381],[77.8364,8.9491],[77.823,8.9533],[77.8312,8.9714],[77.8374,8.9715]]]]},"properties":{"STATE":"TAMIL NADU","DISTRICT":"THOOTHUKKUDI","AC_NAME":"OTTAPIDARAM","AC":"AC","YEAR":2026.0,"RES":"SC","ELECTORS":244686.0,"VOTERS":196117.0,"TURNOUT":80.15,"MARGIN":29083.0,"MARGIN_PERCENTAGE":14.83,"PARTY_RANK1":"TVK","PARTY_RANK2":"DMK","PARTY_RANK3":"AMMK","PARTY_RANK4":"NTK","CANDIDATE_RANK1":"P .MATHANRAJA","CANDIDATE_RANK2":"P.M.RAMAJEYAM","CANDIDATE_RANK3":"R SUNDARARAJ","CANDIDATE_RANK4":"M. ANUSIYA","VOTES_RANK1":81625.0,"VOTES_RANK2":52542.0,"VOTES_RANK3":25871.0,"VOTES_RANK4":17279.0,"VOTES_RANK1_PERCENTAGE":41.62,"VOTES_RANK2_PERCENTAGE":26.79,"VOTES_RANK3_PERCENTAGE":13.19,"VOTES_RANK4_PERCENTAGE":8.81,"COLOR":null,"ID":27650}},{"type":"Feature","geometry":{"type":"Polygon","coordinates":[[[78.1599,8.7163],[78.1518,8.6972],[78.1385,8.6802],[78.1379,8.6534],[78.1306,8.6531],[78.1317,8.6574],[78.1164,8.6469],[78.1039,8.6479],[78.103,8.6357],[78.0864,8.6359],[78.0789,8.6273],[78.0589,8.6196],[78.0406,8.6213],[77.9906,8.6156],[77.9787,8.6022],[77.9751,8.6029],[77.9781,8.5929],[77.9694,8.5928],[77.9719,8.5842],[77.9674,8.5752],[77.9733,8.5753],[77.9661,8.5734],[77.9627,8.5496],[77.955,8.5499],[77.9524,8.5407],[77.9712,8.5319],[77.9704,8.5212],[77.987,8.4911],[77.984,8.4892],[77.9703,8.5069],[77.9646,8.5071],[77.9713,8.4886],[77.9672,8.4649],[77.9758,8.4646],[77.9749,8.46],[77.9635,8.4556],[77.963,8.4506],[77.9837,8.4353],[77.9855,8.4317],[77.976,8.4223],[77.9866,8.4162],[77.9856,8.4091],[77.9942,8.3933],[77.9988,8.3871],[78.0043,8.3928],[78.0085,8.3803],[78.0012,8.3702],[78.0055,8.3692],[78.0066,8.3559],[77.9735,8.3375],[77.9689,8.3405],[77.9647,8.3355],[77.9489,8.3369],[77.9131,8.3236],[77.8913,8.3256],[77.8852,8.3502],[77.8735,8.3525],[77.8624,8.3421],[77.8578,8.3446],[77.8602,8.3577],[77.8479,8.3554],[77.8492,8.3642],[77.8421,8.365],[77.8553,8.3734],[77.8539,8.3761],[77.8378,8.3802],[77.835,8.3834],[77.8579,8.3869],[77.8596,8.3926],[77.8597,8.4008],[77.8545,8.4029],[77.8493,8.4224],[77.8333,8.4325],[77.8396,8.4513],[77.8323,8.4558],[77.8417,8.4718],[77.8397,8.4848],[77.8305,8.4894],[77.8271,8.5146],[77.8143,8.5208],[77.8141,8.5297],[77.8077,8.5326],[77.8083,8.5368],[77.8177,8.5349],[77.8205,8.5421],[77.8203,8.5524],[77.8128,8.5538],[77.8152,8.5633],[77.8115,8.5646],[77.8123,8.5702],[77.807,8.5717],[77.7957,8.5657],[77.8031,8.5765],[77.7808,8.5843],[77.7879,8.6243],[77.795,8.6142],[77.8049,8.6148],[77.8059,8.6212],[77.8188,8.6329],[77.8189,8.6503],[77.807,8.6473],[77.8054,8.6515],[77.8144,8.6638],[77.8443,8.667],[77.8484,8.6584],[77.8532,8.6604],[77.8536,8.667],[77.8657,8.6626],[77.8666,8.6684],[77.8727,8.6629],[77.8782,8.6672],[77.8923,8.6608],[77.8995,8.6737],[77.8994,8.6887],[77.8925,8.6949],[77.8946,8.6993],[77.9413,8.6879],[77.9398,8.6754],[77.9463,8.6691],[77.9527,8.6757],[77.9599,8.6715],[77.9629,8.6892],[77.9681,8.6881],[77.9804,8.6793],[77.9746,8.6763],[77.9737,8.6598],[77.991,8.6634],[77.9941,8.6591],[78.0041,8.6669],[77.9931,8.6739],[77.9916,8.6989],[77.9987,8.699],[78.0122,8.6826],[78.0263,8.6741],[78.031,8.6855],[78.0433,8.6881],[78.0442,8.6953],[78.051,8.6986],[78.0601,8.713],[78.0672,8.7043],[78.0767,8.7072],[78.0827,8.7037],[78.0888,8.7143],[78.0942,8.7127],[78.1111,8.6976],[78.1184,8.7017],[78.1263,8.7002],[78.1329,8.7081],[78.1599,8.7163]]]},"properties":{"STATE":"TAMIL NADU","DISTRICT":"THOOTHUKKUDI","AC_NAME":"SRIVAIKUNTAM","AC":"AC","YEAR":2026.0,"RES":"GEN","ELECTORS":214630.0,"VOTERS":176421.0,"TURNOUT":82.2,"MARGIN":1186.0,"MARGIN_PERCENTAGE":0.67,"PARTY_RANK1":"TVK","PARTY_RANK2":"AIADMK","PARTY_RANK3":"INC","PARTY_RANK4":"NTK","CANDIDATE_RANK1":"SARAVANAN. G","CANDIDATE_RANK2":"SHANMUGANATHAN. S. P","CANDIDATE_RANK3":"OORVASI AMIRTHARAJ. S","CANDIDATE_RANK4":"SHUNMUGASUNDARAM. S","VOTES_RANK1":58814.0,"VOTES_RANK2":57628.0,"VOTES_RANK3":41277.0,"VOTES_RANK4":13153.0,"VOTES_RANK1_PERCENTAGE":33.34,"VOTES_RANK2_PERCENTAGE":32.67,"VOTES_RANK3_PERCENTAGE":23.4,"VOTES_RANK4_PERCENTAGE":7.46,"COLOR":null,"ID":27700}},{"type":"Feature","geometry":{"type":"MultiPolygon","coordinates":[[[[78.1655,8.7974],[78.165,8.798],[78.1655,8.7983],[78.1655,8.7974]]],[[[78.1107,8.8181],[78.1293,8.8125],[78.1306,8.817],[78.1472,8.8225],[78.161,8.8347],[78.1666,8.8261],[78.1682,8.8159],[78.1603,8.803],[78.1631,8.7951],[78.1606,8.7747],[78.1643,8.7741],[78.1656,8.7638],[78.1699,8.7758],[78.1691,8.7632],[78.173,8.7743],[78.1717,8.7706],[78.1765,8.7726],[78.175,8.768],[78.1783,8.7722],[78.1874,8.7706],[78.1914,8.7626],[78.197,8.7627],[78.198,8.7698],[78.1913,8.7672],[78.2015,8.7771],[78.1978,8.7868],[78.2005,8.7929],[78.2028,8.7637],[78.2018,8.7555],[78.1968,8.7572],[78.1599,8.7163],[78.1329,8.7081],[78.1263,8.7002],[78.1184,8.7017],[78.1111,8.6976],[78.0942,8.7127],[78.0972,8.7296],[78.1143,8.7228],[78.1213,8.7269],[78.123,8.7336],[78.1162,8.7564],[78.126,8.7608],[78.1051,8.7674],[78.1051,8.7807],[78.0908,8.7853],[78.0864,8.7974],[78.0701,8.81],[78.0849,8.8431],[78.0925,8.836],[78.0918,8.8268],[78.1107,8.8181]]]]},"properties":{"STATE":"TAMIL NADU","DISTRICT":"THOOTHUKKUDI","AC_NAME":"THOOTHUKKUDI","AC":"AC","YEAR":2026.0,"RES":"GEN","ELECTORS":250803.0,"VOTERS":204712.0,"TURNOUT":81.62,"MARGIN":37731.0,"MARGIN_PERCENTAGE":18.43,"PARTY_RANK1":"TVK","PARTY_RANK2":"DMK","PARTY_RANK3":"AIADMK","PARTY_RANK4":"NTK","CANDIDATE_RANK1":"SRINATH","CANDIDATE_RANK2":"P. GEETHA JEEVAN","CANDIDATE_RANK3":"CHELLAPANDIAN S.T.","CANDIDATE_RANK4":"JACOB DEVADOSS ABISHEAK R.","VOTES_RANK1":100536.0,"VOTES_RANK2":62805.0,"VOTES_RANK3":26213.0,"VOTES_RANK4":11752.0,"VOTES_RANK1_PERCENTAGE":49.11,"VOTES_RANK2_PERCENTAGE":30.68,"VOTES_RANK3_PERCENTAGE":12.8,"VOTES_RANK4_PERCENTAGE":5.74,"COLOR":null,"ID":27721}},{"type":"Feature","geometry":{"type":"Polygon","coordinates":[[[78.1317,8.6574],[78.1306,8.6531],[78.1379,8.6534],[78.135,8.6162],[78.1447,8.598],[78.1306,8.5479],[78.1433,8.5017],[78.1258,8.4747],[78.0963,8.4491],[78.0637,8.4124],[78.0567,8.3846],[78.0584,8.3779],[78.0664,8.3738],[78.0066,8.3559],[78.0055,8.3692],[78.0012,8.3702],[78.0085,8.3803],[78.0043,8.3928],[77.9988,8.3871],[77.9942,8.3933],[77.9856,8.4091],[77.9866,8.4162],[77.976,8.4223],[77.9855,8.4317],[77.9837,8.4353],[77.963,8.4506],[77.9635,8.4556],[77.9749,8.46],[77.9758,8.4646],[77.9672,8.4649],[77.9713,8.4886],[77.9646,8.5071],[77.9703,8.5069],[77.984,8.4892],[77.987,8.4911],[77.9704,8.5212],[77.9712,8.5319],[77.9524,8.5407],[77.955,8.5499],[77.9627,8.5496],[77.9661,8.5734],[77.9733,8.5753],[77.9674,8.5752],[77.9719,8.5842],[77.9694,8.5928],[77.9781,8.5929],[77.9751,8.6029],[77.9787,8.6022],[77.9906,8.6156],[78.0406,8.6213],[78.0589,8.6196],[78.0789,8.6273],[78.0864,8.6359],[78.103,8.6357],[78.1039,8.6479],[78.1164,8.6469],[78.1317,8.6574]]]},"properties":{"STATE":"TAMIL NADU","DISTRICT":"THOOTHUKKUDI","AC_NAME":"TIRUCHENDUR","AC":"AC","YEAR":2026.0,"RES":"GEN","ELECTORS":233061.0,"VOTERS":186050.0,"TURNOUT":79.83,"MARGIN":5872.0,"MARGIN_PERCENTAGE":3.16,"PARTY_RANK1":"DMK","PARTY_RANK2":"TVK","PARTY_RANK3":"BJP","PARTY_RANK4":"NTK","CANDIDATE_RANK1":"ANITHA R. RADHAKRISHNAN","CANDIDATE_RANK2":"J. MURUGAN","CANDIDATE_RANK3":"K R M RADHAKRISHNAN","CANDIDATE_RANK4":"OPHILIYA","VOTES_RANK1":72723.0,"VOTES_RANK2":66851.0,"VOTES_RANK3":34159.0,"VOTES_RANK4":9794.0,"VOTES_RANK1_PERCENTAGE":39.09,"VOTES_RANK2_PERCENTAGE":35.93,"VOTES_RANK3_PERCENTAGE":18.36,"VOTES_RANK4_PERCENTAGE":5.26,"COLOR":"#000000","ID":27725}},{"type":"Feature","geometry":{"type":"MultiPolygon","coordinates":[[[[78.2725,8.9411],[78.2722,8.9411],[78.2724,8.9417],[78.2725,8.9411]]],[[[78.2707,8.941],[78.2691,8.9368],[78.2668,8.9373],[78.2707,8.941]]],[[[78.2506,8.9511],[78.2503,8.951],[78.2501,8.9514],[78.2506,8.9511]]],[[[78.2527,8.9563],[78.2548,8.9485],[78.2512,8.9498],[78.2527,8.9563]]],[[[78.1539,9.371],[78.1686,9.369],[78.1658,9.3582],[78.1709,9.3426],[78.189,9.3318],[78.2089,9.3279],[78.2162,9.3006],[78.2337,9.2949],[78.2435,9.2971],[78.2709,9.2928],[78.2804,9.2899],[78.2808,9.2843],[78.272,9.2563],[78.2693,9.2023],[78.2959,9.205],[78.2907,9.1779],[78.2737,9.1417],[78.2951,9.1343],[78.3161,9.1329],[78.3562,9.118],[78.357,9.0987],[78.3653,9.1031],[78.3834,9.0982],[78.3853,9.0943],[78.2664,8.9977],[78.2462,8.9885],[78.22,8.9656],[78.2182,8.9684],[78.2192,8.9645],[78.1903,8.9284],[78.1933,8.9292],[78.185,8.9104],[78.1295,8.9315],[78.1175,8.9194],[78.1086,8.9338],[78.1019,8.9337],[78.0951,8.9398],[78.083,8.9216],[78.0609,8.9179],[78.0567,8.9291],[78.0674,8.9382],[78.0685,8.949],[78.0438,8.9558],[78.0265,8.9536],[78.0199,8.9453],[78.0099,8.9432],[78.0092,8.9338],[77.9975,8.9323],[77.9865,8.9323],[77.9836,8.9431],[77.9622,8.9383],[77.9607,8.9452],[77.9476,8.9502],[77.9401,8.9415],[77.9394,8.9309],[77.9337,8.9353],[77.917,8.9354],[77.9161,8.963],[77.851,8.952],[77.8486,8.9691],[77.8534,8.9698],[77.8535,8.9753],[77.9096,8.9687],[77.9117,8.9745],[77.9054,8.981],[77.9089,8.9889],[77.9209,8.9867],[77.9201,8.9922],[77.935,8.9934],[77.9321,9.0018],[77.936,9.0174],[77.948,9.0221],[77.9607,9.0192],[77.9648,9.0203],[77.9634,9.0248],[77.9714,9.0236],[77.9676,9.0264],[77.9776,9.0277],[77.9694,9.0348],[77.9714,9.0555],[77.9565,9.0545],[77.9563,9.0641],[77.961,9.07],[77.9526,9.0834],[77.9429,9.0906],[77.9324,9.0857],[77.9297,9.105],[77.9162,9.1133],[77.9246,9.1297],[77.9223,9.1451],[77.9126,9.146],[77.9094,9.1806],[77.9124,9.1761],[77.9212,9.1804],[77.9227,9.1736],[77.9362,9.1662],[77.9536,9.178],[77.9466,9.1902],[77.9288,9.1877],[77.9198,9.2029],[77.9321,9.2231],[77.945,9.2203],[77.9478,9.2308],[77.956,9.2307],[77.9567,9.2487],[77.9839,9.253],[77.9877,9.2687],[78.0084,9.2742],[78.0094,9.3078],[78.049,9.3061],[78.0482,9.3133],[78.0356,9.3236],[78.033,9.3335],[78.0416,9.3373],[78.0447,9.3454],[78.05,9.3451],[78.0534,9.3609],[78.0723,9.3633],[78.08,9.3582],[78.1329,9.3653],[78.1485,9.3728],[78.1539,9.371]]]]},"properties":{"STATE":"TAMIL NADU","DISTRICT":"THOOTHUKKUDI","AC_NAME":"VILATHIKULAM","AC":"AC","YEAR":2026.0,"RES":"GEN","ELECTORS":205465.0,"VOTERS":174814.0,"TURNOUT":85.08,"MARGIN":8228.0,"MARGIN_PERCENTAGE":4.71,"PARTY_RANK1":"DMK","PARTY_RANK2":"TVK","PARTY_RANK3":"AIADMK","PARTY_RANK4":"NTK","CANDIDATE_RANK1":"MARKANDAYAN G V","CANDIDATE_RANK2":"P. KASIRAM","CANDIDATE_RANK3":"R. SATHYA","CANDIDATE_RANK4":"BALAJI RAMACHANDRAN","VOTES_RANK1":58395.0,"VOTES_RANK2":50167.0,"VOTES_RANK3":48879.0,"VOTES_RANK4":11780.0,"VOTES_RANK1_PERCENTAGE":33.4,"VOTES_RANK2_PERCENTAGE":28.7,"VOTES_RANK3_PERCENTAGE":27.96,"VOTES_RANK4_PERCENTAGE":6.74,"COLOR":"#000000","ID":27758}},{"type":"Feature","geometry":{"type":"Polygon","coordinates":[[[78.8489,11.0902],[78.8623,11.0916],[78.8649,11.0866],[78.8733,11.0856],[78.8734,11.0965],[78.8877,11.1019],[78.916,11.0976],[78.9276,11.0901],[78.9371,11.0947],[78.9733,11.0947],[78.9844,11.0885],[78.9851,11.079],[78.9982,11.0757],[79.0017,11.0608],[79.0066,11.0564],[79.0119,11.0098],[78.9933,10.9991],[78.987,11.0015],[78.9861,10.9779],[78.9781,10.9746],[78.983,10.9654],[78.9561,10.971],[78.9444,10.9574],[78.9755,10.9406],[78.9811,10.9208],[78.988,10.9284],[79.0019,10.9222],[79.0044,10.8939],[78.9613,10.8883],[78.9609,10.895],[78.9403,10.8878],[78.9392,10.8764],[78.9244,10.867],[78.8173,10.8361],[78.8165,10.8441],[78.8016,10.8476],[78.7138,10.8602],[78.7132,10.8726],[78.7321,10.8791],[78.7214,10.8828],[78.7281,10.8845],[78.7255,10.8928],[78.7307,10.8934],[78.7283,10.9135],[78.7472,10.9014],[78.755,10.9065],[78.7562,10.9024],[78.758,10.9124],[78.767,10.9108],[78.7582,10.9263],[78.7761,10.926],[78.7779,10.9292],[78.7775,10.95],[78.7922,10.965],[78.7942,10.9981],[78.8027,11.0129],[78.8126,11.0167],[78.8075,11.021],[78.8065,11.0291],[78.8149,11.0513],[78.8094,11.0569],[78.8077,11.0806],[78.8383,11.0764],[78.8489,11.0902]]]},"properties":{"STATE":"TAMIL NADU","DISTRICT":"TIRUCHIRAPPALLI","AC_NAME":"LALGUDI","AC":"AC","YEAR":2026.0,"RES":"GEN","ELECTORS":212403.0,"VOTERS":185213.0,"TURNOUT":87.2,"MARGIN":2739.0,"MARGIN_PERCENTAGE":1.48,"PARTY_RANK1":"AIADMK","PARTY_RANK2":"TVK","PARTY_RANK3":"DMK","PARTY_RANK4":"NTK","CANDIDATE_RANK1":"LEEMAROSE MARTIN","CANDIDATE_RANK2":"KU PA KRISHNAN","CANDIDATE_RANK3":"T. PARIVALLAL","CANDIDATE_RANK4":"N. MADHAN","VOTES_RANK1":60795.0,"VOTES_RANK2":58056.0,"VOTES_RANK3":55565.0,"VOTES_RANK4":6992.0,"VOTES_RANK1_PERCENTAGE":32.82,"VOTES_RANK2_PERCENTAGE":31.35,"VOTES_RANK3_PERCENTAGE":30.0,"VOTES_RANK4_PERCENTAGE":3.78,"COLOR":"#007500","ID":27616}},{"type":"Feature","geometry":{"type":"Polygon","coordinates":[[[78.8077,11.0806],[78.8094,11.0569],[78.8149,11.0513],[78.8065,11.0291],[78.8075,11.021],[78.8126,11.0167],[78.8027,11.0129],[78.7942,10.9981],[78.7922,10.965],[78.7775,10.95],[78.7779,10.9292],[78.7761,10.926],[78.7582,10.9263],[78.767,10.9108],[78.758,10.9124],[78.7562,10.9024],[78.755,10.9065],[78.7472,10.9014],[78.7283,10.9135],[78.7307,10.8934],[78.7255,10.8928],[78.7281,10.8845],[78.7214,10.8828],[78.7321,10.8791],[78.7132,10.8726],[78.7138,10.8602],[78.6867,10.8697],[78.6861,10.8744],[78.6756,10.8785],[78.6385,10.8836],[78.6373,10.8751],[78.5774,10.8876],[78.5212,10.9082],[78.4817,10.914],[78.4876,10.9331],[78.4939,10.9364],[78.4904,10.9378],[78.5,10.9657],[78.4938,10.9716],[78.5462,10.9787],[78.5476,10.9956],[78.536,11.0052],[78.5248,11.0032],[78.5141,10.9899],[78.5011,10.9838],[78.4768,10.9894],[78.4737,10.9975],[78.4814,11.0102],[78.4743,11.0158],[78.4738,11.0228],[78.4749,11.0271],[78.4836,11.0303],[78.4755,11.0348],[78.4742,11.0409],[78.5086,11.047],[78.5131,11.0541],[78.5368,11.0505],[78.541,11.0607],[78.5468,11.05],[78.5598,11.0548],[78.5611,11.0589],[78.5665,11.0533],[78.5745,11.0544],[78.5715,11.0641],[78.576,11.0639],[78.5814,11.0718],[78.5933,11.0666],[78.6258,11.0839],[78.6496,11.0877],[78.6572,11.0868],[78.6615,11.0767],[78.6571,11.0536],[78.6715,11.0511],[78.6882,11.0318],[78.7102,11.0319],[78.7104,11.0372],[78.7181,11.0392],[78.7176,11.0557],[78.7202,11.074],[78.7427,11.0755],[78.7446,11.0794],[78.7454,11.0831],[78.7379,11.0889],[78.7352,11.1056],[78.759,11.1227],[78.7763,11.1177],[78.7769,11.1133],[78.7902,11.1166],[78.8106,11.1121],[78.8057,11.0898],[78.8077,11.0806]]]},"properties":{"STATE":"TAMIL NADU","DISTRICT":"TIRUCHIRAPPALLI","AC_NAME":"MANACHANALLUR","AC":"AC","YEAR":2026.0,"RES":"GEN","ELECTORS":236632.0,"VOTERS":209780.0,"TURNOUT":88.65,"MARGIN":12364.0,"MARGIN_PERCENTAGE":5.89,"PARTY_RANK1":"DMK","PARTY_RANK2":"TVK","PARTY_RANK3":"AIADMK","PARTY_RANK4":"NTK","CANDIDATE_RANK1":"KATHIRAVAN. S","CANDIDATE_RANK2":"V.SARAVANAN","CANDIDATE_RANK3":"R.V. BHARATHAN","CANDIDATE_RANK4":"THENMOZHI. R","VOTES_RANK1":81447.0,"VOTES_RANK2":69083.0,"VOTES_RANK3":46066.0,"VOTES_RANK4":9289.0,"VOTES_RANK1_PERCENTAGE":38.82,"VOTES_RANK2_PERCENTAGE":32.93,"VOTES_RANK3_PERCENTAGE":21.96,"VOTES_RANK4_PERCENTAGE":4.43,"COLOR":"#000000","ID":27627}},{"type":"Feature","geometry":{"type":"Polygon","coordinates":[[[78.2827,10.7459],[78.292,10.7216],[78.2893,10.7126],[78.2928,10.7019],[78.3161,10.7027],[78.3186,10.7075],[78.3276,10.7056],[78.3317,10.7092],[78.3416,10.7073],[78.3449,10.721],[78.3784,10.7263],[78.374,10.7188],[78.3974,10.6896],[78.3851,10.658],[78.3903,10.6475],[78.3872,10.6409],[78.3935,10.6302],[78.41,10.6357],[78.4209,10.649],[78.4234,10.6629],[78.4332,10.6468],[78.4281,10.6338],[78.432,10.6203],[78.4243,10.6073],[78.4328,10.6074],[78.4415,10.5913],[78.4572,10.579],[78.465,10.5774],[78.464,10.541],[78.484,10.54],[78.4901,10.527],[78.4864,10.5181],[78.4908,10.5168],[78.4906,10.5095],[78.497,10.5071],[78.4931,10.4889],[78.4967,10.4854],[78.5189,10.4835],[78.5365,10.4955],[78.5417,10.5092],[78.54,10.5146],[78.5329,10.5141],[78.5372,10.5313],[78.5446,10.5301],[78.5504,10.5152],[78.567,10.5146],[78.5689,10.5203],[78.5814,10.5227],[78.58,10.5093],[78.57,10.4898],[78.585,10.4811],[78.5887,10.4739],[78.5836,10.4412],[78.5767,10.4449],[78.5643,10.443],[78.5611,10.4314],[78.5636,10.4272],[78.5522,10.4269],[78.5525,10.4333],[78.5225,10.4372],[78.5163,10.4073],[78.5282,10.4021],[78.5297,10.3904],[78.5244,10.3781],[78.5126,10.3714],[78.5065,10.375],[78.5053,10.3763],[78.5065,10.3889],[78.4958,10.3878],[78.4911,10.3887],[78.4907,10.3956],[78.4644,10.4073],[78.4454,10.4083],[78.4384,10.3844],[78.4492,10.3754],[78.4362,10.3626],[78.4151,10.3633],[78.4084,10.3578],[78.3924,10.3544],[78.3939,10.3491],[78.4042,10.3433],[78.3921,10.318],[78.3784,10.3104],[78.3711,10.3086],[78.3744,10.3002],[78.3668,10.3014],[78.3632,10.2937],[78.3332,10.3007],[78.3385,10.3259],[78.3169,10.3487],[78.2912,10.3607],[78.2855,10.3702],[78.2791,10.3726],[78.2775,10.3829],[78.2814,10.3902],[78.2874,10.3921],[78.2881,10.4024],[78.307,10.4116],[78.3063,10.4233],[78.3145,10.4389],[78.2961,10.4501],[78.2529,10.462],[78.2453,10.4681],[78.2335,10.4701],[78.2235,10.4657],[78.2178,10.4667],[78.2137,10.4736],[78.2064,10.474],[78.1912,10.5004],[78.1734,10.5033],[78.1767,10.5172],[78.1845,10.5218],[78.1862,10.5283],[78.2148,10.5313],[78.217,10.5402],[78.2272,10.5422],[78.2424,10.5408],[78.2374,10.532],[78.2398,10.529],[78.2533,10.5367],[78.2677,10.5526],[78.2717,10.5707],[78.2624,10.5793],[78.2606,10.5975],[78.256,10.6017],[78.2632,10.6157],[78.2827,10.7459]]]},"properties":{"STATE":"TAMIL NADU","DISTRICT":"TIRUCHIRAPPALLI","AC_NAME":"MANAPPARAI","AC":"AC","YEAR":2026.0,"RES":"GEN","ELECTORS":268165.0,"VOTERS":241216.0,"TURNOUT":89.95,"MARGIN":1426.0,"MARGIN_PERCENTAGE":0.59,"PARTY_RANK1":"TVK","PARTY_RANK2":"AIADMK","PARTY_RANK3":"DMK","PARTY_RANK4":"NTK","CANDIDATE_RANK1":"R. KATHIRAVAN","CANDIDATE_RANK2":"DR. PL. VIJAYAKUMAR","CANDIDATE_RANK3":"P. ABDUL SAMED","CANDIDATE_RANK4":"M. ARUNAGIRI","VOTES_RANK1":83041.0,"VOTES_RANK2":81615.0,"VOTES_RANK3":61355.0,"VOTES_RANK4":10070.0,"VOTES_RANK1_PERCENTAGE":34.43,"VOTES_RANK2_PERCENTAGE":33.83,"VOTES_RANK3_PERCENTAGE":25.44,"VOTES_RANK4_PERCENTAGE":4.17,"COLOR":null,"ID":27629}},{"type":"Feature","geometry":{"type":"Polygon","coordinates":[[[78.4138,11.2082],[78.4187,11.2016],[78.4269,11.2073],[78.43,11.2049],[78.4343,11.1885],[78.4314,11.1794],[78.4437,11.1747],[78.4629,11.1907],[78.4641,11.1873],[78.472,11.1881],[78.4705,11.1808],[78.4835,11.1786],[78.486,11.1561],[78.4801,11.1541],[78.48,11.1432],[78.4824,11.1171],[78.4898,11.0965],[78.487,11.0897],[78.4918,11.0795],[78.4907,11.0653],[78.5138,11.0634],[78.5131,11.0541],[78.5086,11.047],[78.4742,11.0409],[78.4755,11.0348],[78.4836,11.0303],[78.4749,11.0271],[78.4738,11.0228],[78.4743,11.0158],[78.4814,11.0102],[78.4737,10.9975],[78.4768,10.9894],[78.5011,10.9838],[78.5141,10.9899],[78.5248,11.0032],[78.536,11.0052],[78.5476,10.9956],[78.5462,10.9787],[78.4938,10.9716],[78.5,10.9657],[78.4904,10.9378],[78.4939,10.9364],[78.4876,10.9331],[78.4817,10.914],[78.4651,10.9193],[78.4093,10.9571],[78.3816,10.9612],[78.308,10.9596],[78.2488,10.968],[78.2077,10.958],[78.1931,10.9651],[78.1698,10.9961],[78.1652,11.0123],[78.1948,11.022],[78.1991,11.0289],[78.1967,11.0454],[78.1816,11.0414],[78.164,11.0447],[78.1634,11.0487],[78.1824,11.0703],[78.1958,11.0643],[78.2013,11.0748],[78.2044,11.0699],[78.2199,11.0666],[78.2215,11.0573],[78.229,11.0545],[78.2366,11.0659],[78.2289,11.0855],[78.2308,11.0948],[78.2489,11.0926],[78.2558,11.0748],[78.2658,11.0703],[78.2732,11.0776],[78.2898,11.0774],[78.2948,11.0716],[78.3229,11.0594],[78.3295,11.03],[78.3444,11.0257],[78.3504,11.0485],[78.3608,11.0483],[78.3635,11.0645],[78.3515,11.0687],[78.341,11.0837],[78.3368,11.0837],[78.3414,11.0902],[78.3388,11.0948],[78.3252,11.097],[78.3273,11.1034],[78.3431,11.1124],[78.347,11.1233],[78.3459,11.1388],[78.3767,11.1345],[78.3812,11.1397],[78.378,11.1769],[78.3871,11.1774],[78.3813,11.1876],[78.411,11.1982],[78.4138,11.2082]]]},"properties":{"STATE":"TAMIL NADU","DISTRICT":"TIRUCHIRAPPALLI","AC_NAME":"MUSIRI","AC":"AC","YEAR":2026.0,"RES":"GEN","ELECTORS":214146.0,"VOTERS":189141.0,"TURNOUT":88.32,"MARGIN":17442.0,"MARGIN_PERCENTAGE":9.22,"PARTY_RANK1":"TVK","PARTY_RANK2":"DMK","PARTY_RANK3":"AIADMK","PARTY_RANK4":"NTK","CANDIDATE_RANK1":"M.VIGNESH","CANDIDATE_RANK2":"N.S.KARUNAIRAAJA","CANDIDATE_RANK3":"N.YOGANATHAN","CANDIDATE_RANK4":"G. BAKIYALAKSHMI","VOTES_RANK1":71281.0,"VOTES_RANK2":53839.0,"VOTES_RANK3":52061.0,"VOTES_RANK4":8357.0,"VOTES_RANK1_PERCENTAGE":37.69,"VOTES_RANK2_PERCENTAGE":28.47,"VOTES_RANK3_PERCENTAGE":27.52,"VOTES_RANK4_PERCENTAGE":4.42,"COLOR":null,"ID":27637}},{"type":"Feature","geometry":{"type":"Polygon","coordinates":[[[78.4651,10.9193],[78.4817,10.914],[78.5212,10.9082],[78.5774,10.8876],[78.6373,10.8751],[78.6385,10.8836],[78.6756,10.8785],[78.6861,10.8744],[78.6867,10.8697],[78.7138,10.8602],[78.8016,10.8476],[78.8165,10.8441],[78.8173,10.8361],[78.7977,10.838],[78.7761,10.832],[78.7534,10.8395],[78.7155,10.8384],[78.7066,10.8389],[78.7062,10.8424],[78.6943,10.8449],[78.684,10.8536],[78.6817,10.8377],[78.6749,10.8342],[78.6722,10.8437],[78.6651,10.8444],[78.6465,10.8338],[78.6645,10.8255],[78.6639,10.8019],[78.6583,10.7896],[78.6729,10.7853],[78.6789,10.7676],[78.6937,10.7629],[78.6911,10.7339],[78.6886,10.7277],[78.6965,10.7041],[78.6934,10.6905],[78.6826,10.6879],[78.6809,10.67],[78.6674,10.6727],[78.6631,10.6545],[78.6525,10.6592],[78.6569,10.6722],[78.6517,10.6819],[78.6582,10.7052],[78.6469,10.7038],[78.6375,10.708],[78.6274,10.7044],[78.6214,10.6762],[78.6158,10.6821],[78.6092,10.6816],[78.5914,10.6597],[78.5788,10.6646],[78.5657,10.6613],[78.5682,10.6817],[78.5508,10.6874],[78.5441,10.6757],[78.5336,10.6769],[78.5308,10.6719],[78.5262,10.6753],[78.5179,10.6697],[78.5197,10.6503],[78.5294,10.6441],[78.5274,10.6292],[78.4823,10.639],[78.4686,10.628],[78.4652,10.6175],[78.4584,10.6172],[78.4591,10.6098],[78.4475,10.6066],[78.4487,10.6002],[78.4525,10.6],[78.4524,10.5906],[78.4592,10.5896],[78.4572,10.579],[78.4415,10.5913],[78.4328,10.6074],[78.4243,10.6073],[78.432,10.6203],[78.4281,10.6338],[78.4332,10.6468],[78.4234,10.6629],[78.4209,10.649],[78.41,10.6357],[78.3935,10.6302],[78.3872,10.6409],[78.3903,10.6475],[78.3851,10.658],[78.3974,10.6896],[78.4046,10.6941],[78.4007,10.6803],[78.4069,10.6735],[78.4223,10.6716],[78.4325,10.6843],[78.4542,10.6862],[78.4596,10.6927],[78.4601,10.7038],[78.4844,10.703],[78.4872,10.6989],[78.5135,10.6949],[78.5169,10.7074],[78.5317,10.7126],[78.5441,10.7239],[78.5514,10.7226],[78.5646,10.7345],[78.5688,10.7474],[78.5625,10.7628],[78.5689,10.7776],[78.5636,10.7818],[78.5561,10.7805],[78.5581,10.787],[78.5446,10.7947],[78.5543,10.8136],[78.5759,10.8085],[78.5855,10.8247],[78.5859,10.8315],[78.5715,10.8343],[78.575,10.8446],[78.5787,10.8436],[78.5779,10.8524],[78.5583,10.864],[78.5589,10.8688],[78.5463,10.8796],[78.5091,10.8852],[78.4921,10.8937],[78.4771,10.8828],[78.468,10.8867],[78.4763,10.9095],[78.4635,10.9155],[78.4651,10.9193]]]},"properties":{"STATE":"TAMIL NADU","DISTRICT":"TIRUCHIRAPPALLI","AC_NAME":"SRIRANGAM","AC":"AC","YEAR":2026.0,"RES":"GEN","ELECTORS":287214.0,"VOTERS":254985.0,"TURNOUT":88.78,"MARGIN":33590.0,"MARGIN_PERCENTAGE":13.17,"PARTY_RANK1":"TVK","PARTY_RANK2":"DMK","PARTY_RANK3":"AIADMK","PARTY_RANK4":"NTK","CANDIDATE_RANK1":"RAMESH","CANDIDATE_RANK2":"S. DURAIRAJ","CANDIDATE_RANK3":"R.MANOHARAN","CANDIDATE_RANK4":"DHARMARAJ. M","VOTES_RANK1":103235.0,"VOTES_RANK2":69645.0,"VOTES_RANK3":65819.0,"VOTES_RANK4":11026.0,"VOTES_RANK1_PERCENTAGE":40.49,"VOTES_RANK2_PERCENTAGE":27.31,"VOTES_RANK3_PERCENTAGE":25.81,"VOTES_RANK4_PERCENTAGE":4.32,"COLOR":null,"ID":27699}},{"type":"Feature","geometry":{"type":"Polygon","coordinates":[[[78.7155,10.8384],[78.7534,10.8395],[78.7761,10.832],[78.7755,10.8275],[78.8148,10.8234],[78.8682,10.8265],[78.8618,10.8028],[78.8668,10.8026],[78.8674,10.7857],[78.8803,10.7893],[78.8737,10.762],[78.8684,10.7611],[78.8694,10.7474],[78.8649,10.7357],[78.8656,10.7219],[78.8734,10.7057],[78.8734,10.6879],[78.8198,10.6951],[78.8201,10.6874],[78.8126,10.6812],[78.8114,10.6732],[78.8027,10.6766],[78.8065,10.6794],[78.7999,10.6801],[78.7997,10.6612],[78.7944,10.6527],[78.791,10.6486],[78.7841,10.6491],[78.7646,10.6554],[78.7575,10.6529],[78.7568,10.6436],[78.7439,10.6426],[78.7358,10.6775],[78.7386,10.6837],[78.7469,10.6867],[78.7462,10.6986],[78.7418,10.6997],[78.7424,10.708],[78.7354,10.7147],[78.7105,10.7225],[78.7089,10.7328],[78.7172,10.742],[78.7189,10.7735],[78.7276,10.7775],[78.7427,10.7745],[78.7456,10.789],[78.7382,10.8006],[78.7227,10.8012],[78.7231,10.8128],[78.7069,10.814],[78.7066,10.8389],[78.7155,10.8384]]]},"properties":{"STATE":"TAMIL NADU","DISTRICT":"TIRUCHIRAPPALLI","AC_NAME":"THIRUVERUMBUR","AC":"AC","YEAR":2026.0,"RES":"GEN","ELECTORS":259701.0,"VOTERS":213583.0,"TURNOUT":82.24,"MARGIN":8705.0,"MARGIN_PERCENTAGE":4.08,"PARTY_RANK1":"TVK","PARTY_RANK2":"DMK","PARTY_RANK3":"AIADMK","PARTY_RANK4":"NTK","CANDIDATE_RANK1":"VIJAYAKUMAR (A) NAVALPATTU S. VIJI","CANDIDATE_RANK2":"ANBIL MAHESH POYYAMOZHI","CANDIDATE_RANK3":"KUMAR. P","CANDIDATE_RANK4":"RAJESSH. T","VOTES_RANK1":89837.0,"VOTES_RANK2":81132.0,"VOTES_RANK3":29473.0,"VOTES_RANK4":9311.0,"VOTES_RANK1_PERCENTAGE":42.06,"VOTES_RANK2_PERCENTAGE":37.99,"VOTES_RANK3_PERCENTAGE":13.8,"VOTES_RANK4_PERCENTAGE":4.36,"COLOR":null,"ID":27715}},{"type":"Feature","geometry":{"type":"Polygon","coordinates":[[[78.4861,11.407],[78.4963,11.4086],[78.5098,11.3962],[78.5043,11.3795],[78.5149,11.3853],[78.5236,11.3713],[78.5429,11.3693],[78.5545,11.3578],[78.5562,11.3274],[78.5529,11.3249],[78.5544,11.3181],[78.5611,11.3164],[78.5777,11.3166],[78.582,11.3298],[78.5931,11.3279],[78.6047,11.3384],[78.624,11.3361],[78.6421,11.3432],[78.6635,11.3742],[78.69,11.3808],[78.6746,11.3684],[78.6732,11.3604],[78.6603,11.3583],[78.6571,11.3471],[78.6512,11.3457],[78.6504,11.3411],[78.6343,11.3361],[78.6396,11.3264],[78.6558,11.3336],[78.662,11.3299],[78.6587,11.3184],[78.665,11.3174],[78.6759,11.3274],[78.6832,11.327],[78.686,11.3224],[78.7058,11.3253],[78.7114,11.3163],[78.7246,11.3221],[78.7385,11.2946],[78.752,11.2861],[78.7402,11.2748],[78.7298,11.2728],[78.7269,11.2614],[78.717,11.2586],[78.71,11.249],[78.7134,11.2401],[78.7027,11.2288],[78.7088,11.2277],[78.7125,11.2128],[78.6987,11.1912],[78.6758,11.1954],[78.6632,11.1748],[78.6511,11.1683],[78.652,11.1637],[78.6744,11.164],[78.6805,11.1474],[78.6809,11.1304],[78.6868,11.1291],[78.687,11.1143],[78.6982,11.092],[78.701,11.0686],[78.7097,11.0622],[78.7105,11.0565],[78.7176,11.0557],[78.7181,11.0392],[78.7104,11.0372],[78.7102,11.0319],[78.6882,11.0318],[78.6715,11.0511],[78.6571,11.0536],[78.6615,11.0767],[78.6572,11.0868],[78.6496,11.0877],[78.6258,11.0839],[78.5933,11.0666],[78.5814,11.0718],[78.576,11.0639],[78.5715,11.0641],[78.5745,11.0544],[78.5665,11.0533],[78.5611,11.0589],[78.5598,11.0548],[78.5468,11.05],[78.541,11.0607],[78.5368,11.0505],[78.5131,11.0541],[78.5138,11.0634],[78.4907,11.0653],[78.4918,11.0795],[78.487,11.0897],[78.4898,11.0965],[78.4824,11.1171],[78.48,11.1432],[78.4801,11.1541],[78.486,11.1561],[78.4835,11.1786],[78.4705,11.1808],[78.472,11.1881],[78.4641,11.1873],[78.4629,11.1907],[78.4437,11.1747],[78.4314,11.1794],[78.4343,11.1885],[78.43,11.2049],[78.4269,11.2073],[78.4187,11.2016],[78.4138,11.2082],[78.4214,11.2124],[78.4205,11.2219],[78.4393,11.259],[78.4377,11.2675],[78.447,11.2747],[78.4531,11.2986],[78.4652,11.3117],[78.4556,11.332],[78.4474,11.3318],[78.4467,11.3444],[78.457,11.3397],[78.4557,11.355],[78.4641,11.3766],[78.4695,11.3856],[78.4791,11.3875],[78.4861,11.407]]]},"properties":{"STATE":"TAMIL NADU","DISTRICT":"TIRUCHIRAPPALLI","AC_NAME":"THURAIYUR","AC":"AC","YEAR":2026.0,"RES":"SC","ELECTORS":210753.0,"VOTERS":184426.0,"TURNOUT":87.51,"MARGIN":9614.0,"MARGIN_PERCENTAGE":5.21,"PARTY_RANK1":"TVK","PARTY_RANK2":"AIADMK","PARTY_RANK3":"INC","PARTY_RANK4":"NTK","CANDIDATE_RANK1":"RAVISANKAR.M","CANDIDATE_RANK2":"E.SAROJA","CANDIDATE_RANK3":"M.LENIN PRASATH","CANDIDATE_RANK4":"S KOWSALYA","VOTES_RANK1":66263.0,"VOTES_RANK2":56649.0,"VOTES_RANK3":49222.0,"VOTES_RANK4":8436.0,"VOTES_RANK1_PERCENTAGE":35.93,"VOTES_RANK2_PERCENTAGE":30.72,"VOTES_RANK3_PERCENTAGE":26.69,"VOTES_RANK4_PERCENTAGE":4.57,"COLOR":null,"ID":27723}},{"type":"Feature","geometry":{"type":"Polygon","coordinates":[[[78.7066,10.8389],[78.7069,10.814],[78.7231,10.8128],[78.7227,10.8012],[78.7382,10.8006],[78.7456,10.789],[78.7427,10.7745],[78.7276,10.7775],[78.7189,10.7735],[78.7101,10.7815],[78.6892,10.7893],[78.6955,10.7919],[78.6887,10.7995],[78.6861,10.8301],[78.6817,10.8377],[78.684,10.8536],[78.6943,10.8449],[78.7062,10.8424],[78.7066,10.8389]]]},"properties":{"STATE":"TAMIL NADU","DISTRICT":"TIRUCHIRAPPALLI","AC_NAME":"TIRUCHIRAPPALLI (EAST)","AC":"AC","YEAR":2026.0,"RES":"GEN","ELECTORS":220240.0,"VOTERS":182493.0,"TURNOUT":82.86,"MARGIN":27416.0,"MARGIN_PERCENTAGE":15.02,"PARTY_RANK1":"TVK","PARTY_RANK2":"DMK","PARTY_RANK3":"AIADMK","PARTY_RANK4":"NTK","CANDIDATE_RANK1":"C. JOSEPH VIJAY","CANDIDATE_RANK2":"S. INIGO IRUDAYARAJ","CANDIDATE_RANK3":"G. RAJASEKARAN","CANDIDATE_RANK4":"DR.KRISHNASAMY .V","VOTES_RANK1":91381.0,"VOTES_RANK2":63965.0,"VOTES_RANK3":19715.0,"VOTES_RANK4":4790.0,"VOTES_RANK1_PERCENTAGE":50.07,"VOTES_RANK2_PERCENTAGE":35.05,"VOTES_RANK3_PERCENTAGE":10.8,"VOTES_RANK4_PERCENTAGE":2.62,"COLOR":null,"ID":27727}},{"type":"Feature","geometry":{"type":"Polygon","coordinates":[[[78.6817,10.8377],[78.6861,10.8301],[78.6887,10.7995],[78.6955,10.7919],[78.6892,10.7893],[78.7101,10.7815],[78.7189,10.7735],[78.7172,10.742],[78.7089,10.7328],[78.6911,10.7339],[78.6937,10.7629],[78.6789,10.7676],[78.6729,10.7853],[78.6583,10.7896],[78.6639,10.8019],[78.6645,10.8255],[78.6465,10.8338],[78.6651,10.8444],[78.6722,10.8437],[78.6749,10.8342],[78.6817,10.8377]]]},"properties":{"STATE":"TAMIL NADU","DISTRICT":"TIRUCHIRAPPALLI","AC_NAME":"TIRUCHIRAPPALLI (WEST)","AC":"AC","YEAR":2026.0,"RES":"GEN","ELECTORS":238980.0,"VOTERS":196347.0,"TURNOUT":82.16,"MARGIN":4786.0,"MARGIN_PERCENTAGE":2.44,"PARTY_RANK1":"DMK","PARTY_RANK2":"TVK","PARTY_RANK3":"AMMK","PARTY_RANK4":"NTK","CANDIDATE_RANK1":"K.N.NEHRU","CANDIDATE_RANK2":"G.RAMAMOORTHI","CANDIDATE_RANK3":"M.RAJASEKARAN","CANDIDATE_RANK4":"K.BHUVANESWARI","VOTES_RANK1":88235.0,"VOTES_RANK2":83449.0,"VOTES_RANK3":14136.0,"VOTES_RANK4":7470.0,"VOTES_RANK1_PERCENTAGE":44.94,"VOTES_RANK2_PERCENTAGE":42.5,"VOTES_RANK3_PERCENTAGE":7.2,"VOTES_RANK4_PERCENTAGE":3.8,"COLOR":"#000000","ID":27728}},{"type":"Feature","geometry":{"type":"Polygon","coordinates":[[[77.5939,8.9411],[77.5924,8.9069],[77.5844,8.9048],[77.5604,8.9113],[77.5678,8.8974],[77.5653,8.8935],[77.5708,8.8911],[77.566,8.879],[77.5747,8.88],[77.5785,8.872],[77.5842,8.8753],[77.5935,8.872],[77.5886,8.8274],[77.579,8.8203],[77.5746,8.8081],[77.5709,8.8119],[77.5668,8.8001],[77.5714,8.7897],[77.556,8.7876],[77.5631,8.7731],[77.5673,8.772],[77.5687,8.7633],[77.5662,8.7541],[77.5609,8.753],[77.5559,8.7446],[77.5651,8.7181],[77.5657,8.7108],[77.5612,8.7051],[77.5544,8.7057],[77.5282,8.7289],[77.5135,8.7339],[77.4918,8.7284],[77.4873,8.7319],[77.4779,8.7265],[77.4421,8.7397],[77.439,8.7483],[77.4245,8.7583],[77.4182,8.7497],[77.4079,8.7525],[77.4079,8.7457],[77.399,8.7481],[77.4022,8.7394],[77.3918,8.7458],[77.3862,8.7444],[77.385,8.7481],[77.3774,8.7472],[77.3731,8.7524],[77.3658,8.7486],[77.3633,8.7392],[77.3449,8.7424],[77.3393,8.7506],[77.3314,8.7525],[77.3252,8.7749],[77.3131,8.778],[77.3103,8.768],[77.3008,8.7739],[77.3006,8.7972],[77.3065,8.7983],[77.3077,8.8067],[77.3135,8.8047],[77.3125,8.814],[77.2922,8.8152],[77.2927,8.8286],[77.3046,8.8367],[77.2995,8.8499],[77.3081,8.8516],[77.3093,8.8564],[77.2994,8.8797],[77.3143,8.8709],[77.328,8.8748],[77.3431,8.8688],[77.3876,8.8718],[77.3873,8.8662],[77.4033,8.8618],[77.4068,8.8933],[77.3937,8.8939],[77.3957,8.9098],[77.3895,8.9137],[77.3928,8.9223],[77.3868,8.9385],[77.3955,8.9302],[77.4117,8.938],[77.4401,8.9209],[77.4404,8.9264],[77.4562,8.9255],[77.4639,8.9188],[77.4655,8.925],[77.4787,8.926],[77.4814,8.9208],[77.4773,8.9145],[77.4975,8.9139],[77.5024,8.9081],[77.5129,8.9088],[77.5138,8.9136],[77.4978,8.9217],[77.5086,8.9243],[77.5139,8.941],[77.5186,8.9258],[77.5336,8.9325],[77.5383,8.9433],[77.5939,8.9411]]]},"properties":{"STATE":"TAMIL NADU","DISTRICT":"TIRUNELVELI","AC_NAME":"ALANGULAM","AC":"AC","YEAR":2026.0,"RES":"GEN","ELECTORS":255730.0,"VOTERS":220857.0,"TURNOUT":86.36,"MARGIN":7798.0,"MARGIN_PERCENTAGE":3.53,"PARTY_RANK1":"DMK","PARTY_RANK2":"AIADMK","PARTY_RANK3":"TVK","PARTY_RANK4":"NTK","CANDIDATE_RANK1":"PAUL MANOJ PANDIAN","CANDIDATE_RANK2":"K R P PRABAKARAN","CANDIDATE_RANK3":"VIBIN CHAKKARAVARTHY","CANDIDATE_RANK4":"R PAULRAJ","VOTES_RANK1":69170.0,"VOTES_RANK2":61372.0,"VOTES_RANK3":60684.0,"VOTES_RANK4":23380.0,"VOTES_RANK1_PERCENTAGE":31.32,"VOTES_RANK2_PERCENTAGE":27.79,"VOTES_RANK3_PERCENTAGE":27.48,"VOTES_RANK4_PERCENTAGE":10.59,"COLOR":"#000000","ID":27535}},{"type":"Feature","geometry":{"type":"Polygon","coordinates":[[[77.2567,8.8782],[77.2616,8.8806],[77.2757,8.876],[77.2994,8.8797],[77.3093,8.8564],[77.3081,8.8516],[77.2995,8.8499],[77.3046,8.8367],[77.2927,8.8286],[77.2922,8.8152],[77.3125,8.814],[77.3135,8.8047],[77.3077,8.8067],[77.3065,8.7983],[77.3006,8.7972],[77.3008,8.7739],[77.3103,8.768],[77.3131,8.778],[77.3252,8.7749],[77.3314,8.7525],[77.3393,8.7506],[77.3449,8.7424],[77.3633,8.7392],[77.3658,8.7486],[77.3731,8.7524],[77.3774,8.7472],[77.385,8.7481],[77.3862,8.7444],[77.3918,8.7458],[77.4022,8.7394],[77.399,8.7481],[77.4079,8.7457],[77.4079,8.7525],[77.4182,8.7497],[77.4245,8.7583],[77.439,8.7483],[77.4421,8.7397],[77.4779,8.7265],[77.4873,8.7319],[77.4918,8.7284],[77.5135,8.7339],[77.5282,8.7289],[77.5544,8.7057],[77.5612,8.7051],[77.5782,8.7014],[77.5969,8.6888],[77.6058,8.6943],[77.6346,8.6908],[77.6573,8.6815],[77.6596,8.6543],[77.6546,8.6371],[77.6329,8.6437],[77.6197,8.6205],[77.6117,8.6235],[77.6102,8.6183],[77.6167,8.6089],[77.6001,8.6056],[77.6001,8.5974],[77.6122,8.5888],[77.6091,8.583],[77.6141,8.572],[77.602,8.5754],[77.603,8.5831],[77.5779,8.5861],[77.5564,8.5967],[77.5478,8.5941],[77.5361,8.5978],[77.502,8.5873],[77.4801,8.5856],[77.464,8.5724],[77.4378,8.5917],[77.4314,8.5686],[77.4122,8.5465],[77.4014,8.5532],[77.3849,8.5527],[77.3641,8.5304],[77.3607,8.5407],[77.3572,8.538],[77.3501,8.5427],[77.351,8.5463],[77.3475,8.5448],[77.3341,8.5532],[77.2887,8.5703],[77.2871,8.5669],[77.269,8.5789],[77.2635,8.5887],[77.2456,8.6035],[77.2458,8.6164],[77.2461,8.6209],[77.2335,8.628],[77.2297,8.6405],[77.2248,8.6394],[77.2152,8.6483],[77.2087,8.6636],[77.2013,8.6688],[77.2072,8.685],[77.195,8.7078],[77.1832,8.7169],[77.1706,8.7468],[77.1728,8.7503],[77.1785,8.7442],[77.1915,8.7425],[77.1985,8.7535],[77.1969,8.7684],[77.1998,8.77],[77.2095,8.7655],[77.218,8.7683],[77.2132,8.7791],[77.2299,8.7852],[77.2321,8.8078],[77.2469,8.8147],[77.2469,8.8235],[77.2624,8.8417],[77.2584,8.8504],[77.2613,8.8564],[77.2554,8.8608],[77.2585,8.8654],[77.2563,8.8783],[77.2567,8.8782]]]},"properties":{"STATE":"TAMIL NADU","DISTRICT":"TIRUNELVELI","AC_NAME":"AMBASAMUDRAM","AC":"AC","YEAR":2026.0,"RES":"GEN","ELECTORS":228246.0,"VOTERS":191195.0,"TURNOUT":83.77,"MARGIN":10245.0,"MARGIN_PERCENTAGE":5.36,"PARTY_RANK1":"AIADMK","PARTY_RANK2":"INC","PARTY_RANK3":"TVK","PARTY_RANK4":"NTK","CANDIDATE_RANK1":"DR.ESAKKI SUBAYA","CANDIDATE_RANK2":"V.P.DURAI","CANDIDATE_RANK3":"S.RAJAGOPAL","CANDIDATE_RANK4":"DR.V.SIVASANKARAN","VOTES_RANK1":65589.0,"VOTES_RANK2":55344.0,"VOTES_RANK3":53611.0,"VOTES_RANK4":14906.0,"VOTES_RANK1_PERCENTAGE":34.3,"VOTES_RANK2_PERCENTAGE":28.95,"VOTES_RANK3_PERCENTAGE":28.04,"VOTES_RANK4_PERCENTAGE":7.8,"COLOR":"#007500","ID":27536}},{"type":"Feature","geometry":{"type":"Polygon","coordinates":[[[77.4111,9.0874],[77.4037,9.075],[77.4028,9.0499],[77.4267,9.0528],[77.423,9.0269],[77.4182,9.0264],[77.4152,9.0162],[77.3949,8.9958],[77.387,8.9748],[77.3632,8.9838],[77.3122,8.9904],[77.3128,8.9972],[77.3062,9.002],[77.2992,8.9957],[77.2752,9.0018],[77.2708,8.997],[77.2622,8.9975],[77.2645,8.9827],[77.2836,8.9717],[77.2945,8.971],[77.2977,8.9646],[77.2841,8.9689],[77.2698,8.9579],[77.2563,8.9647],[77.2503,8.9626],[77.2447,8.9564],[77.2571,8.9573],[77.2432,8.9463],[77.2422,8.9399],[77.2292,8.9462],[77.2213,8.9275],[77.224,8.924],[77.2183,8.9183],[77.2183,8.9184],[77.1932,8.9259],[77.1971,8.9353],[77.1939,8.9435],[77.1965,8.9543],[77.1883,8.9681],[77.1782,8.9693],[77.1735,8.9915],[77.1616,8.9955],[77.1569,9.0076],[77.1494,9.0098],[77.1467,9.022],[77.1539,9.0225],[77.161,9.0293],[77.1605,9.0359],[77.168,9.0456],[77.1823,9.0475],[77.1913,9.0435],[77.1976,9.0471],[77.1968,9.0567],[77.2077,9.0722],[77.2058,9.0851],[77.2122,9.1002],[77.2261,9.1078],[77.2285,9.1169],[77.2472,9.1247],[77.253,9.1393],[77.2674,9.1542],[77.2662,9.1818],[77.2531,9.1892],[77.2567,9.1992],[77.2708,9.2023],[77.2851,9.1898],[77.3005,9.1871],[77.3114,9.1765],[77.3278,9.1845],[77.3532,9.1757],[77.3564,9.169],[77.3654,9.172],[77.3721,9.1645],[77.3975,9.164],[77.3967,9.1546],[77.427,9.1518],[77.4263,9.1338],[77.4367,9.1351],[77.4385,9.1284],[77.411,9.1215],[77.3896,9.1024],[77.3889,9.0912],[77.4092,9.0911],[77.4111,9.0874]]]},"properties":{"STATE":"TAMIL NADU","DISTRICT":"TIRUNELVELI","AC_NAME":"KADAYANALLUR","AC":"AC","YEAR":2026.0,"RES":"GEN","ELECTORS":269723.0,"VOTERS":221951.0,"TURNOUT":82.29,"MARGIN":6253.0,"MARGIN_PERCENTAGE":2.82,"PARTY_RANK1":"DMK","PARTY_RANK2":"AIADMK","PARTY_RANK3":"TVK","PARTY_RANK4":"NTK","CANDIDATE_RANK1":"RAJENDRAN. T. M","CANDIDATE_RANK2":"C. KRISHNAMURALI","CANDIDATE_RANK3":"ABDUL JALEEL. R. K","CANDIDATE_RANK4":"ABUBACKER SIDDHEEQ","VOTES_RANK1":79832.0,"VOTES_RANK2":73579.0,"VOTES_RANK3":49254.0,"VOTES_RANK4":10965.0,"VOTES_RANK1_PERCENTAGE":35.97,"VOTES_RANK2_PERCENTAGE":33.15,"VOTES_RANK3_PERCENTAGE":22.19,"VOTES_RANK4_PERCENTAGE":4.94,"COLOR":"#000000","ID":27591}},{"type":"Feature","geometry":{"type":"Polygon","coordinates":[[[77.8197,8.8388],[77.831,8.8319],[77.8525,8.803],[77.8461,8.7947],[77.8467,8.788],[77.8168,8.7727],[77.8266,8.7334],[77.8115,8.6819],[77.8245,8.6808],[77.8253,8.6733],[77.8166,8.6723],[77.8144,8.6638],[77.8054,8.6515],[77.807,8.6473],[77.8189,8.6503],[77.8188,8.6329],[77.8059,8.6212],[77.8049,8.6148],[77.795,8.6142],[77.7879,8.6243],[77.7808,8.5843],[77.8031,8.5765],[77.7957,8.5657],[77.807,8.5717],[77.8123,8.5702],[77.8115,8.5646],[77.8152,8.5633],[77.8128,8.5538],[77.8203,8.5524],[77.8205,8.5421],[77.8177,8.5349],[77.8083,8.5368],[77.8077,8.5326],[77.8141,8.5297],[77.8143,8.5208],[77.8271,8.5146],[77.8305,8.4894],[77.8397,8.4848],[77.8417,8.4718],[77.8323,8.4558],[77.8396,8.4513],[77.8333,8.4325],[77.8493,8.4224],[77.8545,8.4029],[77.8597,8.4008],[77.8596,8.3926],[77.8579,8.3869],[77.835,8.3834],[77.8378,8.3802],[77.8367,8.3727],[77.828,8.3723],[77.8279,8.367],[77.8038,8.3667],[77.8007,8.3716],[77.7767,8.3662],[77.7571,8.4044],[77.7437,8.4106],[77.7418,8.3963],[77.7258,8.4013],[77.7258,8.4091],[77.7169,8.4155],[77.7112,8.4316],[77.7039,8.4335],[77.7057,8.4401],[77.6939,8.4415],[77.6826,8.4303],[77.6588,8.432],[77.6538,8.4384],[77.6447,8.4391],[77.6456,8.4254],[77.6514,8.4196],[77.6663,8.4165],[77.667,8.4117],[77.6598,8.4094],[77.6693,8.4002],[77.6507,8.3872],[77.6492,8.3938],[77.6402,8.3896],[77.6316,8.4212],[77.628,8.4052],[77.6206,8.4062],[77.6254,8.4199],[77.6221,8.4276],[77.6173,8.4266],[77.6207,8.4206],[77.6166,8.4163],[77.5999,8.427],[77.6108,8.41],[77.594,8.4136],[77.5871,8.4201],[77.5826,8.4083],[77.5752,8.408],[77.5706,8.4157],[77.5606,8.4051],[77.5567,8.412],[77.5508,8.4115],[77.556,8.4032],[77.5447,8.3943],[77.5414,8.3604],[77.5347,8.3605],[77.5337,8.3679],[77.5416,8.3786],[77.5313,8.3924],[77.5237,8.3899],[77.5194,8.3819],[77.5075,8.3864],[77.499,8.3814],[77.4905,8.3806],[77.4885,8.3893],[77.4725,8.4014],[77.4727,8.4164],[77.4686,8.4152],[77.4633,8.4304],[77.464,8.4419],[77.4725,8.4517],[77.4637,8.4631],[77.4668,8.4687],[77.4575,8.468],[77.4458,8.4745],[77.4454,8.4849],[77.4487,8.487],[77.4463,8.4984],[77.4397,8.5057],[77.4342,8.5047],[77.4293,8.5108],[77.3902,8.5227],[77.3784,8.5225],[77.3756,8.5167],[77.3641,8.5304],[77.3849,8.5527],[77.4014,8.5532],[77.4122,8.5465],[77.4314,8.5686],[77.4378,8.5917],[77.464,8.5724],[77.4801,8.5856],[77.502,8.5873],[77.5361,8.5978],[77.5478,8.5941],[77.5564,8.5967],[77.5779,8.5861],[77.603,8.5831],[77.602,8.5754],[77.6141,8.572],[77.6091,8.583],[77.6122,8.5888],[77.6001,8.5974],[77.6001,8.6056],[77.6167,8.6089],[77.6102,8.6183],[77.6117,8.6235],[77.6197,8.6205],[77.6329,8.6437],[77.6546,8.6371],[77.6596,8.6543],[77.6573,8.6815],[77.6538,8.6926],[77.6588,8.7024],[77.6665,8.7101],[77.6788,8.7042],[77.6845,8.7139],[77.6854,8.709],[77.6915,8.7078],[77.6836,8.6977],[77.6962,8.6977],[77.7086,8.6705],[77.732,8.6694],[77.7346,8.6755],[77.7723,8.6719],[77.7766,8.6885],[77.7887,8.695],[77.7964,8.7094],[77.7826,8.7114],[77.7925,8.7322],[77.7875,8.7336],[77.7869,8.7386],[77.7773,8.7406],[77.7771,8.7442],[77.772,8.7438],[77.7625,8.7322],[77.7434,8.7486],[77.7462,8.7542],[77.7427,8.7587],[77.7676,8.7764],[77.8043,8.7833],[77.8094,8.8004],[77.8048,8.8184],[77.8063,8.8316],[77.8197,8.8388]]]},"properties":{"STATE":"TAMIL NADU","DISTRICT":"TIRUNELVELI","AC_NAME":"NANGUNERI","AC":"AC","YEAR":2026.0,"RES":"GEN","ELECTORS":257480.0,"VOTERS":209419.0,"TURNOUT":81.33,"MARGIN":16419.0,"MARGIN_PERCENTAGE":7.84,"PARTY_RANK1":"TVK","PARTY_RANK2":"INC","PARTY_RANK3":"AMMK","PARTY_RANK4":"NTK","CANDIDATE_RANK1":"REDDIARPATTI V. NARAYANAN","CANDIDATE_RANK2":"RUBY.R.MANOHARAN","CANDIDATE_RANK3":"R. ESAKKIMUTHU","CANDIDATE_RANK4":"S. SELVAM","VOTES_RANK1":74952.0,"VOTES_RANK2":58533.0,"VOTES_RANK3":38316.0,"VOTES_RANK4":17618.0,"VOTES_RANK1_PERCENTAGE":35.79,"VOTES_RANK2_PERCENTAGE":27.95,"VOTES_RANK3_PERCENTAGE":18.3,"VOTES_RANK4_PERCENTAGE":8.41,"COLOR":null,"ID":27642}},{"type":"Feature","geometry":{"type":"Polygon","coordinates":[[[77.7427,8.7587],[77.7462,8.7542],[77.7434,8.7486],[77.7625,8.7322],[77.772,8.7438],[77.7771,8.7442],[77.7773,8.7406],[77.7869,8.7386],[77.7875,8.7336],[77.7925,8.7322],[77.7826,8.7114],[77.7964,8.7094],[77.7887,8.695],[77.7766,8.6885],[77.7723,8.6719],[77.7346,8.6755],[77.732,8.6694],[77.7086,8.6705],[77.6962,8.6977],[77.6836,8.6977],[77.6915,8.7078],[77.6854,8.709],[77.6845,8.7139],[77.6907,8.7146],[77.6917,8.72],[77.7092,8.7196],[77.7222,8.7369],[77.7327,8.7402],[77.7336,8.75],[77.7427,8.7587]]]},"properties":{"STATE":"TAMIL NADU","DISTRICT":"TIRUNELVELI","AC_NAME":"PALAYAMKOTTAI","AC":"AC","YEAR":2026.0,"RES":"GEN","ELECTORS":257498.0,"VOTERS":180620.0,"TURNOUT":70.14,"MARGIN":13805.0,"MARGIN_PERCENTAGE":7.64,"PARTY_RANK1":"DMK","PARTY_RANK2":"TVK","PARTY_RANK3":"AIADMK","PARTY_RANK4":"NTK","CANDIDATE_RANK1":"M.ABDUL WAHAB","CANDIDATE_RANK2":"MARIA JOHN","CANDIDATE_RANK3":"SYED SULTHAN SAMSUDEEN","CANDIDATE_RANK4":"SANKARA NARAYANAN ALIAS SARAN","VOTES_RANK1":79744.0,"VOTES_RANK2":65939.0,"VOTES_RANK3":19732.0,"VOTES_RANK4":10465.0,"VOTES_RANK1_PERCENTAGE":44.15,"VOTES_RANK2_PERCENTAGE":36.51,"VOTES_RANK3_PERCENTAGE":10.92,"VOTES_RANK4_PERCENTAGE":5.79,"COLOR":"#000000","ID":27654}},{"type":"Feature","geometry":{"type":"Polygon","coordinates":[[[77.7112,8.4316],[77.7169,8.4155],[77.7258,8.4091],[77.7258,8.4013],[77.7418,8.3963],[77.7437,8.4106],[77.7571,8.4044],[77.7767,8.3662],[77.8007,8.3716],[77.8038,8.3667],[77.8279,8.367],[77.828,8.3723],[77.8367,8.3727],[77.8378,8.3802],[77.8539,8.3761],[77.8553,8.3734],[77.8421,8.365],[77.8492,8.3642],[77.8479,8.3554],[77.8602,8.3577],[77.8578,8.3446],[77.8624,8.3421],[77.8735,8.3525],[77.8852,8.3502],[77.8913,8.3256],[77.9131,8.3236],[77.9489,8.3369],[77.9647,8.3355],[77.9689,8.3405],[77.9735,8.3375],[77.9491,8.3116],[77.9147,8.2918],[77.8909,8.2705],[77.8411,8.2517],[77.8326,8.2291],[77.8045,8.203],[77.8057,8.1805],[77.7937,8.1623],[77.7739,8.1562],[77.758,8.1453],[77.7296,8.1641],[77.6422,8.1543],[77.6213,8.1455],[77.6049,8.1473],[77.5898,8.1403],[77.5882,8.1473],[77.582,8.1488],[77.5835,8.1547],[77.5708,8.1521],[77.5392,8.1627],[77.5384,8.1743],[77.5469,8.1797],[77.5418,8.1853],[77.5529,8.1919],[77.5455,8.1958],[77.5496,8.2057],[77.5438,8.2057],[77.5444,8.2168],[77.5499,8.2202],[77.5406,8.2216],[77.5456,8.2274],[77.5417,8.2319],[77.5453,8.2404],[77.5485,8.2448],[77.5696,8.2434],[77.5698,8.2485],[77.5767,8.2442],[77.5741,8.2554],[77.5631,8.2601],[77.5632,8.2692],[77.5583,8.2695],[77.5627,8.2754],[77.5533,8.2767],[77.5641,8.2793],[77.548,8.2961],[77.5421,8.3111],[77.5308,8.3191],[77.5346,8.3251],[77.5325,8.3357],[77.5418,8.3356],[77.5347,8.3605],[77.5414,8.3604],[77.5447,8.3943],[77.556,8.4032],[77.5508,8.4115],[77.5567,8.412],[77.5606,8.4051],[77.5706,8.4157],[77.5752,8.408],[77.5826,8.4083],[77.5871,8.4201],[77.594,8.4136],[77.6108,8.41],[77.5999,8.427],[77.6166,8.4163],[77.6207,8.4206],[77.6173,8.4266],[77.6221,8.4276],[77.6254,8.4199],[77.6206,8.4062],[77.628,8.4052],[77.6316,8.4212],[77.6402,8.3896],[77.6492,8.3938],[77.6507,8.3872],[77.6693,8.4002],[77.6598,8.4094],[77.667,8.4117],[77.6663,8.4165],[77.6514,8.4196],[77.6456,8.4254],[77.6447,8.4391],[77.6538,8.4384],[77.6588,8.432],[77.6826,8.4303],[77.6939,8.4415],[77.7057,8.4401],[77.7039,8.4335],[77.7112,8.4316]]]},"properties":{"STATE":"TAMIL NADU","DISTRICT":"TIRUNELVELI","AC_NAME":"RADHAPURAM","AC":"AC","YEAR":2026.0,"RES":"GEN","ELECTORS":247310.0,"VOTERS":199931.0,"TURNOUT":80.84,"MARGIN":12313.0,"MARGIN_PERCENTAGE":6.16,"PARTY_RANK1":"TVK","PARTY_RANK2":"DMK","PARTY_RANK3":"BJP","PARTY_RANK4":"NTK","CANDIDATE_RANK1":"DR.SATHISH CHRISTOPHER","CANDIDATE_RANK2":"APPAVU.M","CANDIDATE_RANK3":"BALAKRISHNAN.S.P","CANDIDATE_RANK4":"GIRIJA THAMARAIPANDIAN.D","VOTES_RANK1":69947.0,"VOTES_RANK2":57634.0,"VOTES_RANK3":52637.0,"VOTES_RANK4":15370.0,"VOTES_RANK1_PERCENTAGE":34.99,"VOTES_RANK2_PERCENTAGE":28.83,"VOTES_RANK3_PERCENTAGE":26.33,"VOTES_RANK4_PERCENTAGE":7.69,"COLOR":null,"ID":27675}},{"type":"Feature","geometry":{"type":"Polygon","coordinates":[[[77.8473,9.2444],[77.8527,9.2164],[77.8589,9.2132],[77.8601,9.1966],[77.856,9.1949],[77.8537,9.1832],[77.8417,9.1854],[77.8414,9.1685],[77.8177,9.1712],[77.8052,9.1776],[77.7992,9.1707],[77.786,9.1655],[77.7442,9.1625],[77.7425,9.1726],[77.7384,9.1727],[77.7368,9.1881],[77.7058,9.1885],[77.7045,9.1657],[77.69,9.159],[77.6934,9.1447],[77.7004,9.1382],[77.6882,9.1329],[77.674,9.1382],[77.6725,9.1271],[77.6761,9.1244],[77.6778,9.1065],[77.6947,9.1013],[77.7224,9.1077],[77.726,9.1044],[77.7403,9.105],[77.7449,9.0779],[77.736,9.0717],[77.7046,9.0734],[77.7017,9.0628],[77.7119,9.0453],[77.6926,9.031],[77.6964,9.0184],[77.6889,9.015],[77.6872,9.0094],[77.6919,9.0062],[77.6892,9.0017],[77.7232,9.0015],[77.7289,8.9849],[77.7218,8.9798],[77.7197,8.9671],[77.7028,8.9692],[77.6952,8.981],[77.6856,8.9783],[77.6809,8.9716],[77.6811,8.9645],[77.691,8.9567],[77.6919,8.9366],[77.6964,8.927],[77.6931,8.9168],[77.6867,8.9171],[77.6566,8.9318],[77.6552,8.9532],[77.6311,8.9494],[77.6287,8.9444],[77.6192,8.9477],[77.6125,8.95],[77.6118,8.9613],[77.5906,8.9661],[77.5846,8.9823],[77.5882,8.9866],[77.5944,8.9848],[77.6013,9.0136],[77.6228,9.0145],[77.6191,9.0328],[77.6002,9.0297],[77.5921,9.0438],[77.5872,9.0429],[77.5868,9.0538],[77.574,9.0616],[77.564,9.0598],[77.5623,9.0677],[77.5547,9.0712],[77.5547,9.0828],[77.546,9.0847],[77.5465,9.0809],[77.5352,9.0805],[77.5337,9.0878],[77.5278,9.0826],[77.5289,9.0626],[77.5234,9.0498],[77.5193,9.0458],[77.4865,9.0445],[77.4767,9.0249],[77.4459,9.0222],[77.4455,9.0256],[77.423,9.0269],[77.4267,9.0528],[77.4028,9.0499],[77.4037,9.075],[77.4111,9.0874],[77.4285,9.0876],[77.4359,9.0788],[77.4523,9.083],[77.4521,9.0943],[77.4673,9.0976],[77.4634,9.1096],[77.4761,9.1195],[77.4789,9.1426],[77.496,9.1515],[77.5041,9.1632],[77.5182,9.1657],[77.5159,9.1771],[77.5215,9.1768],[77.5178,9.1891],[77.5226,9.1904],[77.5229,9.1999],[77.5318,9.2012],[77.5327,9.2112],[77.5456,9.2114],[77.5533,9.202],[77.5636,9.2099],[77.5623,9.2185],[77.5707,9.2316],[77.5775,9.2213],[77.5821,9.2311],[77.6026,9.2374],[77.6075,9.2448],[77.604,9.2611],[77.5695,9.2598],[77.5763,9.2834],[77.552,9.285],[77.555,9.2947],[77.5601,9.296],[77.5602,9.3049],[77.5815,9.2982],[77.5859,9.3097],[77.6042,9.3067],[77.6033,9.3008],[77.6135,9.3009],[77.6245,9.2928],[77.6422,9.292],[77.6557,9.2836],[77.7117,9.2917],[77.7119,9.2873],[77.7227,9.2802],[77.7394,9.2809],[77.7414,9.265],[77.7589,9.2669],[77.7611,9.2488],[77.7693,9.242],[77.7703,9.2359],[77.7815,9.2392],[77.79,9.2579],[77.7733,9.2698],[77.7734,9.2764],[77.7962,9.2732],[77.7963,9.2564],[77.8067,9.2518],[77.8075,9.2453],[77.8473,9.2444]]]},"properties":{"STATE":"TAMIL NADU","DISTRICT":"TIRUNELVELI","AC_NAME":"SANKARANKOVIL","AC":"AC","YEAR":2026.0,"RES":"SC","ELECTORS":239035.0,"VOTERS":196480.0,"TURNOUT":82.2,"MARGIN":6489.0,"MARGIN_PERCENTAGE":3.3,"PARTY_RANK1":"AIADMK","PARTY_RANK2":"TVK","PARTY_RANK3":"INC","PARTY_RANK4":"NTK","CANDIDATE_RANK1":"DR. DHILIPAN JAISHANKAR","CANDIDATE_RANK2":"C. RAMARAJAN","CANDIDATE_RANK3":"SANGAI. GANESAN","CANDIDATE_RANK4":"M. KAVITHA","VOTES_RANK1":64865.0,"VOTES_RANK2":58376.0,"VOTES_RANK3":42567.0,"VOTES_RANK4":12767.0,"VOTES_RANK1_PERCENTAGE":33.01,"VOTES_RANK2_PERCENTAGE":29.71,"VOTES_RANK3_PERCENTAGE":21.66,"VOTES_RANK4_PERCENTAGE":6.5,"COLOR":"#007500","ID":27686}},{"type":"Feature","geometry":{"type":"Polygon","coordinates":[[[77.6192,8.9477],[77.6212,8.9385],[77.6173,8.9387],[77.6127,8.9233],[77.6093,8.9399],[77.5942,8.9442],[77.5939,8.9411],[77.5383,8.9433],[77.5336,8.9325],[77.5186,8.9258],[77.5139,8.941],[77.5086,8.9243],[77.4978,8.9217],[77.5138,8.9136],[77.5129,8.9088],[77.5024,8.9081],[77.4975,8.9139],[77.4773,8.9145],[77.4814,8.9208],[77.4787,8.926],[77.4655,8.925],[77.4639,8.9188],[77.4562,8.9255],[77.4404,8.9264],[77.4401,8.9209],[77.4117,8.938],[77.3955,8.9302],[77.3868,8.9385],[77.3928,8.9223],[77.3895,8.9137],[77.3957,8.9098],[77.3937,8.8939],[77.4068,8.8933],[77.4033,8.8618],[77.3873,8.8662],[77.3876,8.8718],[77.3431,8.8688],[77.328,8.8748],[77.3143,8.8709],[77.2994,8.8797],[77.2757,8.876],[77.2616,8.8806],[77.2567,8.8782],[77.2563,8.8783],[77.2385,8.8847],[77.2385,8.8977],[77.2216,8.9038],[77.2183,8.9182],[77.2183,8.9183],[77.224,8.924],[77.2213,8.9275],[77.2292,8.9462],[77.2422,8.9399],[77.2432,8.9463],[77.2571,8.9573],[77.2447,8.9564],[77.2503,8.9626],[77.2563,8.9647],[77.2698,8.9579],[77.2841,8.9689],[77.2977,8.9646],[77.2945,8.971],[77.2836,8.9717],[77.2645,8.9827],[77.2622,8.9975],[77.2708,8.997],[77.2752,9.0018],[77.2992,8.9957],[77.3062,9.002],[77.3128,8.9972],[77.3122,8.9904],[77.3632,8.9838],[77.387,8.9748],[77.3949,8.9958],[77.4152,9.0162],[77.4182,9.0264],[77.423,9.0269],[77.4455,9.0256],[77.4459,9.0222],[77.4767,9.0249],[77.4865,9.0445],[77.5193,9.0458],[77.5234,9.0498],[77.5289,9.0626],[77.5278,9.0826],[77.5337,9.0878],[77.5352,9.0805],[77.5465,9.0809],[77.546,9.0847],[77.5547,9.0828],[77.5547,9.0712],[77.5623,9.0677],[77.564,9.0598],[77.574,9.0616],[77.5868,9.0538],[77.5872,9.0429],[77.5921,9.0438],[77.6002,9.0297],[77.6191,9.0328],[77.6228,9.0145],[77.6013,9.0136],[77.5944,8.9848],[77.5882,8.9866],[77.5846,8.9823],[77.5906,8.9661],[77.6118,8.9613],[77.6125,8.95],[77.6192,8.9477]]]},"properties":{"STATE":"TAMIL NADU","DISTRICT":"TIRUNELVELI","AC_NAME":"TENKASI","AC":"AC","YEAR":2026.0,"RES":"GEN","ELECTORS":282002.0,"VOTERS":234987.0,"TURNOUT":83.33,"MARGIN":10299.0,"MARGIN_PERCENTAGE":4.38,"PARTY_RANK1":"DMK","PARTY_RANK2":"AIADMK","PARTY_RANK3":"TVK","PARTY_RANK4":"NTK","CANDIDATE_RANK1":"DR.KALAI KATHIRAVAN","CANDIDATE_RANK2":"S.SELVA MOHANDAS PANDIAN","CANDIDATE_RANK3":"A. RAJAPRAKASH","CANDIDATE_RANK4":"P. PUSHPALATHA","VOTES_RANK1":79699.0,"VOTES_RANK2":69400.0,"VOTES_RANK3":55543.0,"VOTES_RANK4":16394.0,"VOTES_RANK1_PERCENTAGE":33.92,"VOTES_RANK2_PERCENTAGE":29.53,"VOTES_RANK3_PERCENTAGE":23.64,"VOTES_RANK4_PERCENTAGE":6.98,"COLOR":"#000000","ID":27704}},{"type":"Feature","geometry":{"type":"Polygon","coordinates":[[[77.6552,8.9532],[77.6566,8.9318],[77.6867,8.9171],[77.6931,8.9168],[77.6964,8.927],[77.7362,8.9241],[77.7371,8.932],[77.7466,8.9335],[77.747,8.9295],[77.7615,8.9246],[77.7617,8.8892],[77.7726,8.8813],[77.7891,8.8853],[77.8101,8.8731],[77.8197,8.8388],[77.8063,8.8316],[77.8048,8.8184],[77.8094,8.8004],[77.8043,8.7833],[77.7676,8.7764],[77.7427,8.7587],[77.7336,8.75],[77.7327,8.7402],[77.7222,8.7369],[77.7092,8.7196],[77.6917,8.72],[77.6907,8.7146],[77.6845,8.7139],[77.6788,8.7042],[77.6665,8.7101],[77.6588,8.7024],[77.6538,8.6926],[77.6573,8.6815],[77.6346,8.6908],[77.6058,8.6943],[77.5969,8.6888],[77.5782,8.7014],[77.5612,8.7051],[77.5657,8.7108],[77.5651,8.7181],[77.5559,8.7446],[77.5609,8.753],[77.5662,8.7541],[77.5687,8.7633],[77.5673,8.772],[77.5631,8.7731],[77.556,8.7876],[77.5714,8.7897],[77.5668,8.8001],[77.5709,8.8119],[77.5746,8.8081],[77.579,8.8203],[77.5886,8.8274],[77.5935,8.872],[77.5842,8.8753],[77.5785,8.872],[77.5747,8.88],[77.566,8.879],[77.5708,8.8911],[77.5653,8.8935],[77.5678,8.8974],[77.5604,8.9113],[77.5844,8.9048],[77.5924,8.9069],[77.5939,8.9411],[77.5942,8.9442],[77.6093,8.9399],[77.6127,8.9233],[77.6173,8.9387],[77.6212,8.9385],[77.6192,8.9477],[77.6287,8.9444],[77.6311,8.9494],[77.6552,8.9532]]]},"properties":{"STATE":"TAMIL NADU","DISTRICT":"TIRUNELVELI","AC_NAME":"TIRUNELVELI","AC":"AC","YEAR":2026.0,"RES":"GEN","ELECTORS":276296.0,"VOTERS":218425.0,"TURNOUT":79.05,"MARGIN":11414.0,"MARGIN_PERCENTAGE":5.23,"PARTY_RANK1":"TVK","PARTY_RANK2":"DMK","PARTY_RANK3":"AIADMK","PARTY_RANK4":"NTK","CANDIDATE_RANK1":"MURUGHAN.R.S.","CANDIDATE_RANK2":"SUBRAMANIAN.S","CANDIDATE_RANK3":"THACHAI GANESARAJA","CANDIDATE_RANK4":"SATHYA. B.","VOTES_RANK1":75840.0,"VOTES_RANK2":64426.0,"VOTES_RANK3":47504.0,"VOTES_RANK4":15108.0,"VOTES_RANK1_PERCENTAGE":34.72,"VOTES_RANK2_PERCENTAGE":29.5,"VOTES_RANK3_PERCENTAGE":21.75,"VOTES_RANK4_PERCENTAGE":6.92,"COLOR":null,"ID":27731}},{"type":"Feature","geometry":{"type":"Polygon","coordinates":[[[77.5504,9.3713],[77.5544,9.3702],[77.55,9.364],[77.5602,9.3535],[77.5743,9.3539],[77.5726,9.3432],[77.5896,9.3477],[77.5913,9.3177],[77.5859,9.3097],[77.5815,9.2982],[77.5602,9.3049],[77.5601,9.296],[77.555,9.2947],[77.552,9.285],[77.5763,9.2834],[77.5695,9.2598],[77.604,9.2611],[77.6075,9.2448],[77.6026,9.2374],[77.5821,9.2311],[77.5775,9.2213],[77.5707,9.2316],[77.5623,9.2185],[77.5636,9.2099],[77.5533,9.202],[77.5456,9.2114],[77.5327,9.2112],[77.5318,9.2012],[77.5229,9.1999],[77.5226,9.1904],[77.5178,9.1891],[77.5215,9.1768],[77.5159,9.1771],[77.5182,9.1657],[77.5041,9.1632],[77.496,9.1515],[77.4789,9.1426],[77.4761,9.1195],[77.4634,9.1096],[77.4673,9.0976],[77.4521,9.0943],[77.4523,9.083],[77.4359,9.0788],[77.4285,9.0876],[77.4111,9.0874],[77.4092,9.0911],[77.3889,9.0912],[77.3896,9.1024],[77.411,9.1215],[77.4385,9.1284],[77.4367,9.1351],[77.4263,9.1338],[77.427,9.1518],[77.3967,9.1546],[77.3975,9.164],[77.3721,9.1645],[77.3654,9.172],[77.3564,9.169],[77.3532,9.1757],[77.3278,9.1845],[77.3114,9.1765],[77.3005,9.1871],[77.2851,9.1898],[77.2708,9.2023],[77.2822,9.2168],[77.2741,9.2352],[77.2799,9.2407],[77.2819,9.2731],[77.2886,9.2744],[77.2828,9.3015],[77.2933,9.3046],[77.3024,9.3195],[77.2968,9.3294],[77.3007,9.3302],[77.2997,9.3365],[77.3251,9.3371],[77.3256,9.3461],[77.3359,9.3619],[77.3343,9.3814],[77.3412,9.3897],[77.3435,9.4028],[77.3363,9.4116],[77.3392,9.4202],[77.379,9.4017],[77.3889,9.3924],[77.3972,9.3962],[77.406,9.3935],[77.4189,9.3992],[77.434,9.391],[77.4504,9.3702],[77.4466,9.366],[77.4385,9.368],[77.4368,9.3622],[77.4434,9.3625],[77.4413,9.3542],[77.468,9.3467],[77.463,9.3458],[77.4593,9.3365],[77.4647,9.3291],[77.4714,9.3287],[77.4744,9.3411],[77.4959,9.3385],[77.5002,9.333],[77.5222,9.3353],[77.5274,9.3493],[77.5192,9.3587],[77.5287,9.3608],[77.5298,9.3754],[77.5504,9.3713]]]},"properties":{"STATE":"TAMIL NADU","DISTRICT":"TIRUNELVELI","AC_NAME":"VASUDEVANALLUR","AC":"AC","YEAR":2026.0,"RES":"SC","ELECTORS":229179.0,"VOTERS":189795.0,"TURNOUT":82.82,"MARGIN":6583.0,"MARGIN_PERCENTAGE":3.47,"PARTY_RANK1":"DMK","PARTY_RANK2":"BJP","PARTY_RANK3":"TVK","PARTY_RANK4":"NTK","CANDIDATE_RANK1":"E. RAJA","CANDIDATE_RANK2":"ANANTHAN AYYASAMY","CANDIDATE_RANK3":"R. AMUTHARANI","CANDIDATE_RANK4":"ESAI MATHIVANAN","VOTES_RANK1":63045.0,"VOTES_RANK2":56462.0,"VOTES_RANK3":45862.0,"VOTES_RANK4":12856.0,"VOTES_RANK1_PERCENTAGE":33.22,"VOTES_RANK2_PERCENTAGE":29.75,"VOTES_RANK3_PERCENTAGE":24.16,"VOTES_RANK4_PERCENTAGE":6.77,"COLOR":"#000000","ID":27750}},{"type":"Feature","geometry":{"type":"Polygon","coordinates":[[[77.1416,11.3369],[77.158,11.3332],[77.1676,11.3173],[77.1825,11.3139],[77.183,11.3223],[77.1745,11.3326],[77.1787,11.3421],[77.1871,11.342],[77.1966,11.3388],[77.2181,11.3523],[77.2348,11.351],[77.2215,11.3403],[77.2345,11.3312],[77.2365,11.3141],[77.2264,11.3176],[77.2181,11.3059],[77.2042,11.31],[77.2021,11.3019],[77.2112,11.2978],[77.2171,11.2982],[77.2191,11.3038],[77.2416,11.3053],[77.2382,11.3222],[77.2477,11.325],[77.2472,11.3293],[77.2507,11.33],[77.2547,11.32],[77.2502,11.3137],[77.2536,11.3103],[77.2815,11.3344],[77.2876,11.3336],[77.2882,11.3403],[77.2921,11.3307],[77.2862,11.2927],[77.2947,11.2862],[77.3139,11.2815],[77.3074,11.2751],[77.2958,11.2727],[77.3184,11.2604],[77.3333,11.2576],[77.3353,11.2242],[77.3219,11.208],[77.3234,11.1939],[77.3173,11.1884],[77.3138,11.1761],[77.3068,11.1747],[77.307,11.1688],[77.3133,11.1709],[77.316,11.1648],[77.3098,11.1489],[77.2901,11.1418],[77.2915,11.1326],[77.2876,11.1293],[77.2958,11.109],[77.2703,11.1058],[77.2445,11.1371],[77.2361,11.1381],[77.2324,11.1281],[77.2237,11.1247],[77.1942,11.1483],[77.1899,11.1493],[77.1819,11.1365],[77.1746,11.1391],[77.1785,11.1459],[77.175,11.1547],[77.1854,11.1597],[77.1746,11.1668],[77.1612,11.1672],[77.1574,11.1972],[77.154,11.1996],[77.1401,11.1957],[77.1249,11.1991],[77.1187,11.196],[77.106,11.1731],[77.098,11.1691],[77.1151,11.1536],[77.1212,11.1251],[77.1385,11.1295],[77.1334,11.1118],[77.1125,11.1126],[77.115,11.1091],[77.0994,11.1043],[77.0884,11.1158],[77.0798,11.1114],[77.075,11.1137],[77.0766,11.1204],[77.0538,11.1252],[77.0498,11.1414],[77.0375,11.1573],[77.0269,11.1585],[77.0115,11.1731],[77.0066,11.1728],[77.0047,11.194],[77.0092,11.2093],[77.0183,11.2106],[77.0085,11.2305],[77.0157,11.24],[77.0071,11.2643],[77.0108,11.2667],[77.0202,11.2613],[77.0225,11.2733],[77.0462,11.2853],[77.0524,11.2999],[77.0451,11.3032],[77.0457,11.3226],[77.054,11.3231],[77.0633,11.3117],[77.0686,11.3152],[77.0651,11.3244],[77.0713,11.3374],[77.0805,11.3449],[77.0838,11.337],[77.0931,11.3356],[77.0899,11.3289],[77.0937,11.3186],[77.0976,11.3188],[77.1044,11.3372],[77.1261,11.3401],[77.1416,11.3369]]]},"properties":{"STATE":"TAMIL NADU","DISTRICT":"TIRUPPUR","AC_NAME":"AVANASHI","AC":"AC","YEAR":2026.0,"RES":"SC","ELECTORS":253372.0,"VOTERS":231600.0,"TURNOUT":91.41,"MARGIN":15373.0,"MARGIN_PERCENTAGE":6.64,"PARTY_RANK1":"TVK","PARTY_RANK2":"BJP","PARTY_RANK3":"DMK","PARTY_RANK4":"NTK","CANDIDATE_RANK1":"KAMALI.S","CANDIDATE_RANK2":"DR. L. MURUGAN","CANDIDATE_RANK3":"DR. GOKILAMANI.V","CANDIDATE_RANK4":"MENAKA. V","VOTES_RANK1":84209.0,"VOTES_RANK2":68836.0,"VOTES_RANK3":65530.0,"VOTES_RANK4":7704.0,"VOTES_RANK1_PERCENTAGE":36.36,"VOTES_RANK2_PERCENTAGE":29.72,"VOTES_RANK3_PERCENTAGE":28.29,"VOTES_RANK4_PERCENTAGE":3.33,"COLOR":null,"ID":27553}},{"type":"Feature","geometry":{"type":"Polygon","coordinates":[[[77.4208,10.912],[77.4319,10.9082],[77.4372,10.8901],[77.4517,10.8919],[77.4558,10.8984],[77.4863,10.9014],[77.4869,10.8833],[77.5156,10.8773],[77.5193,10.8611],[77.5389,10.8631],[77.5469,10.868],[77.5563,10.8541],[77.5609,10.8644],[77.5766,10.865],[77.5751,10.8853],[77.5681,10.8968],[77.5742,10.9061],[77.5818,10.9075],[77.5873,10.9055],[77.5901,10.8788],[77.5984,10.873],[77.6026,10.8755],[77.61,10.8722],[77.6187,10.8627],[77.6547,10.8669],[77.6689,10.8551],[77.6774,10.8564],[77.6833,10.8601],[77.6852,10.8882],[77.6934,10.8834],[77.7006,10.8862],[77.7148,10.8851],[77.7253,10.8786],[77.7334,10.8807],[77.7418,10.8701],[77.7549,10.8663],[77.7766,10.8698],[77.7841,10.8739],[77.7877,10.8864],[77.7946,10.8798],[77.796,10.8662],[77.8077,10.8585],[77.8204,10.8583],[77.8366,10.8352],[77.8463,10.8374],[77.8564,10.8494],[77.8619,10.8479],[77.8731,10.8358],[77.8757,10.8086],[77.8707,10.8011],[77.8722,10.7949],[77.8811,10.7892],[77.8918,10.7924],[77.8922,10.7739],[77.8728,10.7759],[77.8712,10.7718],[77.8549,10.784],[77.8361,10.7869],[77.8362,10.7904],[77.8284,10.7919],[77.8279,10.7977],[77.8184,10.7973],[77.7985,10.8063],[77.7936,10.7906],[77.7776,10.7903],[77.771,10.7674],[77.7972,10.7526],[77.8127,10.7587],[77.8266,10.7502],[77.8212,10.7334],[77.8248,10.7155],[77.8103,10.6999],[77.8086,10.6811],[77.7906,10.6851],[77.7668,10.6796],[77.7659,10.6751],[77.7532,10.6679],[77.7548,10.6521],[77.7442,10.6373],[77.7306,10.6305],[77.7201,10.6313],[77.7227,10.641],[77.7136,10.6415],[77.6992,10.662],[77.7092,10.6861],[77.7071,10.7091],[77.7017,10.7335],[77.6899,10.7346],[77.6649,10.7161],[77.6555,10.6732],[77.6373,10.6689],[77.5966,10.6762],[77.5857,10.6835],[77.5801,10.6792],[77.5708,10.6573],[77.5485,10.6385],[77.5428,10.6101],[77.5082,10.6071],[77.5077,10.6138],[77.5161,10.6139],[77.5066,10.6276],[77.5045,10.6426],[77.4827,10.65],[77.4748,10.6433],[77.4658,10.645],[77.4536,10.6403],[77.4462,10.6302],[77.4321,10.6317],[77.4176,10.6258],[77.4005,10.6425],[77.398,10.6544],[77.3652,10.6528],[77.3616,10.6758],[77.3527,10.6929],[77.3205,10.6867],[77.3198,10.6898],[77.3139,10.7503],[77.3006,10.7515],[77.2982,10.777],[77.2798,10.789],[77.2755,10.7917],[77.2778,10.8031],[77.2986,10.815],[77.2897,10.8326],[77.2878,10.8519],[77.2863,10.8547],[77.299,10.8583],[77.3178,10.8576],[77.3334,10.8693],[77.3461,10.8685],[77.3766,10.8802],[77.3741,10.9022],[77.3946,10.903],[77.4208,10.912]]]},"properties":{"STATE":"TAMIL NADU","DISTRICT":"TIRUPPUR","AC_NAME":"DHARAPURAM","AC":"AC","YEAR":2026.0,"RES":"SC","ELECTORS":222434.0,"VOTERS":199944.0,"TURNOUT":89.89,"MARGIN":16727.0,"MARGIN_PERCENTAGE":8.37,"PARTY_RANK1":"AIADMK","PARTY_RANK2":"DMK","PARTY_RANK3":"TVK","PARTY_RANK4":"NTK","CANDIDATE_RANK1":"SATHYABAMA.P","CANDIDATE_RANK2":"INDIRANI.T","CANDIDATE_RANK3":"GOWRI CHITRA","CANDIDATE_RANK4":"DHIVYA","VOTES_RANK1":81100.0,"VOTES_RANK2":64373.0,"VOTES_RANK3":46438.0,"VOTES_RANK4":6026.0,"VOTES_RANK1_PERCENTAGE":40.56,"VOTES_RANK2_PERCENTAGE":32.2,"VOTES_RANK3_PERCENTAGE":23.23,"VOTES_RANK4_PERCENTAGE":3.01,"COLOR":"#007500","ID":27571}},{"type":"Feature","geometry":{"type":"Polygon","coordinates":[[[77.6433,11.1903],[77.6515,11.176],[77.6455,11.16],[77.6523,11.1552],[77.6502,11.1427],[77.6585,11.122],[77.6544,11.1133],[77.6573,11.1066],[77.663,11.1014],[77.7013,11.0918],[77.711,11.0785],[77.7299,11.0776],[77.7338,11.0839],[77.7389,11.084],[77.7778,11.054],[77.7817,11.051],[77.7822,11.039],[77.7918,11.0332],[77.7897,11.019],[77.7809,10.998],[77.7586,10.9839],[77.7577,10.9792],[77.7509,10.9812],[77.7501,10.9766],[77.7526,10.9659],[77.7685,10.9666],[77.7703,10.9615],[77.7607,10.9045],[77.7715,10.8939],[77.7766,10.8698],[77.7549,10.8663],[77.7418,10.8701],[77.7334,10.8807],[77.7253,10.8786],[77.7148,10.8851],[77.7006,10.8862],[77.6934,10.8834],[77.6852,10.8882],[77.6833,10.8601],[77.6774,10.8564],[77.6689,10.8551],[77.6547,10.8669],[77.6187,10.8627],[77.61,10.8722],[77.6026,10.8755],[77.5984,10.873],[77.5901,10.8788],[77.5873,10.9055],[77.5818,10.9075],[77.5742,10.9061],[77.5681,10.8968],[77.5751,10.8853],[77.5766,10.865],[77.5609,10.8644],[77.5563,10.8541],[77.5469,10.868],[77.5389,10.8631],[77.5193,10.8611],[77.5156,10.8773],[77.4869,10.8833],[77.4863,10.9014],[77.4558,10.8984],[77.4517,10.8919],[77.4372,10.8901],[77.4319,10.9082],[77.4208,10.912],[77.4138,10.9239],[77.4177,10.9269],[77.4455,10.9439],[77.4756,10.9535],[77.4728,10.9618],[77.4759,10.9753],[77.4883,10.99],[77.4884,11.0054],[77.5013,11.013],[77.499,11.0415],[77.4759,11.0452],[77.4776,11.0572],[77.4685,11.0573],[77.4687,11.0906],[77.4535,11.0936],[77.4538,11.1201],[77.4652,11.1147],[77.4705,11.1187],[77.486,11.1172],[77.5006,11.1088],[77.5021,11.1291],[77.4934,11.1409],[77.4983,11.1454],[77.5066,11.1428],[77.5087,11.1542],[77.5136,11.1525],[77.5138,11.1588],[77.5229,11.1648],[77.5311,11.1639],[77.5341,11.1693],[77.5473,11.1698],[77.555,11.156],[77.5577,11.1611],[77.575,11.1592],[77.5758,11.1682],[77.5674,11.1867],[77.5694,11.2062],[77.5949,11.2083],[77.6032,11.2127],[77.6175,11.2037],[77.6201,11.1924],[77.6433,11.1903]]]},"properties":{"STATE":"TAMIL NADU","DISTRICT":"TIRUPPUR","AC_NAME":"KANGAYAM","AC":"AC","YEAR":2026.0,"RES":"GEN","ELECTORS":219586.0,"VOTERS":203534.0,"TURNOUT":92.69,"MARGIN":8133.0,"MARGIN_PERCENTAGE":4.0,"PARTY_RANK1":"AIADMK","PARTY_RANK2":"TVK","PARTY_RANK3":"DMK","PARTY_RANK4":"NTK","CANDIDATE_RANK1":"NSN NATARAJ","CANDIDATE_RANK2":"MANI GOUNDER","CANDIDATE_RANK3":"M.P.SAMINATHAN","CANDIDATE_RANK4":"KARMEGAN.M","VOTES_RANK1":71122.0,"VOTES_RANK2":62989.0,"VOTES_RANK3":59230.0,"VOTES_RANK4":7068.0,"VOTES_RANK1_PERCENTAGE":34.94,"VOTES_RANK2_PERCENTAGE":30.95,"VOTES_RANK3_PERCENTAGE":29.1,"VOTES_RANK4_PERCENTAGE":3.47,"COLOR":"#007500","ID":27595}},{"type":"Feature","geometry":{"type":"Polygon","coordinates":[[[77.3198,10.6898],[77.3205,10.6867],[77.3527,10.6929],[77.3616,10.6758],[77.3652,10.6528],[77.398,10.6544],[77.4005,10.6425],[77.4176,10.6258],[77.4124,10.6173],[77.4015,10.6136],[77.3944,10.6053],[77.3961,10.5981],[77.3877,10.5962],[77.3783,10.5632],[77.3681,10.5472],[77.373,10.5299],[77.3782,10.5259],[77.4053,10.5235],[77.4028,10.4983],[77.3959,10.4995],[77.3924,10.4947],[77.3776,10.4909],[77.3841,10.4725],[77.3851,10.4491],[77.3558,10.4453],[77.3443,10.4483],[77.3445,10.4543],[77.3329,10.4557],[77.3229,10.449],[77.3271,10.4358],[77.3205,10.4345],[77.3231,10.4236],[77.3192,10.4177],[77.3133,10.3718],[77.3156,10.3549],[77.3365,10.3551],[77.3299,10.3412],[77.3298,10.3349],[77.3348,10.3323],[77.3263,10.3215],[77.3298,10.3099],[77.3417,10.3013],[77.3419,10.2952],[77.3479,10.2897],[77.351,10.2742],[77.3484,10.2636],[77.3425,10.2625],[77.3249,10.2703],[77.3107,10.2461],[77.3036,10.2458],[77.2962,10.2525],[77.2881,10.2317],[77.2694,10.2371],[77.2593,10.2302],[77.2569,10.2592],[77.2629,10.2639],[77.2278,10.3164],[77.2291,10.3306],[77.2363,10.3397],[77.2358,10.3522],[77.1765,10.3581],[77.1205,10.3181],[77.1016,10.3156],[77.0959,10.3091],[77.0931,10.3115],[77.0895,10.3239],[77.0837,10.3219],[77.0858,10.3271],[77.0804,10.3354],[77.0902,10.3507],[77.0883,10.3722],[77.0701,10.3944],[77.0518,10.4078],[77.0417,10.4236],[77.0746,10.4621],[77.0606,10.4746],[77.0791,10.5039],[77.0785,10.5136],[77.0739,10.5149],[77.0766,10.5293],[77.0738,10.5412],[77.0767,10.56],[77.0844,10.5628],[77.0807,10.5666],[77.0894,10.5842],[77.1562,10.5825],[77.1666,10.5928],[77.1797,10.6419],[77.1992,10.6355],[77.2055,10.6383],[77.2264,10.6358],[77.2217,10.5802],[77.2242,10.5771],[77.2354,10.5807],[77.2327,10.564],[77.2375,10.5487],[77.252,10.531],[77.2589,10.543],[77.257,10.5718],[77.274,10.5732],[77.2769,10.5879],[77.2866,10.5902],[77.2872,10.611],[77.3087,10.6141],[77.3101,10.6381],[77.3036,10.6583],[77.3198,10.6898]]]},"properties":{"STATE":"TAMIL NADU","DISTRICT":"TIRUPPUR","AC_NAME":"MADATHUKULAM","AC":"AC","YEAR":2026.0,"RES":"GEN","ELECTORS":214837.0,"VOTERS":188249.0,"TURNOUT":87.62,"MARGIN":15968.0,"MARGIN_PERCENTAGE":8.48,"PARTY_RANK1":"DMK","PARTY_RANK2":"AMMK","PARTY_RANK3":"TVK","PARTY_RANK4":"NTK","CANDIDATE_RANK1":"R JAYARAMAKRISHNAN","CANDIDATE_RANK2":"C SHANMUGAVELU","CANDIDATE_RANK3":"R THIRUMALAI","CANDIDATE_RANK4":"M RADHAMANI","VOTES_RANK1":70458.0,"VOTES_RANK2":54490.0,"VOTES_RANK3":52684.0,"VOTES_RANK4":6578.0,"VOTES_RANK1_PERCENTAGE":37.43,"VOTES_RANK2_PERCENTAGE":28.95,"VOTES_RANK3_PERCENTAGE":27.99,"VOTES_RANK4_PERCENTAGE":3.49,"COLOR":"#000000","ID":27617}},{"type":"Feature","geometry":{"type":"Polygon","coordinates":[[[77.4023,11.1221],[77.4265,11.1295],[77.4538,11.1201],[77.4535,11.0936],[77.4687,11.0906],[77.4685,11.0573],[77.4776,11.0572],[77.4759,11.0452],[77.499,11.0415],[77.5013,11.013],[77.4884,11.0054],[77.4883,10.99],[77.4759,10.9753],[77.4728,10.9618],[77.4756,10.9535],[77.4455,10.9439],[77.4177,10.9269],[77.4138,10.9239],[77.4208,10.912],[77.3946,10.903],[77.3741,10.9022],[77.3766,10.8802],[77.3461,10.8685],[77.3334,10.8693],[77.3178,10.8576],[77.299,10.8583],[77.2863,10.8547],[77.2878,10.8519],[77.2665,10.8592],[77.2579,10.8964],[77.2294,10.9111],[77.2184,10.9063],[77.2061,10.9101],[77.2007,10.9226],[77.1808,10.9251],[77.1783,10.9446],[77.1566,10.9953],[77.1688,11.0074],[77.1529,11.0349],[77.1454,11.0385],[77.1464,11.0513],[77.1672,11.0654],[77.1657,11.0582],[77.1739,11.0507],[77.2357,11.067],[77.2398,11.072],[77.2423,11.1025],[77.2519,11.1065],[77.2703,11.1058],[77.2958,11.109],[77.313,11.1058],[77.331,11.0998],[77.3276,11.0841],[77.3575,11.0795],[77.3694,11.0812],[77.3748,11.0906],[77.3856,11.0862],[77.3976,11.0901],[77.4052,11.0816],[77.4036,11.0749],[77.419,11.0689],[77.4312,11.0763],[77.4351,11.0929],[77.4201,11.1038],[77.4035,11.1084],[77.4023,11.1221]]]},"properties":{"STATE":"TAMIL NADU","DISTRICT":"TIRUPPUR","AC_NAME":"PALLADAM","AC":"AC","YEAR":2026.0,"RES":"GEN","ELECTORS":329875.0,"VOTERS":301014.0,"TURNOUT":91.25,"MARGIN":37897.0,"MARGIN_PERCENTAGE":12.59,"PARTY_RANK1":"TVK","PARTY_RANK2":"AIADMK","PARTY_RANK3":"DMK","PARTY_RANK4":"NTK","CANDIDATE_RANK1":"K.RAMKUMAR","CANDIDATE_RANK2":"K.P.PARAMASIVAM","CANDIDATE_RANK3":"K.SELVARAJ","CANDIDATE_RANK4":"K.V.THAMILINIYAN","VOTES_RANK1":121297.0,"VOTES_RANK2":83400.0,"VOTES_RANK3":78625.0,"VOTES_RANK4":13141.0,"VOTES_RANK1_PERCENTAGE":40.3,"VOTES_RANK2_PERCENTAGE":27.71,"VOTES_RANK3_PERCENTAGE":26.12,"VOTES_RANK4_PERCENTAGE":4.37,"COLOR":null,"ID":27655}},{"type":"Feature","geometry":{"type":"Polygon","coordinates":[[[77.3333,11.2576],[77.3364,11.2576],[77.3347,11.2635],[77.3413,11.2675],[77.3483,11.2881],[77.3447,11.3007],[77.3345,11.3061],[77.3334,11.3168],[77.3636,11.3173],[77.3638,11.302],[77.377,11.2955],[77.3901,11.2574],[77.3858,11.2566],[77.3822,11.2391],[77.3732,11.2376],[77.3737,11.2238],[77.3799,11.2221],[77.3848,11.2066],[77.4055,11.1995],[77.401,11.1571],[77.3909,11.1586],[77.3964,11.1359],[77.3768,11.1353],[77.3516,11.1421],[77.3553,11.1325],[77.3494,11.13],[77.3257,11.1323],[77.3217,11.1302],[77.3246,11.1225],[77.3106,11.1203],[77.313,11.1058],[77.2958,11.109],[77.2876,11.1293],[77.2915,11.1326],[77.2901,11.1418],[77.3098,11.1489],[77.316,11.1648],[77.3133,11.1709],[77.307,11.1688],[77.3068,11.1747],[77.3138,11.1761],[77.3173,11.1884],[77.3234,11.1939],[77.3219,11.208],[77.3353,11.2242],[77.3333,11.2576]]]},"properties":{"STATE":"TAMIL NADU","DISTRICT":"TIRUPPUR","AC_NAME":"TIRUPPUR (NORTH)","AC":"AC","YEAR":2026.0,"RES":"GEN","ELECTORS":315863.0,"VOTERS":263457.0,"TURNOUT":83.41,"MARGIN":69992.0,"MARGIN_PERCENTAGE":26.57,"PARTY_RANK1":"TVK","PARTY_RANK2":"AIADMK","PARTY_RANK3":"CPI","PARTY_RANK4":"NTK","CANDIDATE_RANK1":"V.SATHYABAMA","CANDIDATE_RANK2":"M.S.M.ANANDAN","CANDIDATE_RANK3":"M.RAVI ALIAS M.SUBRAMANIAN","CANDIDATE_RANK4":"R.ABINAYA","VOTES_RANK1":131401.0,"VOTES_RANK2":61409.0,"VOTES_RANK3":53964.0,"VOTES_RANK4":13157.0,"VOTES_RANK1_PERCENTAGE":49.88,"VOTES_RANK2_PERCENTAGE":23.31,"VOTES_RANK3_PERCENTAGE":20.48,"VOTES_RANK4_PERCENTAGE":4.99,"COLOR":null,"ID":27734}},{"type":"Feature","geometry":{"type":"Polygon","coordinates":[[[77.3768,11.1353],[77.3772,11.1268],[77.3921,11.1189],[77.4023,11.1221],[77.4035,11.1084],[77.4201,11.1038],[77.4351,11.0929],[77.4312,11.0763],[77.419,11.0689],[77.4036,11.0749],[77.4052,11.0816],[77.3976,11.0901],[77.3856,11.0862],[77.3748,11.0906],[77.3694,11.0812],[77.3575,11.0795],[77.3276,11.0841],[77.331,11.0998],[77.313,11.1058],[77.3106,11.1203],[77.3246,11.1225],[77.3217,11.1302],[77.3257,11.1323],[77.3494,11.13],[77.3553,11.1325],[77.3516,11.1421],[77.3768,11.1353]]]},"properties":{"STATE":"TAMIL NADU","DISTRICT":"TIRUPPUR","AC_NAME":"TIRUPPUR (SOUTH)","AC":"AC","YEAR":2026.0,"RES":"GEN","ELECTORS":197104.0,"VOTERS":179814.0,"TURNOUT":91.23,"MARGIN":12901.0,"MARGIN_PERCENTAGE":7.17,"PARTY_RANK1":"TVK","PARTY_RANK2":"DMK","PARTY_RANK3":"BJP","PARTY_RANK4":"NTK","CANDIDATE_RANK1":"BALAMURUGAN. S","CANDIDATE_RANK2":"DINESHKUMAR. N","CANDIDATE_RANK3":"THANGARAJ. S","CANDIDATE_RANK4":"DINESH. P.N","VOTES_RANK1":73793.0,"VOTES_RANK2":60892.0,"VOTES_RANK3":34617.0,"VOTES_RANK4":6956.0,"VOTES_RANK1_PERCENTAGE":41.04,"VOTES_RANK2_PERCENTAGE":33.86,"VOTES_RANK3_PERCENTAGE":19.25,"VOTES_RANK4_PERCENTAGE":3.87,"COLOR":null,"ID":27735}},{"type":"Feature","geometry":{"type":"Polygon","coordinates":[[[77.2026,10.8023],[77.2139,10.8041],[77.2078,10.7903],[77.2329,10.7759],[77.2798,10.789],[77.2982,10.777],[77.3006,10.7515],[77.3139,10.7503],[77.3198,10.6898],[77.3036,10.6583],[77.3101,10.6381],[77.3087,10.6141],[77.2872,10.611],[77.2866,10.5902],[77.2769,10.5879],[77.274,10.5732],[77.257,10.5718],[77.2589,10.543],[77.252,10.531],[77.2375,10.5487],[77.2327,10.564],[77.2354,10.5807],[77.2242,10.5771],[77.2217,10.5802],[77.2264,10.6358],[77.2055,10.6383],[77.1992,10.6355],[77.1797,10.6419],[77.1666,10.5928],[77.1562,10.5825],[77.0894,10.5842],[77.0845,10.596],[77.0762,10.599],[77.0734,10.5798],[77.0677,10.5756],[77.0645,10.5872],[77.0428,10.5891],[77.0367,10.5956],[77.0309,10.5815],[77.0228,10.5813],[77.0212,10.585],[77.0174,10.5798],[77.0018,10.5793],[77.0011,10.5842],[76.9933,10.5871],[76.9952,10.6066],[76.9882,10.6189],[76.9904,10.6251],[76.9703,10.621],[76.9676,10.6288],[76.9718,10.6343],[76.959,10.6423],[76.9552,10.6438],[76.9566,10.648],[76.9631,10.6494],[76.9669,10.6568],[76.9615,10.6664],[76.963,10.6757],[76.9667,10.671],[76.9724,10.6735],[76.9819,10.6678],[76.9851,10.6691],[76.9824,10.6748],[76.9924,10.6717],[76.9889,10.6694],[76.9867,10.6468],[76.9924,10.6505],[77.0214,10.6404],[77.0256,10.6575],[77.0473,10.6603],[77.0559,10.6467],[77.068,10.6631],[77.0749,10.6655],[77.0719,10.6809],[77.0668,10.6863],[77.0766,10.6871],[77.0711,10.7129],[77.0784,10.7268],[77.1388,10.7314],[77.1321,10.7535],[77.1364,10.7546],[77.1425,10.7679],[77.152,10.7651],[77.1553,10.7723],[77.1525,10.7794],[77.1589,10.7789],[77.1574,10.7945],[77.1678,10.7999],[77.1827,10.7982],[77.2026,10.8023]]]},"properties":{"STATE":"TAMIL NADU","DISTRICT":"TIRUPPUR","AC_NAME":"UDUMALAIPETTAI","AC":"AC","YEAR":2026.0,"RES":"GEN","ELECTORS":231009.0,"VOTERS":203575.0,"TURNOUT":88.12,"MARGIN":2882.0,"MARGIN_PERCENTAGE":1.42,"PARTY_RANK1":"DMK","PARTY_RANK2":"AIADMK","PARTY_RANK3":"TVK","PARTY_RANK4":"NTK","CANDIDATE_RANK1":"JAYAKUMAR M.","CANDIDATE_RANK2":"RADHAKRISHNAN K.","CANDIDATE_RANK3":"SANKAR K.","CANDIDATE_RANK4":"RAM KUMAR M.","VOTES_RANK1":68549.0,"VOTES_RANK2":65667.0,"VOTES_RANK3":59831.0,"VOTES_RANK4":6702.0,"VOTES_RANK1_PERCENTAGE":33.67,"VOTES_RANK2_PERCENTAGE":32.26,"VOTES_RANK3_PERCENTAGE":29.39,"VOTES_RANK4_PERCENTAGE":3.29,"COLOR":"#000000","ID":27741}},{"type":"Feature","geometry":{"type":"Polygon","coordinates":[[[79.1096,12.7591],[79.1327,12.7617],[79.1595,12.7522],[79.1614,12.7725],[79.1634,12.7656],[79.1728,12.7597],[79.1737,12.7424],[79.1907,12.7486],[79.2068,12.7416],[79.2141,12.7601],[79.2094,12.7852],[79.2196,12.7925],[79.2385,12.7973],[79.2406,12.8083],[79.251,12.807],[79.2551,12.8123],[79.25,12.8132],[79.2505,12.8229],[79.2564,12.8224],[79.2619,12.8188],[79.2602,12.8078],[79.2646,12.8058],[79.2616,12.7949],[79.2796,12.7875],[79.2771,12.7845],[79.2873,12.779],[79.2834,12.7639],[79.2892,12.7528],[79.2971,12.7476],[79.3098,12.7468],[79.311,12.7421],[79.3223,12.7438],[79.3436,12.7295],[79.3463,12.7101],[79.3387,12.701],[79.3442,12.6999],[79.3448,12.6944],[79.3571,12.6981],[79.3545,12.7129],[79.3577,12.7196],[79.3658,12.7152],[79.3665,12.7206],[79.379,12.7264],[79.3792,12.7339],[79.3898,12.7331],[79.3896,12.7286],[79.3954,12.7268],[79.3927,12.7136],[79.381,12.7092],[79.3947,12.6902],[79.3559,12.6733],[79.3544,12.668],[79.3591,12.6672],[79.3631,12.6575],[79.3543,12.6495],[79.3572,12.6408],[79.3806,12.6278],[79.4076,12.6489],[79.4097,12.6563],[79.4269,12.6595],[79.4335,12.6401],[79.4403,12.6441],[79.4384,12.6351],[79.451,12.6255],[79.4446,12.6211],[79.4435,12.6102],[79.4578,12.6028],[79.4621,12.5959],[79.4598,12.5915],[79.4484,12.5789],[79.4431,12.5783],[79.4247,12.5823],[79.4209,12.587],[79.4238,12.5943],[79.4088,12.5946],[79.4034,12.5874],[79.3877,12.5912],[79.3811,12.6031],[79.381,12.6131],[79.362,12.6008],[79.3509,12.599],[79.3439,12.6047],[79.3471,12.6091],[79.3386,12.6124],[79.3286,12.5936],[79.3285,12.5828],[79.301,12.5496],[79.301,12.5439],[79.3135,12.5411],[79.3066,12.5018],[79.3136,12.4989],[79.3239,12.5084],[79.3255,12.4988],[79.3158,12.4869],[79.2932,12.4863],[79.2888,12.4896],[79.2936,12.5048],[79.2865,12.5098],[79.27,12.509],[79.2649,12.5071],[79.2627,12.4912],[79.2455,12.4863],[79.2393,12.5004],[79.2395,12.5198],[79.2489,12.5221],[79.2513,12.5148],[79.2638,12.5104],[79.2772,12.531],[79.292,12.527],[79.2908,12.5511],[79.2837,12.5587],[79.2593,12.5586],[79.2501,12.5729],[79.2438,12.5951],[79.2359,12.599],[79.2365,12.6069],[79.2264,12.6225],[79.2435,12.643],[79.2415,12.6475],[79.2225,12.6566],[79.2061,12.6563],[79.212,12.6626],[79.21,12.6655],[79.1902,12.6633],[79.1968,12.6737],[79.2086,12.675],[79.2175,12.6847],[79.2069,12.6933],[79.2007,12.687],[79.1893,12.6851],[79.1895,12.6768],[79.1669,12.668],[79.1616,12.6678],[79.1662,12.675],[79.1617,12.6806],[79.1307,12.6773],[79.1329,12.6871],[79.1418,12.6974],[79.1426,12.7236],[79.129,12.7288],[79.1271,12.7373],[79.1193,12.7441],[79.1113,12.745],[79.1096,12.7591]]]},"properties":{"STATE":"TAMIL NADU","DISTRICT":"TIRUVANNAMALAI","AC_NAME":"ARANI","AC":"AC","YEAR":2026.0,"RES":"GEN","ELECTORS":256474.0,"VOTERS":230162.0,"TURNOUT":89.74,"MARGIN":5631.0,"MARGIN_PERCENTAGE":2.45,"PARTY_RANK1":"AIADMK","PARTY_RANK2":"DMK","PARTY_RANK3":"TVK","PARTY_RANK4":"NTK","CANDIDATE_RANK1":"JAYASUDHA. L","CANDIDATE_RANK2":"MAHALAKSHMI GOVARTHANAN","CANDIDATE_RANK3":"VENKATESH KUMAR. D","CANDIDATE_RANK4":"DHAVAMANI. R","VOTES_RANK1":76735.0,"VOTES_RANK2":71104.0,"VOTES_RANK3":70857.0,"VOTES_RANK4":6888.0,"VOTES_RANK1_PERCENTAGE":33.34,"VOTES_RANK2_PERCENTAGE":30.89,"VOTES_RANK3_PERCENTAGE":30.79,"VOTES_RANK4_PERCENTAGE":2.99,"COLOR":"#007500","ID":27544}},{"type":"Feature","geometry":{"type":"Polygon","coordinates":[[[78.8366,12.5816],[78.8495,12.5794],[78.8615,12.5851],[78.8718,12.5825],[78.8959,12.5555],[78.8925,12.5351],[78.8965,12.5202],[78.8819,12.503],[78.8747,12.4694],[78.894,12.4406],[78.8761,12.4234],[78.8941,12.3967],[78.8954,12.3773],[78.8771,12.3665],[78.8673,12.3729],[78.8675,12.3584],[78.8512,12.3465],[78.8492,12.3311],[78.834,12.3266],[78.833,12.3078],[78.84,12.3033],[78.8362,12.2907],[78.8398,12.2853],[78.8584,12.2785],[78.873,12.2793],[78.8743,12.2667],[78.8913,12.2798],[78.9007,12.2685],[78.9141,12.2759],[78.9319,12.2701],[78.9436,12.2867],[78.9458,12.2811],[78.9563,12.283],[78.9639,12.2754],[78.9765,12.2733],[79.01,12.2831],[79.0223,12.2759],[79.0233,12.2703],[78.9961,12.2459],[79.0072,12.2365],[78.9988,12.2346],[78.9968,12.229],[78.9988,12.2241],[79.0071,12.2242],[79.008,12.2094],[78.9955,12.2082],[78.994,12.2033],[78.9806,12.2061],[78.9773,12.2026],[78.9699,12.2135],[78.9828,12.2389],[78.9766,12.2452],[78.9611,12.247],[78.9591,12.2243],[78.949,12.2132],[78.969,12.198],[78.9773,12.183],[78.9744,12.177],[78.9662,12.1815],[78.9568,12.179],[78.9538,12.1495],[78.9613,12.1302],[78.961,12.1139],[78.9663,12.1131],[78.9721,12.1408],[78.9842,12.1473],[78.9917,12.137],[78.9844,12.1286],[78.9882,12.1209],[78.9837,12.0998],[79.0048,12.0889],[78.9957,12.0675],[78.9886,12.055],[78.9802,12.0658],[78.9637,12.0647],[78.958,12.0684],[78.9147,12.0146],[78.8968,12.0177],[78.8795,12.0268],[78.8559,12.0127],[78.8301,12.0078],[78.8161,12.0099],[78.8042,12.0195],[78.7757,12.007],[78.7574,12.0116],[78.7458,11.9972],[78.7373,11.9935],[78.7375,11.9874],[78.718,11.9882],[78.7169,11.9836],[78.7027,11.9866],[78.6973,11.9922],[78.7017,11.9991],[78.7036,12.0294],[78.7203,12.0685],[78.7275,12.1002],[78.7363,12.1113],[78.734,12.1135],[78.7454,12.1238],[78.7378,12.1341],[78.7284,12.1273],[78.6907,12.1152],[78.6842,12.1063],[78.6611,12.1023],[78.6645,12.1149],[78.657,12.125],[78.6489,12.1293],[78.6314,12.128],[78.6359,12.1472],[78.642,12.1499],[78.6475,12.1626],[78.6334,12.1773],[78.644,12.2053],[78.6568,12.1977],[78.6667,12.2077],[78.6713,12.2204],[78.6645,12.234],[78.6506,12.2405],[78.6528,12.2521],[78.6481,12.2583],[78.6784,12.2718],[78.6939,12.2941],[78.7035,12.2961],[78.71,12.3042],[78.7286,12.3592],[78.7291,12.3739],[78.7429,12.3779],[78.7509,12.3853],[78.7687,12.4225],[78.7688,12.4375],[78.7585,12.4428],[78.7725,12.4609],[78.7775,12.4598],[78.7758,12.4836],[78.7905,12.4991],[78.7965,12.4971],[78.8059,12.5099],[78.8208,12.5367],[78.8366,12.5816]]]},"properties":{"STATE":"TAMIL NADU","DISTRICT":"TIRUVANNAMALAI","AC_NAME":"CHENGAM","AC":"AC","YEAR":2026.0,"RES":"SC","ELECTORS":269423.0,"VOTERS":242897.0,"TURNOUT":90.15,"MARGIN":13278.0,"MARGIN_PERCENTAGE":5.47,"PARTY_RANK1":"AIADMK","PARTY_RANK2":"TVK","PARTY_RANK3":"DMK","PARTY_RANK4":"NTK","CANDIDATE_RANK1":"S.VELU","CANDIDATE_RANK2":"K BHARATHIDHASAN","CANDIDATE_RANK3":"M.P.GIRI","CANDIDATE_RANK4":"J.SHOBA","VOTES_RANK1":87802.0,"VOTES_RANK2":74524.0,"VOTES_RANK3":70346.0,"VOTES_RANK4":6335.0,"VOTES_RANK1_PERCENTAGE":36.15,"VOTES_RANK2_PERCENTAGE":30.68,"VOTES_RANK3_PERCENTAGE":28.96,"VOTES_RANK4_PERCENTAGE":2.61,"COLOR":"#007500","ID":27560}},{"type":"Feature","geometry":{"type":"Polygon","coordinates":[[[79.4728,12.8743],[79.4787,12.8716],[79.4887,12.876],[79.4898,12.8711],[79.4977,12.8691],[79.4998,12.8727],[79.509,12.8572],[79.5365,12.8629],[79.5599,12.8528],[79.5569,12.8517],[79.5795,12.8427],[79.5951,12.8287],[79.6321,12.8216],[79.6401,12.81],[79.6425,12.8022],[79.6352,12.7862],[79.6497,12.7826],[79.6466,12.7728],[79.6535,12.7646],[79.6582,12.7675],[79.6574,12.7766],[79.6693,12.7778],[79.6699,12.7869],[79.6775,12.7909],[79.6967,12.777],[79.7032,12.7769],[79.7042,12.7805],[79.7086,12.777],[79.709,12.7583],[79.7318,12.7559],[79.7447,12.7439],[79.7414,12.7336],[79.7138,12.7282],[79.7154,12.7244],[79.7367,12.718],[79.7345,12.7017],[79.7441,12.7019],[79.7422,12.6933],[79.6824,12.6677],[79.6463,12.6698],[79.6308,12.6384],[79.6302,12.6327],[79.6367,12.6267],[79.6463,12.6251],[79.643,12.613],[79.6458,12.603],[79.6535,12.6032],[79.6666,12.5932],[79.6731,12.5929],[79.6888,12.6021],[79.6979,12.594],[79.7252,12.5879],[79.7251,12.5786],[79.7164,12.5815],[79.7065,12.5723],[79.6935,12.573],[79.6929,12.5581],[79.6801,12.5574],[79.6759,12.5508],[79.6632,12.5474],[79.6628,12.5423],[79.6497,12.5469],[79.6274,12.5678],[79.6191,12.5623],[79.6041,12.5646],[79.5866,12.5402],[79.5722,12.5486],[79.5703,12.5649],[79.5496,12.5616],[79.5365,12.5699],[79.5153,12.5635],[79.5105,12.5755],[79.4995,12.5837],[79.4964,12.58],[79.4921,12.5822],[79.4864,12.5703],[79.4911,12.564],[79.4835,12.5439],[79.4795,12.5436],[79.4598,12.5915],[79.4621,12.5959],[79.4578,12.6028],[79.4435,12.6102],[79.4446,12.6211],[79.451,12.6255],[79.4384,12.6351],[79.4403,12.6441],[79.4335,12.6401],[79.4269,12.6595],[79.4415,12.6701],[79.4511,12.6717],[79.4533,12.6824],[79.4607,12.6851],[79.4573,12.698],[79.4647,12.6996],[79.4655,12.7159],[79.4762,12.7287],[79.4724,12.7349],[79.4678,12.7322],[79.4559,12.7377],[79.4548,12.7449],[79.4618,12.7569],[79.4673,12.7562],[79.466,12.7638],[79.4736,12.7734],[79.4607,12.7849],[79.4622,12.7987],[79.4749,12.7997],[79.4768,12.8068],[79.4569,12.8106],[79.4612,12.8294],[79.4574,12.8438],[79.4606,12.8425],[79.4633,12.8502],[79.4731,12.8518],[79.4728,12.8743]]]},"properties":{"STATE":"TAMIL NADU","DISTRICT":"TIRUVANNAMALAI","AC_NAME":"CHEYYAR","AC":"AC","YEAR":2026.0,"RES":"GEN","ELECTORS":240008.0,"VOTERS":222570.0,"TURNOUT":92.73,"MARGIN":21081.0,"MARGIN_PERCENTAGE":9.47,"PARTY_RANK1":"AIADMK","PARTY_RANK2":"TVK","PARTY_RANK3":"DMK","PARTY_RANK4":"NTK","CANDIDATE_RANK1":"MUKKUR N. SUBRAMANIAN","CANDIDATE_RANK2":"DUSI K MOHAN","CANDIDATE_RANK3":"JOTHI. O","CANDIDATE_RANK4":"TAMILSELVAN. M","VOTES_RANK1":86680.0,"VOTES_RANK2":65599.0,"VOTES_RANK3":59894.0,"VOTES_RANK4":7043.0,"VOTES_RANK1_PERCENTAGE":38.95,"VOTES_RANK2_PERCENTAGE":29.47,"VOTES_RANK3_PERCENTAGE":26.91,"VOTES_RANK4_PERCENTAGE":3.16,"COLOR":"#007500","ID":27562}},{"type":"Feature","geometry":{"type":"Polygon","coordinates":[[[79.0935,12.7579],[79.1096,12.7591],[79.1113,12.745],[79.1193,12.7441],[79.1271,12.7373],[79.129,12.7288],[79.1426,12.7236],[79.1418,12.6974],[79.1329,12.6871],[79.1307,12.6773],[79.1617,12.6806],[79.1423,12.6718],[79.1332,12.6592],[79.1339,12.6555],[79.1394,12.6559],[79.1383,12.6521],[79.13,12.6488],[79.1436,12.6353],[79.151,12.6446],[79.1575,12.6443],[79.1613,12.6336],[79.1593,12.6251],[79.1449,12.622],[79.1431,12.6252],[79.13,12.6249],[79.1277,12.6199],[79.0817,12.6055],[79.0879,12.5936],[79.0997,12.5936],[79.107,12.5871],[79.1041,12.5766],[79.0929,12.5639],[79.0944,12.5532],[79.0797,12.5475],[79.0726,12.5537],[79.0658,12.553],[79.0531,12.5501],[79.0427,12.5412],[79.0326,12.543],[79.0422,12.5356],[79.0524,12.5375],[79.0602,12.5208],[79.0593,12.5045],[79.0441,12.4781],[79.0782,12.478],[79.0914,12.4671],[79.1086,12.4642],[79.1079,12.453],[79.1128,12.4502],[79.1206,12.4738],[79.1304,12.4797],[79.1361,12.476],[79.1358,12.465],[79.141,12.4574],[79.1689,12.4393],[79.1754,12.4274],[79.1964,12.4355],[79.1977,12.4182],[79.1942,12.412],[79.1844,12.4137],[79.1807,12.4003],[79.2001,12.3869],[79.1919,12.3813],[79.1769,12.3817],[79.1744,12.4114],[79.1386,12.4035],[79.1435,12.4172],[79.1364,12.4352],[79.122,12.433],[79.1191,12.425],[79.1215,12.4008],[79.0937,12.4109],[79.087,12.409],[79.0788,12.4228],[79.0585,12.4218],[79.056,12.4123],[79.0462,12.4126],[79.0447,12.3967],[79.029,12.3959],[79.0357,12.419],[79.0073,12.415],[79.0097,12.3907],[79.0169,12.3888],[79.0326,12.3609],[79.0318,12.3465],[79.0273,12.3464],[79.03,12.3397],[79.0264,12.3374],[79.0427,12.3105],[79.0412,12.3026],[79.0293,12.2936],[79.0167,12.2925],[79.01,12.2831],[78.9765,12.2733],[78.9639,12.2754],[78.9563,12.283],[78.9458,12.2811],[78.9436,12.2867],[78.9319,12.2701],[78.9141,12.2759],[78.9007,12.2685],[78.8913,12.2798],[78.8743,12.2667],[78.873,12.2793],[78.8584,12.2785],[78.8398,12.2853],[78.8362,12.2907],[78.84,12.3033],[78.833,12.3078],[78.834,12.3266],[78.8492,12.3311],[78.8512,12.3465],[78.8675,12.3584],[78.8673,12.3729],[78.8771,12.3665],[78.8954,12.3773],[78.8941,12.3967],[78.8761,12.4234],[78.894,12.4406],[78.8747,12.4694],[78.8819,12.503],[78.8965,12.5202],[78.8925,12.5351],[78.8959,12.5555],[78.8718,12.5825],[78.8615,12.5851],[78.8495,12.5794],[78.8366,12.5816],[78.8585,12.6333],[78.8657,12.6317],[78.8761,12.6539],[78.8819,12.6563],[78.896,12.6891],[78.8972,12.6792],[78.9118,12.6873],[78.9275,12.6759],[78.9442,12.6806],[78.9433,12.6853],[78.9499,12.6864],[78.9479,12.6799],[78.9715,12.6714],[78.9714,12.6669],[78.981,12.6737],[78.979,12.6801],[78.984,12.6839],[78.9869,12.6971],[78.994,12.6972],[78.9943,12.7058],[79.0066,12.7039],[79.024,12.6931],[79.009,12.6584],[79.0128,12.6578],[79.0139,12.6662],[79.0267,12.6791],[79.0244,12.6878],[79.0295,12.687],[79.0415,12.7112],[79.0506,12.7173],[79.0576,12.7167],[79.0567,12.7303],[79.0639,12.7386],[79.058,12.7356],[79.0721,12.7552],[79.0813,12.7498],[79.0935,12.7579]]]},"properties":{"STATE":"TAMIL NADU","DISTRICT":"TIRUVANNAMALAI","AC_NAME":"KALASAPAKKAM","AC":"AC","YEAR":2026.0,"RES":"GEN","ELECTORS":233595.0,"VOTERS":214127.0,"TURNOUT":91.67,"MARGIN":26740.0,"MARGIN_PERCENTAGE":12.49,"PARTY_RANK1":"AIADMK","PARTY_RANK2":"DMK","PARTY_RANK3":"TVK","PARTY_RANK4":"NTK","CANDIDATE_RANK1":"AGRI KRISHNAMURTHY. S S","CANDIDATE_RANK2":"SARAVANAN. P.S.T","CANDIDATE_RANK3":"ELUMALAI. P","CANDIDATE_RANK4":"SEETHA SIVANANDAM. P","VOTES_RANK1":89629.0,"VOTES_RANK2":62889.0,"VOTES_RANK3":51666.0,"VOTES_RANK4":5312.0,"VOTES_RANK1_PERCENTAGE":41.86,"VOTES_RANK2_PERCENTAGE":29.37,"VOTES_RANK3_PERCENTAGE":24.13,"VOTES_RANK4_PERCENTAGE":2.48,"COLOR":"#007500","ID":27592}},{"type":"Feature","geometry":{"type":"Polygon","coordinates":[[[79.2001,12.3869],[79.2166,12.4012],[79.2269,12.4023],[79.2423,12.3973],[79.2482,12.3839],[79.2437,12.3729],[79.2367,12.3684],[79.2272,12.3727],[79.2246,12.3678],[79.2324,12.3619],[79.2389,12.3463],[79.2272,12.3424],[79.2213,12.3496],[79.198,12.343],[79.2169,12.3394],[79.2209,12.3325],[79.2343,12.33],[79.234,12.3157],[79.2464,12.3163],[79.2515,12.3232],[79.2892,12.3181],[79.2851,12.3064],[79.2735,12.3053],[79.2796,12.2917],[79.2674,12.2885],[79.2607,12.2767],[79.2438,12.2725],[79.2408,12.2484],[79.2479,12.2406],[79.225,12.2213],[79.2372,12.2171],[79.2358,12.2115],[79.2187,12.215],[79.2155,12.2115],[79.2334,12.198],[79.231,12.1897],[79.2347,12.1835],[79.223,12.1836],[79.2181,12.1978],[79.2092,12.1869],[79.2145,12.1838],[79.2111,12.1657],[79.2377,12.1541],[79.2363,12.1499],[79.2458,12.1467],[79.2493,12.1396],[79.2587,12.1352],[79.2586,12.1301],[79.277,12.1254],[79.2775,12.1071],[79.2701,12.1038],[79.2601,12.0825],[79.2487,12.0787],[79.243,12.0812],[79.2381,12.0772],[79.2402,12.0716],[79.234,12.06],[79.2152,12.0646],[79.2094,12.0718],[79.2008,12.0706],[79.1898,12.0485],[79.1764,12.0474],[79.1727,12.0304],[79.1471,12.0443],[79.1392,12.0385],[79.1357,12.0257],[79.1251,12.0188],[79.1122,12.0265],[79.1066,12.0197],[79.0954,12.0247],[79.093,12.0308],[79.0788,12.0315],[79.0808,12.039],[79.0765,12.0443],[79.08,12.0473],[79.0876,12.0425],[79.0981,12.066],[79.0906,12.0781],[79.101,12.0981],[79.087,12.1063],[79.0931,12.1249],[79.1087,12.118],[79.1129,12.1334],[79.1257,12.1358],[79.1295,12.1322],[79.1277,12.1398],[79.1324,12.142],[79.1291,12.1574],[79.1371,12.155],[79.142,12.1644],[79.1289,12.1671],[79.1264,12.1752],[79.1233,12.1746],[79.1231,12.1781],[79.1279,12.1782],[79.123,12.1814],[79.1245,12.1876],[79.1155,12.1904],[79.1245,12.1915],[79.1231,12.1974],[79.1266,12.1999],[79.1365,12.2008],[79.1318,12.2108],[79.1398,12.208],[79.1458,12.2128],[79.1301,12.2177],[79.1265,12.2267],[79.1278,12.2303],[79.1342,12.2299],[79.1356,12.2375],[79.1276,12.2431],[79.1302,12.2575],[79.1121,12.2706],[79.1144,12.2805],[79.0948,12.288],[79.0887,12.2862],[79.0876,12.2812],[79.0808,12.2888],[79.073,12.2902],[79.072,12.2804],[79.0547,12.2803],[79.0412,12.3026],[79.0427,12.3105],[79.0264,12.3374],[79.03,12.3397],[79.0273,12.3464],[79.0318,12.3465],[79.0326,12.3609],[79.0169,12.3888],[79.0097,12.3907],[79.0073,12.415],[79.0357,12.419],[79.029,12.3959],[79.0447,12.3967],[79.0462,12.4126],[79.056,12.4123],[79.0585,12.4218],[79.0788,12.4228],[79.087,12.409],[79.0937,12.4109],[79.1215,12.4008],[79.1191,12.425],[79.122,12.433],[79.1364,12.4352],[79.1435,12.4172],[79.1386,12.4035],[79.1744,12.4114],[79.1769,12.3817],[79.1919,12.3813],[79.2001,12.3869]]]},"properties":{"STATE":"TAMIL NADU","DISTRICT":"TIRUVANNAMALAI","AC_NAME":"KILPENNATHUR","AC":"AC","YEAR":2026.0,"RES":"GEN","ELECTORS":241209.0,"VOTERS":219790.0,"TURNOUT":91.12,"MARGIN":30465.0,"MARGIN_PERCENTAGE":13.86,"PARTY_RANK1":"AIADMK","PARTY_RANK2":"DMK","PARTY_RANK3":"TVK","PARTY_RANK4":"NTK","CANDIDATE_RANK1":"RAMACHANDRAN.S","CANDIDATE_RANK2":"PITCHANDI.K","CANDIDATE_RANK3":"RAJA.D","CANDIDATE_RANK4":"LOGANATHAN.V","VOTES_RANK1":90503.0,"VOTES_RANK2":60038.0,"VOTES_RANK3":59130.0,"VOTES_RANK4":6184.0,"VOTES_RANK1_PERCENTAGE":41.18,"VOTES_RANK2_PERCENTAGE":27.32,"VOTES_RANK3_PERCENTAGE":26.9,"VOTES_RANK4_PERCENTAGE":2.81,"COLOR":"#007500","ID":27603}},{"type":"Feature","geometry":{"type":"Polygon","coordinates":[[[79.1617,12.6806],[79.1662,12.675],[79.1616,12.6678],[79.1669,12.668],[79.1895,12.6768],[79.1893,12.6851],[79.2007,12.687],[79.2069,12.6933],[79.2175,12.6847],[79.2086,12.675],[79.1968,12.6737],[79.1902,12.6633],[79.21,12.6655],[79.212,12.6626],[79.2061,12.6563],[79.2225,12.6566],[79.2415,12.6475],[79.2435,12.643],[79.2264,12.6225],[79.2365,12.6069],[79.2359,12.599],[79.2438,12.5951],[79.2501,12.5729],[79.2593,12.5586],[79.2837,12.5587],[79.2908,12.5511],[79.292,12.527],[79.2772,12.531],[79.2638,12.5104],[79.2513,12.5148],[79.2489,12.5221],[79.2395,12.5198],[79.2393,12.5004],[79.2455,12.4863],[79.2627,12.4912],[79.2649,12.5071],[79.27,12.509],[79.2865,12.5098],[79.2936,12.5048],[79.2888,12.4896],[79.2932,12.4863],[79.3158,12.4869],[79.3255,12.4988],[79.3239,12.5084],[79.3136,12.4989],[79.3066,12.5018],[79.3135,12.5411],[79.301,12.5439],[79.301,12.5496],[79.3285,12.5828],[79.3286,12.5936],[79.3386,12.6124],[79.3471,12.6091],[79.3439,12.6047],[79.3509,12.599],[79.362,12.6008],[79.381,12.6131],[79.3811,12.6031],[79.3877,12.5912],[79.4034,12.5874],[79.396,12.5555],[79.4137,12.549],[79.4107,12.5427],[79.4214,12.5312],[79.4099,12.5043],[79.4184,12.4895],[79.4156,12.4759],[79.41,12.4729],[79.4119,12.4632],[79.4042,12.4553],[79.4051,12.452],[79.4103,12.4553],[79.4177,12.4504],[79.4117,12.4397],[79.4009,12.4323],[79.4018,12.4359],[79.3825,12.4426],[79.3676,12.4439],[79.3624,12.4392],[79.3568,12.4441],[79.3469,12.4427],[79.3249,12.4508],[79.3088,12.4385],[79.2566,12.4482],[79.2312,12.4428],[79.2337,12.4356],[79.2269,12.4023],[79.2166,12.4012],[79.2001,12.3869],[79.1807,12.4003],[79.1844,12.4137],[79.1942,12.412],[79.1977,12.4182],[79.1964,12.4355],[79.1754,12.4274],[79.1689,12.4393],[79.141,12.4574],[79.1358,12.465],[79.1361,12.476],[79.1304,12.4797],[79.1206,12.4738],[79.1128,12.4502],[79.1079,12.453],[79.1086,12.4642],[79.0914,12.4671],[79.0782,12.478],[79.0441,12.4781],[79.0593,12.5045],[79.0602,12.5208],[79.0524,12.5375],[79.0422,12.5356],[79.0326,12.543],[79.0427,12.5412],[79.0531,12.5501],[79.0658,12.553],[79.0726,12.5537],[79.0797,12.5475],[79.0944,12.5532],[79.0929,12.5639],[79.1041,12.5766],[79.107,12.5871],[79.0997,12.5936],[79.0879,12.5936],[79.0817,12.6055],[79.1277,12.6199],[79.13,12.6249],[79.1431,12.6252],[79.1449,12.622],[79.1593,12.6251],[79.1613,12.6336],[79.1575,12.6443],[79.151,12.6446],[79.1436,12.6353],[79.13,12.6488],[79.1383,12.6521],[79.1394,12.6559],[79.1339,12.6555],[79.1332,12.6592],[79.1423,12.6718],[79.1617,12.6806]]]},"properties":{"STATE":"TAMIL NADU","DISTRICT":"TIRUVANNAMALAI","AC_NAME":"POLUR","AC":"AC","YEAR":2026.0,"RES":"GEN","ELECTORS":235091.0,"VOTERS":211743.0,"TURNOUT":90.07,"MARGIN":227.0,"MARGIN_PERCENTAGE":0.11,"PARTY_RANK1":"TVK","PARTY_RANK2":"DMDK","PARTY_RANK3":"PMK","PARTY_RANK4":"NTK","CANDIDATE_RANK1":"ABISHEK. R","CANDIDATE_RANK2":"SARAVANAN. P","CANDIDATE_RANK3":"BASKARAN. C. R","CANDIDATE_RANK4":"UMADEVI. A","VOTES_RANK1":67961.0,"VOTES_RANK2":67734.0,"VOTES_RANK3":61444.0,"VOTES_RANK4":6425.0,"VOTES_RANK1_PERCENTAGE":32.1,"VOTES_RANK2_PERCENTAGE":31.99,"VOTES_RANK3_PERCENTAGE":29.02,"VOTES_RANK4_PERCENTAGE":3.03,"COLOR":null,"ID":27670}},{"type":"Feature","geometry":{"type":"Polygon","coordinates":[[[79.0412,12.3026],[79.0547,12.2803],[79.072,12.2804],[79.073,12.2902],[79.0808,12.2888],[79.0876,12.2812],[79.0887,12.2862],[79.0948,12.288],[79.1144,12.2805],[79.1121,12.2706],[79.1302,12.2575],[79.1276,12.2431],[79.1356,12.2375],[79.1342,12.2299],[79.1278,12.2303],[79.1265,12.2267],[79.1301,12.2177],[79.1458,12.2128],[79.1398,12.208],[79.1318,12.2108],[79.1365,12.2008],[79.1266,12.1999],[79.1231,12.1974],[79.1245,12.1915],[79.1155,12.1904],[79.1245,12.1876],[79.123,12.1814],[79.1279,12.1782],[79.1231,12.1781],[79.1233,12.1746],[79.1264,12.1752],[79.1289,12.1671],[79.142,12.1644],[79.1371,12.155],[79.1291,12.1574],[79.1324,12.142],[79.1277,12.1398],[79.1295,12.1322],[79.1257,12.1358],[79.1129,12.1334],[79.1087,12.118],[79.0931,12.1249],[79.087,12.1063],[79.101,12.0981],[79.0906,12.0781],[79.0851,12.0813],[79.0787,12.071],[79.0626,12.0697],[79.0607,12.0604],[79.0683,12.0524],[79.0601,12.0523],[79.0524,12.0363],[79.0224,12.0496],[79.0215,12.0573],[79.0313,12.0639],[78.9957,12.0675],[79.0048,12.0889],[78.9837,12.0998],[78.9882,12.1209],[78.9844,12.1286],[78.9917,12.137],[78.9842,12.1473],[78.9721,12.1408],[78.9663,12.1131],[78.961,12.1139],[78.9613,12.1302],[78.9538,12.1495],[78.9568,12.179],[78.9662,12.1815],[78.9744,12.177],[78.9773,12.183],[78.969,12.198],[78.949,12.2132],[78.9591,12.2243],[78.9611,12.247],[78.9766,12.2452],[78.9828,12.2389],[78.9699,12.2135],[78.9773,12.2026],[78.9806,12.2061],[78.994,12.2033],[78.9955,12.2082],[79.008,12.2094],[79.0071,12.2242],[78.9988,12.2241],[78.9968,12.229],[78.9988,12.2346],[79.0072,12.2365],[78.9961,12.2459],[79.0233,12.2703],[79.0223,12.2759],[79.01,12.2831],[79.0167,12.2925],[79.0293,12.2936],[79.0412,12.3026]]]},"properties":{"STATE":"TAMIL NADU","DISTRICT":"TIRUVANNAMALAI","AC_NAME":"TIRUVANNAMALAI","AC":"AC","YEAR":2026.0,"RES":"GEN","ELECTORS":250026.0,"VOTERS":220066.0,"TURNOUT":88.02,"MARGIN":2455.0,"MARGIN_PERCENTAGE":1.12,"PARTY_RANK1":"DMK","PARTY_RANK2":"TVK","PARTY_RANK3":"BJP","PARTY_RANK4":"NTK","CANDIDATE_RANK1":"VELU. E.V","CANDIDATE_RANK2":"ARUL ARUMUGAM","CANDIDATE_RANK3":"ELUMALAI. C","CANDIDATE_RANK4":"VIGNESH. S","VOTES_RANK1":88273.0,"VOTES_RANK2":85818.0,"VOTES_RANK3":34280.0,"VOTES_RANK4":6011.0,"VOTES_RANK1_PERCENTAGE":40.11,"VOTES_RANK2_PERCENTAGE":39.0,"VOTES_RANK3_PERCENTAGE":15.58,"VOTES_RANK4_PERCENTAGE":2.73,"COLOR":"#000000","ID":27738}},{"type":"Feature","geometry":{"type":"Polygon","coordinates":[[[79.4238,12.5943],[79.4209,12.587],[79.4247,12.5823],[79.4431,12.5783],[79.4484,12.5789],[79.4598,12.5915],[79.4795,12.5436],[79.4835,12.5439],[79.4911,12.564],[79.4864,12.5703],[79.4921,12.5822],[79.4964,12.58],[79.4995,12.5837],[79.5105,12.5755],[79.5153,12.5635],[79.5365,12.5699],[79.5496,12.5616],[79.5703,12.5649],[79.5722,12.5486],[79.5866,12.5402],[79.6041,12.5646],[79.6191,12.5623],[79.6274,12.5678],[79.6497,12.5469],[79.6628,12.5423],[79.6632,12.5474],[79.6759,12.5508],[79.6801,12.5574],[79.6929,12.5581],[79.6935,12.573],[79.7065,12.5723],[79.7064,12.5692],[79.7198,12.5645],[79.715,12.5495],[79.7435,12.5324],[79.7486,12.5248],[79.7557,12.5247],[79.7565,12.5127],[79.7489,12.5079],[79.7492,12.5036],[79.7403,12.5018],[79.7382,12.496],[79.7272,12.501],[79.723,12.4978],[79.7234,12.4937],[79.7347,12.4926],[79.7388,12.4837],[79.7442,12.4834],[79.7454,12.4633],[79.7495,12.458],[79.7326,12.4529],[79.7316,12.447],[79.7384,12.4392],[79.7356,12.429],[79.7157,12.4363],[79.714,12.4276],[79.7034,12.4301],[79.7053,12.4136],[79.6892,12.4183],[79.6866,12.4147],[79.6957,12.4094],[79.6954,12.398],[79.6856,12.4],[79.6804,12.3929],[79.6668,12.3882],[79.66,12.3773],[79.6667,12.375],[79.6639,12.3666],[79.6459,12.3612],[79.6423,12.3449],[79.6214,12.3495],[79.6185,12.3538],[79.6234,12.3652],[79.6208,12.3742],[79.6097,12.3782],[79.6023,12.3724],[79.5976,12.3479],[79.5582,12.3645],[79.5464,12.3634],[79.5308,12.3701],[79.5183,12.353],[79.5115,12.3541],[79.5072,12.3459],[79.4969,12.3457],[79.4887,12.3504],[79.4935,12.371],[79.4859,12.3755],[79.4849,12.3706],[79.4727,12.3659],[79.4621,12.3746],[79.4508,12.3751],[79.4486,12.3958],[79.4425,12.3943],[79.4407,12.389],[79.4363,12.3942],[79.4388,12.408],[79.4333,12.4103],[79.4272,12.401],[79.4207,12.4106],[79.417,12.4083],[79.4113,12.4068],[79.4081,12.4106],[79.4106,12.4178],[79.4009,12.4323],[79.4117,12.4397],[79.4177,12.4504],[79.4103,12.4553],[79.4051,12.452],[79.4042,12.4553],[79.4119,12.4632],[79.41,12.4729],[79.4156,12.4759],[79.4184,12.4895],[79.4099,12.5043],[79.4214,12.5312],[79.4107,12.5427],[79.4137,12.549],[79.396,12.5555],[79.4034,12.5874],[79.4088,12.5946],[79.4238,12.5943]]]},"properties":{"STATE":"TAMIL NADU","DISTRICT":"TIRUVANNAMALAI","AC_NAME":"VANDAVASI","AC":"AC","YEAR":2026.0,"RES":"SC","ELECTORS":213574.0,"VOTERS":191204.0,"TURNOUT":89.53,"MARGIN":3333.0,"MARGIN_PERCENTAGE":1.74,"PARTY_RANK1":"DMK","PARTY_RANK2":"AIADMK","PARTY_RANK3":"TVK","PARTY_RANK4":"NTK","CANDIDATE_RANK1":"AMBETHKUMAR. S","CANDIDATE_RANK2":"RANI. P","CANDIDATE_RANK3":"UDHAYAKUMAR. M","CANDIDATE_RANK4":"GANESH. R","VOTES_RANK1":63805.0,"VOTES_RANK2":60472.0,"VOTES_RANK3":58174.0,"VOTES_RANK4":5495.0,"VOTES_RANK1_PERCENTAGE":33.37,"VOTES_RANK2_PERCENTAGE":31.63,"VOTES_RANK3_PERCENTAGE":30.43,"VOTES_RANK4_PERCENTAGE":2.87,"COLOR":"#000000","ID":27747}},{"type":"Feature","geometry":{"type":"Polygon","coordinates":[[[78.9162,12.9077],[78.9082,12.876],[78.9002,12.8658],[78.907,12.8558],[78.9031,12.8493],[78.8989,12.8562],[78.8888,12.8588],[78.8765,12.8527],[78.879,12.8469],[78.8924,12.8459],[78.8993,12.8353],[78.9018,12.8392],[78.9026,12.8279],[78.8937,12.8128],[78.8996,12.8084],[78.8996,12.7979],[78.8937,12.7969],[78.9006,12.7893],[78.9192,12.7894],[78.9189,12.7837],[78.9135,12.7805],[78.9127,12.7743],[78.8866,12.7786],[78.8621,12.777],[78.8502,12.7645],[78.8467,12.7422],[78.8516,12.7291],[78.8856,12.7307],[78.8628,12.7161],[78.8632,12.7054],[78.8731,12.711],[78.8746,12.7064],[78.8582,12.6914],[78.8587,12.6824],[78.845,12.6541],[78.8746,12.6847],[78.8732,12.6623],[78.8831,12.6755],[78.8811,12.6851],[78.8861,12.6953],[78.896,12.6891],[78.8819,12.6563],[78.8761,12.6539],[78.8657,12.6317],[78.8585,12.6333],[78.8453,12.6406],[78.832,12.6411],[78.8116,12.6388],[78.8013,12.6438],[78.7778,12.6657],[78.7699,12.6801],[78.7454,12.6781],[78.7321,12.6591],[78.7184,12.6656],[78.6947,12.6684],[78.6783,12.6795],[78.6748,12.693],[78.6628,12.6994],[78.6573,12.6995],[78.6548,12.6897],[78.6326,12.6971],[78.6398,12.72],[78.6342,12.7226],[78.6265,12.7194],[78.6262,12.7108],[78.6172,12.7084],[78.6147,12.6922],[78.5985,12.6962],[78.5843,12.7098],[78.5789,12.736],[78.5634,12.7354],[78.5553,12.7393],[78.5628,12.7522],[78.5583,12.75],[78.5556,12.7559],[78.5615,12.7615],[78.5655,12.7594],[78.5684,12.767],[78.5765,12.7675],[78.576,12.772],[78.5925,12.7828],[78.593,12.7983],[78.6011,12.8038],[78.6004,12.8185],[78.6077,12.822],[78.6033,12.8428],[78.6197,12.8219],[78.6201,12.8135],[78.6446,12.8075],[78.6505,12.8097],[78.6512,12.8297],[78.6579,12.8311],[78.6603,12.8401],[78.6641,12.8392],[78.6711,12.824],[78.6754,12.8228],[78.6758,12.7991],[78.6837,12.7939],[78.6901,12.7991],[78.6984,12.7961],[78.6932,12.7893],[78.6917,12.7753],[78.6993,12.7661],[78.718,12.7988],[78.7386,12.8047],[78.7456,12.8254],[78.7536,12.824],[78.7711,12.8336],[78.7832,12.8471],[78.8224,12.8607],[78.8647,12.8859],[78.8872,12.8946],[78.9031,12.9092],[78.9162,12.9077]]]},"properties":{"STATE":"TAMIL NADU","DISTRICT":"VELLORE","AC_NAME":"AMBUR","AC":"AC","YEAR":2026.0,"RES":"GEN","ELECTORS":214898.0,"VOTERS":195584.0,"TURNOUT":91.01,"MARGIN":7131.0,"MARGIN_PERCENTAGE":3.65,"PARTY_RANK1":"DMK","PARTY_RANK2":"TVK","PARTY_RANK3":"AIADMK","PARTY_RANK4":"NTK","CANDIDATE_RANK1":"VILWANATHAN. A.C.","CANDIDATE_RANK2":"IMTHIYAZ PANDARATTUDU ABDU","CANDIDATE_RANK3":"VENKATESAN. R","CANDIDATE_RANK4":"AFSHIA NASRIN. S","VOTES_RANK1":74102.0,"VOTES_RANK2":66971.0,"VOTES_RANK3":47100.0,"VOTES_RANK4":4185.0,"VOTES_RANK1_PERCENTAGE":37.89,"VOTES_RANK2_PERCENTAGE":34.24,"VOTES_RANK3_PERCENTAGE":24.08,"VOTES_RANK4_PERCENTAGE":2.14,"COLOR":"#000000","ID":27538}},{"type":"Feature","geometry":{"type":"Polygon","coordinates":[[[79.0813,12.9374],[79.0853,12.9279],[79.0925,12.9255],[79.0925,12.9185],[79.0902,12.9141],[79.071,12.9135],[79.0697,12.91],[79.0771,12.9091],[79.0781,12.9047],[79.0921,12.9069],[79.0938,12.886],[79.1,12.8853],[79.1083,12.9012],[79.1128,12.9026],[79.1218,12.9022],[79.128,12.8928],[79.1259,12.8783],[79.1177,12.879],[79.1195,12.8649],[79.1085,12.8609],[79.1072,12.8561],[79.1112,12.8487],[79.132,12.8521],[79.139,12.846],[79.1368,12.8413],[79.1246,12.8411],[79.1256,12.8297],[79.1193,12.8249],[79.1241,12.8192],[79.1164,12.7992],[79.1244,12.7911],[79.1136,12.7947],[79.1068,12.8043],[79.096,12.7953],[79.0978,12.7901],[79.1093,12.7903],[79.0901,12.7785],[79.0939,12.773],[79.0997,12.7789],[79.0935,12.7579],[79.0813,12.7498],[79.0721,12.7552],[79.058,12.7356],[79.0639,12.7386],[79.0567,12.7303],[79.0576,12.7167],[79.0506,12.7173],[79.0415,12.7112],[79.0295,12.687],[79.0244,12.6878],[79.0267,12.6791],[79.0139,12.6662],[79.0128,12.6578],[79.009,12.6584],[79.024,12.6931],[79.0066,12.7039],[78.9943,12.7058],[78.994,12.6972],[78.9869,12.6971],[78.984,12.6839],[78.979,12.6801],[78.981,12.6737],[78.9714,12.6669],[78.9715,12.6714],[78.9479,12.6799],[78.9499,12.6864],[78.9433,12.6853],[78.9442,12.6806],[78.9275,12.6759],[78.9118,12.6873],[78.8972,12.6792],[78.896,12.6891],[78.8861,12.6953],[78.8811,12.6851],[78.8831,12.6755],[78.8732,12.6623],[78.8746,12.6847],[78.845,12.6541],[78.8587,12.6824],[78.8582,12.6914],[78.8746,12.7064],[78.8731,12.711],[78.8632,12.7054],[78.8628,12.7161],[78.8856,12.7307],[78.8516,12.7291],[78.8467,12.7422],[78.8502,12.7645],[78.8621,12.777],[78.8866,12.7786],[78.9127,12.7743],[78.9135,12.7805],[78.9189,12.7837],[78.9192,12.7894],[78.9006,12.7893],[78.8937,12.7969],[78.8996,12.7979],[78.8996,12.8084],[78.8937,12.8128],[78.9026,12.8279],[78.9018,12.8392],[78.8993,12.8353],[78.8924,12.8459],[78.879,12.8469],[78.8765,12.8527],[78.8888,12.8588],[78.8989,12.8562],[78.9031,12.8493],[78.907,12.8558],[78.9002,12.8658],[78.9082,12.876],[78.9162,12.9077],[78.9692,12.9243],[78.9715,12.9293],[78.9986,12.9296],[79.0412,12.9195],[79.0638,12.9294],[79.0813,12.9374]]]},"properties":{"STATE":"TAMIL NADU","DISTRICT":"VELLORE","AC_NAME":"ANAIKATTU","AC":"AC","YEAR":2026.0,"RES":"GEN","ELECTORS":240640.0,"VOTERS":216318.0,"TURNOUT":89.89,"MARGIN":7081.0,"MARGIN_PERCENTAGE":3.27,"PARTY_RANK1":"AIADMK","PARTY_RANK2":"DMK","PARTY_RANK3":"TVK","PARTY_RANK4":"NTK","CANDIDATE_RANK1":"D.VELAZHAGAN","CANDIDATE_RANK2":"A.P.NANDAKUMAR","CANDIDATE_RANK3":"R.VELMURUGAN","CANDIDATE_RANK4":"M.RAVIKUMAR","VOTES_RANK1":76302.0,"VOTES_RANK2":69221.0,"VOTES_RANK3":63287.0,"VOTES_RANK4":4746.0,"VOTES_RANK1_PERCENTAGE":35.27,"VOTES_RANK2_PERCENTAGE":32.0,"VOTES_RANK3_PERCENTAGE":29.26,"VOTES_RANK4_PERCENTAGE":2.19,"COLOR":"#007500","ID":27539}},{"type":"Feature","geometry":{"type":"Polygon","coordinates":[[[79.6555,13.208],[79.6623,13.2099],[79.6715,13.2031],[79.6705,13.1834],[79.7009,13.1915],[79.7001,13.1813],[79.6925,13.1759],[79.6954,13.1589],[79.7368,13.1675],[79.7373,13.1209],[79.7309,13.1152],[79.7244,13.1167],[79.7191,13.1051],[79.702,13.1106],[79.705,13.1009],[79.7019,13.1041],[79.7013,13.0996],[79.7228,13.0999],[79.7356,13.0957],[79.7418,13.0763],[79.7389,13.0665],[79.7259,13.0678],[79.7188,13.0538],[79.7303,13.0542],[79.7375,13.0612],[79.7481,13.0501],[79.7619,13.0517],[79.7757,13.0629],[79.7788,13.0538],[79.7885,13.0563],[79.7913,13.0531],[79.7917,13.0458],[79.7861,13.0392],[79.7895,13.0249],[79.7677,13.0168],[79.7486,13.0037],[79.7419,12.9935],[79.7207,12.9804],[79.7005,12.9749],[79.6589,12.9493],[79.6487,12.9494],[79.6496,12.9575],[79.6363,12.9594],[79.6316,12.9701],[79.6185,12.9787],[79.6211,12.9835],[79.6112,12.9874],[79.6052,12.9886],[79.6043,12.9838],[79.6077,12.9662],[79.6018,12.9715],[79.5925,12.9692],[79.5876,12.9853],[79.6083,13.0007],[79.6097,13.0108],[79.6,13.0158],[79.5939,13.0253],[79.5941,13.0339],[79.5817,13.0275],[79.5781,13.0295],[79.5741,13.0159],[79.5696,13.0266],[79.5591,13.03],[79.5593,13.0361],[79.551,13.0372],[79.5479,13.0445],[79.5563,13.0546],[79.5718,13.047],[79.5842,13.0479],[79.5773,13.0537],[79.5698,13.0723],[79.5716,13.0833],[79.5795,13.0895],[79.5807,13.0962],[79.574,13.1013],[79.5628,13.0979],[79.5531,13.1008],[79.5519,13.1078],[79.5588,13.1173],[79.5505,13.1349],[79.5691,13.1373],[79.5701,13.1218],[79.5943,13.1215],[79.5995,13.1308],[79.589,13.1474],[79.6335,13.1466],[79.6368,13.1507],[79.6312,13.1729],[79.6353,13.1717],[79.645,13.1796],[79.6449,13.1916],[79.6555,13.208]]]},"properties":{"STATE":"TAMIL NADU","DISTRICT":"VELLORE","AC_NAME":"ARAKKONAM","AC":"AC","YEAR":2026.0,"RES":"SC","ELECTORS":200986.0,"VOTERS":182340.0,"TURNOUT":90.72,"MARGIN":23121.0,"MARGIN_PERCENTAGE":12.68,"PARTY_RANK1":"TVK","PARTY_RANK2":"VCK","PARTY_RANK3":"AIADMK","PARTY_RANK4":"NTK","CANDIDATE_RANK1":"V. GANDHIRAJ","CANDIDATE_RANK2":"EZHIL CAROLINE","CANDIDATE_RANK3":"S. RAVI","CANDIDATE_RANK4":"K. RAJKUMAR","VOTES_RANK1":73776.0,"VOTES_RANK2":50655.0,"VOTES_RANK3":50052.0,"VOTES_RANK4":5191.0,"VOTES_RANK1_PERCENTAGE":40.46,"VOTES_RANK2_PERCENTAGE":27.78,"VOTES_RANK3_PERCENTAGE":27.45,"VOTES_RANK4_PERCENTAGE":2.85,"COLOR":null,"ID":27543}},{"type":"Feature","geometry":{"type":"Polygon","coordinates":[[[79.128,12.8928],[79.1304,12.8818],[79.1429,12.879],[79.1469,12.8826],[79.1487,12.8791],[79.1546,12.8841],[79.1775,12.8848],[79.1792,12.8795],[79.1929,12.883],[79.1965,12.8938],[79.2044,12.8894],[79.2098,12.8949],[79.2061,12.9034],[79.201,12.9038],[79.2064,12.9147],[79.2152,12.9183],[79.2395,12.917],[79.2462,12.9214],[79.2742,12.9169],[79.2767,12.912],[79.2686,12.893],[79.2624,12.8954],[79.259,12.8924],[79.2483,12.8981],[79.2411,12.8951],[79.2359,12.9012],[79.2322,12.8988],[79.2366,12.8918],[79.2236,12.89],[79.2256,12.8832],[79.2426,12.87],[79.2411,12.8565],[79.2348,12.8532],[79.2657,12.8493],[79.2714,12.843],[79.2701,12.8568],[79.2773,12.8698],[79.3069,12.8705],[79.3166,12.8537],[79.3188,12.885],[79.309,12.8847],[79.3145,12.8978],[79.3054,12.8963],[79.3014,12.9023],[79.3074,12.9019],[79.3131,12.9104],[79.3183,12.9097],[79.3203,12.9203],[79.3311,12.9176],[79.3622,12.8916],[79.3783,12.8702],[79.3901,12.8681],[79.4248,12.8789],[79.4548,12.8774],[79.4728,12.8743],[79.4731,12.8518],[79.4633,12.8502],[79.4606,12.8425],[79.4574,12.8438],[79.4612,12.8294],[79.4569,12.8106],[79.4768,12.8068],[79.4749,12.7997],[79.4622,12.7987],[79.4607,12.7849],[79.4736,12.7734],[79.466,12.7638],[79.4673,12.7562],[79.4618,12.7569],[79.4548,12.7449],[79.4559,12.7377],[79.4678,12.7322],[79.4724,12.7349],[79.4762,12.7287],[79.4655,12.7159],[79.4647,12.6996],[79.4573,12.698],[79.4607,12.6851],[79.4533,12.6824],[79.4511,12.6717],[79.4415,12.6701],[79.4269,12.6595],[79.4097,12.6563],[79.4076,12.6489],[79.3806,12.6278],[79.3572,12.6408],[79.3543,12.6495],[79.3631,12.6575],[79.3591,12.6672],[79.3544,12.668],[79.3559,12.6733],[79.3947,12.6902],[79.381,12.7092],[79.3927,12.7136],[79.3954,12.7268],[79.3896,12.7286],[79.3898,12.7331],[79.3792,12.7339],[79.379,12.7264],[79.3665,12.7206],[79.3658,12.7152],[79.3577,12.7196],[79.3545,12.7129],[79.3571,12.6981],[79.3448,12.6944],[79.3442,12.6999],[79.3387,12.701],[79.3463,12.7101],[79.3436,12.7295],[79.3223,12.7438],[79.311,12.7421],[79.3098,12.7468],[79.2971,12.7476],[79.2892,12.7528],[79.2834,12.7639],[79.2873,12.779],[79.2771,12.7845],[79.2796,12.7875],[79.2616,12.7949],[79.2646,12.8058],[79.2602,12.8078],[79.2619,12.8188],[79.2564,12.8224],[79.2505,12.8229],[79.25,12.8132],[79.2551,12.8123],[79.251,12.807],[79.2406,12.8083],[79.2385,12.7973],[79.2196,12.7925],[79.2094,12.7852],[79.2141,12.7601],[79.2068,12.7416],[79.1907,12.7486],[79.1737,12.7424],[79.1728,12.7597],[79.1634,12.7656],[79.1614,12.7725],[79.1595,12.7522],[79.1327,12.7617],[79.1096,12.7591],[79.0935,12.7579],[79.0997,12.7789],[79.0939,12.773],[79.0901,12.7785],[79.1093,12.7903],[79.0978,12.7901],[79.096,12.7953],[79.1068,12.8043],[79.1136,12.7947],[79.1244,12.7911],[79.1164,12.7992],[79.1241,12.8192],[79.1193,12.8249],[79.1256,12.8297],[79.1246,12.8411],[79.1368,12.8413],[79.139,12.846],[79.132,12.8521],[79.1112,12.8487],[79.1072,12.8561],[79.1085,12.8609],[79.1195,12.8649],[79.1177,12.879],[79.1259,12.8783],[79.128,12.8928]]]},"properties":{"STATE":"TAMIL NADU","DISTRICT":"VELLORE","AC_NAME":"ARCOT","AC":"AC","YEAR":2026.0,"RES":"GEN","ELECTORS":246786.0,"VOTERS":225786.0,"TURNOUT":91.49,"MARGIN":42720.0,"MARGIN_PERCENTAGE":18.92,"PARTY_RANK1":"AIADMK","PARTY_RANK2":"TVK","PARTY_RANK3":"DMK","PARTY_RANK4":"NTK","CANDIDATE_RANK1":"S.M.SUKUMAR","CANDIDATE_RANK2":"G.VIJAY MOHAN","CANDIDATE_RANK3":"J.L.ESWARAPPAN","CANDIDATE_RANK4":"ARCHANA NARASIMMAN","VOTES_RANK1":105608.0,"VOTES_RANK2":62888.0,"VOTES_RANK3":48840.0,"VOTES_RANK4":5518.0,"VOTES_RANK1_PERCENTAGE":46.77,"VOTES_RANK2_PERCENTAGE":27.85,"VOTES_RANK3_PERCENTAGE":21.63,"VOTES_RANK4_PERCENTAGE":2.44,"COLOR":"#007500","ID":27547}},{"type":"Feature","geometry":{"type":"Polygon","coordinates":[[[78.7943,13.0667],[78.8071,13.0578],[78.8141,13.0333],[78.8584,13.0178],[78.8532,13.0139],[78.8515,13.0036],[78.8311,13.0067],[78.8296,13.0022],[78.8362,12.9945],[78.832,12.9848],[78.8257,12.9815],[78.8338,12.9749],[78.8322,12.9656],[78.8355,12.9638],[78.839,12.97],[78.8498,12.9693],[78.8538,12.9737],[78.8625,12.9703],[78.8623,12.9651],[78.8523,12.966],[78.8506,12.9536],[78.8342,12.9445],[78.824,12.9438],[78.8212,12.9326],[78.8175,12.9318],[78.8208,12.9256],[78.8163,12.9153],[78.8229,12.9136],[78.826,12.9075],[78.8487,12.9073],[78.8647,12.8859],[78.8224,12.8607],[78.7832,12.8471],[78.7711,12.8336],[78.7536,12.824],[78.7456,12.8254],[78.7386,12.8047],[78.718,12.7988],[78.6993,12.7661],[78.6917,12.7753],[78.6932,12.7893],[78.6984,12.7961],[78.6901,12.7991],[78.6837,12.7939],[78.6758,12.7991],[78.6754,12.8228],[78.6711,12.824],[78.6641,12.8392],[78.6603,12.8401],[78.6579,12.8311],[78.6512,12.8297],[78.6505,12.8097],[78.6446,12.8075],[78.6201,12.8135],[78.6197,12.8219],[78.6033,12.8428],[78.6015,12.8509],[78.6131,12.868],[78.6167,12.8886],[78.6336,12.9309],[78.6522,12.9292],[78.657,12.9322],[78.638,12.9648],[78.6471,12.9663],[78.6209,12.9913],[78.6554,13.016],[78.6562,13.0312],[78.7046,13.0164],[78.7133,13.0691],[78.7405,13.0641],[78.7518,13.055],[78.7943,13.0667]]]},"properties":{"STATE":"TAMIL NADU","DISTRICT":"VELLORE","AC_NAME":"GUDIYATTAM","AC":"AC","YEAR":2026.0,"RES":"SC","ELECTORS":252064.0,"VOTERS":229076.0,"TURNOUT":90.88,"MARGIN":10097.0,"MARGIN_PERCENTAGE":4.41,"PARTY_RANK1":"TVK","PARTY_RANK2":"DMDK","PARTY_RANK3":"AIADMK","PARTY_RANK4":"NTK","CANDIDATE_RANK1":"K.SINDU","CANDIDATE_RANK2":"K.B.PRADAP","CANDIDATE_RANK3":"PARITHA PURUSHOTHAMAN.G","CANDIDATE_RANK4":"J.EMALAN","VOTES_RANK1":82858.0,"VOTES_RANK2":72761.0,"VOTES_RANK3":64122.0,"VOTES_RANK4":5802.0,"VOTES_RANK1_PERCENTAGE":36.17,"VOTES_RANK2_PERCENTAGE":31.76,"VOTES_RANK3_PERCENTAGE":27.99,"VOTES_RANK4_PERCENTAGE":2.53,"COLOR":null,"ID":27584}},{"type":"Feature","geometry":{"type":"Polygon","coordinates":[[[78.4742,12.6474],[78.4881,12.6454],[78.5003,12.6265],[78.5368,12.6053],[78.5492,12.6318],[78.5637,12.6368],[78.5746,12.6569],[78.597,12.6576],[78.6023,12.6656],[78.6103,12.6639],[78.6176,12.6531],[78.6218,12.6434],[78.621,12.6292],[78.6327,12.6307],[78.6393,12.6162],[78.6709,12.6183],[78.6739,12.6232],[78.7004,12.5929],[78.6912,12.5709],[78.6976,12.5691],[78.6993,12.5568],[78.6923,12.5466],[78.6756,12.5403],[78.6662,12.543],[78.6622,12.5515],[78.6549,12.5518],[78.6532,12.5429],[78.6348,12.5372],[78.6247,12.5416],[78.6264,12.5181],[78.6427,12.5128],[78.6416,12.5016],[78.6318,12.4921],[78.6073,12.491],[78.5987,12.4825],[78.5838,12.4853],[78.5698,12.4754],[78.5631,12.4836],[78.5271,12.492],[78.5277,12.5105],[78.5152,12.4955],[78.5099,12.4988],[78.4995,12.4922],[78.4845,12.4979],[78.468,12.4933],[78.4595,12.4638],[78.4573,12.4755],[78.4481,12.4787],[78.4418,12.4875],[78.4179,12.4797],[78.4152,12.4823],[78.4192,12.5137],[78.413,12.5173],[78.4212,12.5702],[78.4098,12.5876],[78.4073,12.6022],[78.4104,12.6136],[78.4067,12.6201],[78.4126,12.6269],[78.427,12.6353],[78.4348,12.6296],[78.4584,12.6297],[78.4649,12.6241],[78.4717,12.6321],[78.4705,12.6446],[78.4742,12.6474]]]},"properties":{"STATE":"TAMIL NADU","DISTRICT":"VELLORE","AC_NAME":"JOLARPET","AC":"AC","YEAR":2026.0,"RES":"GEN","ELECTORS":237465.0,"VOTERS":213042.0,"TURNOUT":89.72,"MARGIN":16083.0,"MARGIN_PERCENTAGE":7.55,"PARTY_RANK1":"AIADMK","PARTY_RANK2":"TVK","PARTY_RANK3":"DMK","PARTY_RANK4":"NTK","CANDIDATE_RANK1":"VEERAMANI K.C.","CANDIDATE_RANK2":"MUNISAMY C","CANDIDATE_RANK3":"KAVITHADHANDAPANI","CANDIDATE_RANK4":"SASIREKHA K","VOTES_RANK1":78633.0,"VOTES_RANK2":62550.0,"VOTES_RANK3":61977.0,"VOTES_RANK4":5974.0,"VOTES_RANK1_PERCENTAGE":36.91,"VOTES_RANK2_PERCENTAGE":29.36,"VOTES_RANK3_PERCENTAGE":29.09,"VOTES_RANK4_PERCENTAGE":2.8,"COLOR":"#007500","ID":27590}},{"type":"Feature","geometry":{"type":"Polygon","coordinates":[[[79.2549,13.1607],[79.2613,13.1598],[79.2631,13.1488],[79.2753,13.1563],[79.2812,13.1537],[79.2838,13.1229],[79.2974,13.0876],[79.3224,13.0781],[79.3234,13.0716],[79.3109,13.0748],[79.3075,13.0435],[79.31,13.039],[79.3206,13.0413],[79.3216,13.0334],[79.3019,13.0287],[79.2987,13.0136],[79.2902,13.0039],[79.289,12.9749],[79.2703,12.9636],[79.2653,12.9469],[79.2704,12.9449],[79.2707,12.9399],[79.2623,12.9417],[79.2555,12.9508],[79.2404,12.955],[79.218,12.954],[79.1991,12.9512],[79.1695,12.9539],[79.1486,12.9398],[79.11,12.9358],[79.1091,12.9253],[79.1007,12.9246],[79.0939,12.9355],[79.0813,12.9374],[79.0638,12.9294],[79.0667,12.9425],[79.0707,12.9441],[79.0614,12.9515],[79.0716,12.952],[79.0747,12.9596],[79.0816,12.9622],[79.0823,12.9716],[79.0898,12.9732],[79.0866,12.9846],[79.0931,13.0],[79.0816,12.9988],[79.0752,13.0033],[79.0849,13.0274],[79.0983,13.0261],[79.1074,13.0383],[79.1144,13.0393],[79.1373,13.0349],[79.16,13.0203],[79.1822,13.0319],[79.1848,13.0299],[79.193,13.0467],[79.1815,13.0477],[79.1795,13.0543],[79.1921,13.0562],[79.1784,13.0598],[79.1803,13.0645],[79.1873,13.0607],[79.1921,13.0675],[79.1908,13.0734],[79.184,13.0728],[79.1853,13.0797],[79.1806,13.0843],[79.1876,13.0835],[79.1907,13.0888],[79.1931,13.0823],[79.1983,13.0814],[79.2008,13.0889],[79.2344,13.1053],[79.2342,13.1147],[79.2384,13.1186],[79.2304,13.1264],[79.2328,13.1394],[79.21,13.1485],[79.2144,13.1565],[79.2273,13.1556],[79.2256,13.1589],[79.2339,13.17],[79.2427,13.171],[79.2421,13.1497],[79.2449,13.1488],[79.2402,13.1444],[79.2452,13.1383],[79.2546,13.147],[79.2549,13.1607]]]},"properties":{"STATE":"TAMIL NADU","DISTRICT":"VELLORE","AC_NAME":"KATPADI","AC":"AC","YEAR":2026.0,"RES":"GEN","ELECTORS":230148.0,"VOTERS":203497.0,"TURNOUT":88.42,"MARGIN":5870.0,"MARGIN_PERCENTAGE":2.88,"PARTY_RANK1":"TVK","PARTY_RANK2":"AIADMK","PARTY_RANK3":"DMK","PARTY_RANK4":"NTK","CANDIDATE_RANK1":"DR M SUDHAKAR","CANDIDATE_RANK2":"V. RAMU","CANDIDATE_RANK3":"DURAIMURUGAN","CANDIDATE_RANK4":"S. THIRUKKUMARAN","VOTES_RANK1":69868.0,"VOTES_RANK2":63998.0,"VOTES_RANK3":62225.0,"VOTES_RANK4":4625.0,"VOTES_RANK1_PERCENTAGE":34.33,"VOTES_RANK2_PERCENTAGE":31.45,"VOTES_RANK3_PERCENTAGE":30.58,"VOTES_RANK4_PERCENTAGE":2.27,"COLOR":null,"ID":27599}},{"type":"Feature","geometry":{"type":"Polygon","coordinates":[[[79.0063,13.0825],[79.0095,13.0773],[79.0369,13.0706],[79.0387,13.0612],[79.0634,13.0531],[79.0631,13.0403],[79.0809,13.0258],[79.0849,13.0274],[79.0752,13.0033],[79.0816,12.9988],[79.0931,13.0],[79.0866,12.9846],[79.0898,12.9732],[79.0823,12.9716],[79.0816,12.9622],[79.0747,12.9596],[79.0716,12.952],[79.0614,12.9515],[79.0707,12.9441],[79.0667,12.9425],[79.0638,12.9294],[79.0412,12.9195],[78.9986,12.9296],[78.9715,12.9293],[78.9692,12.9243],[78.9162,12.9077],[78.9031,12.9092],[78.8872,12.8946],[78.8647,12.8859],[78.8487,12.9073],[78.826,12.9075],[78.8229,12.9136],[78.8163,12.9153],[78.8208,12.9256],[78.8175,12.9318],[78.8212,12.9326],[78.824,12.9438],[78.8342,12.9445],[78.8506,12.9536],[78.8523,12.966],[78.8623,12.9651],[78.8625,12.9703],[78.8538,12.9737],[78.8498,12.9693],[78.839,12.97],[78.8355,12.9638],[78.8322,12.9656],[78.8338,12.9749],[78.8257,12.9815],[78.832,12.9848],[78.8362,12.9945],[78.8296,13.0022],[78.8311,13.0067],[78.8515,13.0036],[78.8532,13.0139],[78.8584,13.0178],[78.8141,13.0333],[78.8071,13.0578],[78.7943,13.0667],[78.7976,13.0749],[78.8137,13.0891],[78.842,13.0787],[78.8611,13.0837],[78.8709,13.0819],[78.8698,13.0896],[78.8751,13.0969],[78.8956,13.0952],[78.8889,13.0734],[78.8916,13.0331],[78.9291,13.0365],[78.937,13.0305],[78.9408,13.0365],[78.9291,13.0458],[78.9175,13.0437],[78.9036,13.0477],[78.9126,13.066],[78.9217,13.0661],[78.9239,13.0808],[78.9415,13.0786],[78.9492,13.084],[78.9554,13.0759],[78.9621,13.0788],[78.9703,13.0747],[78.9723,13.0838],[78.9825,13.0864],[79.0063,13.0825]]]},"properties":{"STATE":"TAMIL NADU","DISTRICT":"VELLORE","AC_NAME":"KILVAITHINANKUPPAM","AC":"AC","YEAR":2026.0,"RES":"SC","ELECTORS":217021.0,"VOTERS":189892.0,"TURNOUT":87.5,"MARGIN":20255.0,"MARGIN_PERCENTAGE":10.67,"PARTY_RANK1":"TVK","PARTY_RANK2":"AIADMK","PARTY_RANK3":"DMK","PARTY_RANK4":"NTK","CANDIDATE_RANK1":"THENRAL KUMAR. E","CANDIDATE_RANK2":"JEGAN MOORTHY. M","CANDIDATE_RANK3":"DR. RAJESWARI. R","CANDIDATE_RANK4":"KALAIYENTHIRI. R","VOTES_RANK1":74305.0,"VOTES_RANK2":54050.0,"VOTES_RANK3":53898.0,"VOTES_RANK4":5183.0,"VOTES_RANK1_PERCENTAGE":39.13,"VOTES_RANK2_PERCENTAGE":28.46,"VOTES_RANK3_PERCENTAGE":28.38,"VOTES_RANK4_PERCENTAGE":2.73,"COLOR":null,"ID":27604}},{"type":"Feature","geometry":{"type":"Polygon","coordinates":[[[79.3271,13.0334],[79.3359,13.0034],[79.3518,12.9888],[79.3517,12.9792],[79.3574,12.9728],[79.3607,12.9847],[79.3801,12.9661],[79.3923,12.9674],[79.394,12.993],[79.4058,12.9991],[79.4127,12.9891],[79.421,12.9854],[79.4222,12.9696],[79.4439,12.9638],[79.4464,12.9492],[79.4387,12.928],[79.4444,12.9101],[79.4563,12.9033],[79.4548,12.8774],[79.4248,12.8789],[79.3901,12.8681],[79.3783,12.8702],[79.3622,12.8916],[79.3311,12.9176],[79.3203,12.9203],[79.3183,12.9097],[79.3131,12.9104],[79.3074,12.9019],[79.3014,12.9023],[79.3054,12.8963],[79.3145,12.8978],[79.309,12.8847],[79.3188,12.885],[79.3166,12.8537],[79.3069,12.8705],[79.2773,12.8698],[79.2701,12.8568],[79.2714,12.843],[79.2657,12.8493],[79.2348,12.8532],[79.2411,12.8565],[79.2426,12.87],[79.2256,12.8832],[79.2236,12.89],[79.2366,12.8918],[79.2322,12.8988],[79.2359,12.9012],[79.2411,12.8951],[79.2483,12.8981],[79.259,12.8924],[79.2624,12.8954],[79.2686,12.893],[79.2767,12.912],[79.2742,12.9169],[79.2462,12.9214],[79.2395,12.917],[79.2152,12.9183],[79.2064,12.9147],[79.201,12.9038],[79.1939,12.9081],[79.1946,12.9151],[79.1914,12.9122],[79.1893,12.9166],[79.1909,12.9277],[79.2165,12.9427],[79.218,12.954],[79.2404,12.955],[79.2555,12.9508],[79.2623,12.9417],[79.2707,12.9399],[79.2704,12.9449],[79.2653,12.9469],[79.2703,12.9636],[79.289,12.9749],[79.2902,13.0039],[79.2987,13.0136],[79.3019,13.0287],[79.3216,13.0334],[79.3271,13.0334]]]},"properties":{"STATE":"TAMIL NADU","DISTRICT":"VELLORE","AC_NAME":"RANIPET","AC":"AC","YEAR":2026.0,"RES":"GEN","ELECTORS":248962.0,"VOTERS":221038.0,"TURNOUT":88.78,"MARGIN":5787.0,"MARGIN_PERCENTAGE":2.62,"PARTY_RANK1":"TVK","PARTY_RANK2":"DMK","PARTY_RANK3":"BJP","PARTY_RANK4":"NTK","CANDIDATE_RANK1":"THAHIRA","CANDIDATE_RANK2":"R. GANDHI","CANDIDATE_RANK3":"V.M. KARTHIKEYAN","CANDIDATE_RANK4":"THAARIKHA SALMAN","VOTES_RANK1":91149.0,"VOTES_RANK2":85362.0,"VOTES_RANK3":32060.0,"VOTES_RANK4":7236.0,"VOTES_RANK1_PERCENTAGE":41.24,"VOTES_RANK2_PERCENTAGE":38.62,"VOTES_RANK3_PERCENTAGE":14.5,"VOTES_RANK4_PERCENTAGE":3.27,"COLOR":null,"ID":27678}},{"type":"Feature","geometry":{"type":"Polygon","coordinates":[[[79.5505,13.1349],[79.5588,13.1173],[79.5519,13.1078],[79.5531,13.1008],[79.5628,13.0979],[79.574,13.1013],[79.5807,13.0962],[79.5795,13.0895],[79.5716,13.0833],[79.5698,13.0723],[79.5773,13.0537],[79.5842,13.0479],[79.5718,13.047],[79.5563,13.0546],[79.5479,13.0445],[79.551,13.0372],[79.5593,13.0361],[79.5591,13.03],[79.5696,13.0266],[79.5741,13.0159],[79.5781,13.0295],[79.5817,13.0275],[79.5941,13.0339],[79.5939,13.0253],[79.6,13.0158],[79.6097,13.0108],[79.6083,13.0007],[79.5876,12.9853],[79.5925,12.9692],[79.6018,12.9715],[79.6077,12.9662],[79.6043,12.9838],[79.6052,12.9886],[79.6112,12.9874],[79.6211,12.9835],[79.6185,12.9787],[79.6316,12.9701],[79.6363,12.9594],[79.6496,12.9575],[79.6487,12.9494],[79.6589,12.9493],[79.662,12.9304],[79.6368,12.9245],[79.6039,12.9075],[79.5683,12.8991],[79.5648,12.8871],[79.558,12.884],[79.5585,12.8725],[79.566,12.8587],[79.5599,12.8528],[79.5365,12.8629],[79.509,12.8572],[79.4998,12.8727],[79.4977,12.8691],[79.4898,12.8711],[79.4887,12.876],[79.4787,12.8716],[79.4728,12.8743],[79.4548,12.8774],[79.4563,12.9033],[79.4444,12.9101],[79.4387,12.928],[79.4464,12.9492],[79.4439,12.9638],[79.4222,12.9696],[79.421,12.9854],[79.4127,12.9891],[79.4058,12.9991],[79.394,12.993],[79.3923,12.9674],[79.3801,12.9661],[79.3607,12.9847],[79.3574,12.9728],[79.3517,12.9792],[79.3518,12.9888],[79.3359,13.0034],[79.3271,13.0334],[79.3216,13.0334],[79.3206,13.0413],[79.31,13.039],[79.3075,13.0435],[79.3109,13.0748],[79.3234,13.0716],[79.3224,13.0781],[79.3299,13.0728],[79.3349,13.0604],[79.3515,13.0625],[79.3792,13.0754],[79.3793,13.08],[79.4171,13.0846],[79.4153,13.0894],[79.4229,13.0972],[79.4203,13.1037],[79.4043,13.0998],[79.4017,13.1041],[79.4042,13.115],[79.4134,13.119],[79.4113,13.136],[79.4187,13.1502],[79.4339,13.1365],[79.4392,13.1248],[79.4534,13.1264],[79.4518,13.1212],[79.4293,13.1163],[79.4345,13.1115],[79.4436,13.1138],[79.451,13.0933],[79.4625,13.0954],[79.4645,13.1072],[79.4752,13.1077],[79.4737,13.1253],[79.4754,13.1305],[79.4821,13.1281],[79.4819,13.1395],[79.4986,13.1361],[79.5231,13.1436],[79.5225,13.1387],[79.5505,13.1349]]]},"properties":{"STATE":"TAMIL NADU","DISTRICT":"VELLORE","AC_NAME":"SHOLINGUR","AC":"AC","YEAR":2026.0,"RES":"GEN","ELECTORS":258076.0,"VOTERS":233684.0,"TURNOUT":90.55,"MARGIN":5686.0,"MARGIN_PERCENTAGE":2.43,"PARTY_RANK1":"TVK","PARTY_RANK2":"PMK","PARTY_RANK3":"INC","PARTY_RANK4":"NTK","CANDIDATE_RANK1":"G.KAPIL","CANDIDATE_RANK2":"K.SARAVANAN","CANDIDATE_RANK3":"A.M.MUNIRATHINAM","CANDIDATE_RANK4":"A.ASHOK KUMAR","VOTES_RANK1":84506.0,"VOTES_RANK2":78820.0,"VOTES_RANK3":57997.0,"VOTES_RANK4":6468.0,"VOTES_RANK1_PERCENTAGE":36.16,"VOTES_RANK2_PERCENTAGE":33.73,"VOTES_RANK3_PERCENTAGE":24.82,"VOTES_RANK4_PERCENTAGE":2.77,"COLOR":null,"ID":27692}},{"type":"Feature","geometry":{"type":"Polygon","coordinates":[[[78.832,12.6411],[78.8453,12.6406],[78.8585,12.6333],[78.8366,12.5816],[78.8208,12.5367],[78.8059,12.5099],[78.7965,12.4971],[78.7905,12.4991],[78.7758,12.4836],[78.7775,12.4598],[78.7725,12.4609],[78.7585,12.4428],[78.7688,12.4375],[78.7687,12.4225],[78.7509,12.3853],[78.7429,12.3779],[78.7291,12.3739],[78.7286,12.3592],[78.71,12.3042],[78.7035,12.2961],[78.6939,12.2941],[78.6784,12.2718],[78.6481,12.2583],[78.6352,12.2612],[78.6405,12.2675],[78.6414,12.2821],[78.6237,12.2651],[78.6168,12.2676],[78.6098,12.2613],[78.6037,12.2625],[78.6044,12.2795],[78.613,12.2944],[78.6096,12.3094],[78.5984,12.3133],[78.593,12.3073],[78.5885,12.3134],[78.6046,12.3319],[78.6111,12.33],[78.6172,12.3474],[78.5844,12.3606],[78.5673,12.3891],[78.5564,12.3901],[78.5434,12.3982],[78.5256,12.3986],[78.5141,12.4074],[78.5087,12.3988],[78.5005,12.4074],[78.4956,12.4067],[78.4886,12.3962],[78.4916,12.3948],[78.4887,12.3813],[78.4636,12.3859],[78.4602,12.3796],[78.4345,12.3888],[78.4552,12.4224],[78.4467,12.4377],[78.4499,12.4442],[78.4421,12.4505],[78.434,12.4556],[78.4179,12.4797],[78.4418,12.4875],[78.4481,12.4787],[78.4573,12.4755],[78.4595,12.4638],[78.468,12.4933],[78.4845,12.4979],[78.4995,12.4922],[78.5099,12.4988],[78.5152,12.4955],[78.5277,12.5105],[78.5271,12.492],[78.5631,12.4836],[78.5698,12.4754],[78.5838,12.4853],[78.5987,12.4825],[78.6073,12.491],[78.6318,12.4921],[78.6416,12.5016],[78.6699,12.4954],[78.6595,12.4631],[78.6657,12.4512],[78.6751,12.4491],[78.6792,12.4525],[78.7043,12.4853],[78.7227,12.4664],[78.741,12.4959],[78.7617,12.5006],[78.7688,12.5281],[78.8021,12.5311],[78.8064,12.5362],[78.8087,12.5569],[78.8311,12.6092],[78.832,12.6411]]]},"properties":{"STATE":"TAMIL NADU","DISTRICT":"VELLORE","AC_NAME":"TIRUPPATTUR","AC":"AC","YEAR":2026.0,"RES":"GEN","ELECTORS":275999.0,"VOTERS":215710.0,"TURNOUT":78.16,"MARGIN":1.0,"MARGIN_PERCENTAGE":0.0,"PARTY_RANK1":"TVK","PARTY_RANK2":"DMK","PARTY_RANK3":"BJP","PARTY_RANK4":"NTK","CANDIDATE_RANK1":"SEENIVASA SETHUPATHY. R","CANDIDATE_RANK2":"PERIAKARUPPAN. KR","CANDIDATE_RANK3":"THIRUMARAN. K.C","CANDIDATE_RANK4":"RAMYA MOHAN","VOTES_RANK1":83375.0,"VOTES_RANK2":83374.0,"VOTES_RANK3":29054.0,"VOTES_RANK4":15291.0,"VOTES_RANK1_PERCENTAGE":38.65,"VOTES_RANK2_PERCENTAGE":38.65,"VOTES_RANK3_PERCENTAGE":13.47,"VOTES_RANK4_PERCENTAGE":7.09,"COLOR":null,"ID":27733}},{"type":"Feature","geometry":{"type":"Polygon","coordinates":[[[78.525,12.7155],[78.5375,12.717],[78.5369,12.7134],[78.5442,12.711],[78.5293,12.7092],[78.5347,12.6914],[78.5417,12.6911],[78.555,12.6994],[78.5548,12.7076],[78.5616,12.7099],[78.5543,12.7184],[78.5634,12.7354],[78.5789,12.736],[78.5843,12.7098],[78.5985,12.6962],[78.6147,12.6922],[78.6172,12.7084],[78.6262,12.7108],[78.6265,12.7194],[78.6342,12.7226],[78.6398,12.72],[78.6326,12.6971],[78.6548,12.6897],[78.6573,12.6995],[78.6628,12.6994],[78.6748,12.693],[78.6783,12.6795],[78.6947,12.6684],[78.7184,12.6656],[78.7321,12.6591],[78.7454,12.6781],[78.7699,12.6801],[78.7778,12.6657],[78.8013,12.6438],[78.8116,12.6388],[78.832,12.6411],[78.8311,12.6092],[78.8087,12.5569],[78.8064,12.5362],[78.8021,12.5311],[78.7688,12.5281],[78.7617,12.5006],[78.741,12.4959],[78.7227,12.4664],[78.7043,12.4853],[78.6792,12.4525],[78.6751,12.4491],[78.6657,12.4512],[78.6595,12.4631],[78.6699,12.4954],[78.6416,12.5016],[78.6427,12.5128],[78.6264,12.5181],[78.6247,12.5416],[78.6348,12.5372],[78.6532,12.5429],[78.6549,12.5518],[78.6622,12.5515],[78.6662,12.543],[78.6756,12.5403],[78.6923,12.5466],[78.6993,12.5568],[78.6976,12.5691],[78.6912,12.5709],[78.7004,12.5929],[78.6739,12.6232],[78.6709,12.6183],[78.6393,12.6162],[78.6327,12.6307],[78.621,12.6292],[78.6218,12.6434],[78.6176,12.6531],[78.6103,12.6639],[78.6023,12.6656],[78.597,12.6576],[78.5746,12.6569],[78.5637,12.6368],[78.5492,12.6318],[78.5368,12.6053],[78.5003,12.6265],[78.4881,12.6454],[78.4742,12.6474],[78.4705,12.6506],[78.4679,12.6759],[78.4845,12.6717],[78.4988,12.6751],[78.5038,12.682],[78.5033,12.6899],[78.5074,12.6914],[78.5029,12.6919],[78.504,12.6987],[78.4963,12.703],[78.5019,12.7045],[78.503,12.7168],[78.5118,12.7077],[78.52,12.7121],[78.5202,12.7187],[78.5059,12.7226],[78.5016,12.7312],[78.4927,12.7357],[78.4891,12.742],[78.4931,12.7472],[78.5052,12.743],[78.5071,12.7371],[78.5138,12.7345],[78.5139,12.7253],[78.518,12.7249],[78.5209,12.7362],[78.5227,12.7193],[78.527,12.7215],[78.525,12.7155]]]},"properties":{"STATE":"TAMIL NADU","DISTRICT":"VELLORE","AC_NAME":"VANIYAMBADI","AC":"AC","YEAR":2026.0,"RES":"GEN","ELECTORS":243320.0,"VOTERS":212534.0,"TURNOUT":87.35,"MARGIN":2982.0,"MARGIN_PERCENTAGE":1.4,"PARTY_RANK1":"IUML","PARTY_RANK2":"TVK","PARTY_RANK3":"AIADMK","PARTY_RANK4":"NTK","CANDIDATE_RANK1":"SYED FAROOQ BASHA SSB","CANDIDATE_RANK2":"SYED BHURHANUDEEN","CANDIDATE_RANK3":"SENDHIL KUMAR.G","CANDIDATE_RANK4":"MURUGESAN.G","VOTES_RANK1":73181.0,"VOTES_RANK2":70199.0,"VOTES_RANK3":61055.0,"VOTES_RANK4":4849.0,"VOTES_RANK1_PERCENTAGE":34.43,"VOTES_RANK2_PERCENTAGE":33.03,"VOTES_RANK3_PERCENTAGE":28.73,"VOTES_RANK4_PERCENTAGE":2.28,"COLOR":"#228B22","ID":27748}},{"type":"Feature","geometry":{"type":"Polygon","coordinates":[[[79.218,12.954],[79.2165,12.9427],[79.1909,12.9277],[79.1893,12.9166],[79.1914,12.9122],[79.1946,12.9151],[79.1939,12.9081],[79.201,12.9038],[79.2061,12.9034],[79.2098,12.8949],[79.2044,12.8894],[79.1965,12.8938],[79.1929,12.883],[79.1792,12.8795],[79.1775,12.8848],[79.1546,12.8841],[79.1487,12.8791],[79.1469,12.8826],[79.1429,12.879],[79.1304,12.8818],[79.128,12.8928],[79.1218,12.9022],[79.1128,12.9026],[79.1083,12.9012],[79.1,12.8853],[79.0938,12.886],[79.0921,12.9069],[79.0781,12.9047],[79.0771,12.9091],[79.0697,12.91],[79.071,12.9135],[79.0902,12.9141],[79.0925,12.9185],[79.0925,12.9255],[79.0853,12.9279],[79.0813,12.9374],[79.0939,12.9355],[79.1007,12.9246],[79.1091,12.9253],[79.11,12.9358],[79.1486,12.9398],[79.1695,12.9539],[79.1991,12.9512],[79.218,12.954]]]},"properties":{"STATE":"TAMIL NADU","DISTRICT":"VELLORE","AC_NAME":"VELLORE","AC":"AC","YEAR":2026.0,"RES":"GEN","ELECTORS":214946.0,"VOTERS":190527.0,"TURNOUT":88.64,"MARGIN":6777.0,"MARGIN_PERCENTAGE":3.56,"PARTY_RANK1":"TVK","PARTY_RANK2":"DMK","PARTY_RANK3":"AIADMK","PARTY_RANK4":"NTK","CANDIDATE_RANK1":"M.M.VINOTH KANNAN","CANDIDATE_RANK2":"P.KARTHIKEYAN","CANDIDATE_RANK3":"S R K APPU","CANDIDATE_RANK4":"A.SONIYA","VOTES_RANK1":73032.0,"VOTES_RANK2":66255.0,"VOTES_RANK3":45458.0,"VOTES_RANK4":3793.0,"VOTES_RANK1_PERCENTAGE":38.33,"VOTES_RANK2_PERCENTAGE":34.77,"VOTES_RANK3_PERCENTAGE":23.86,"VOTES_RANK4_PERCENTAGE":1.99,"COLOR":null,"ID":27755}},{"type":"Feature","geometry":{"type":"Polygon","coordinates":[[[79.3248724434485,12.431738871934115],[79.33406225283287,12.429176372745044],[79.3380236310795,12.430225912381244],[79.34156367241035,12.432303189622564],[79.3496938017057,12.426187973413745],[79.35122907027485,12.427134080158265],[79.35527917771553,12.429629652182127],[79.3636719454253,12.427804872882271],[79.37252965411191,12.426963213077396],[79.37372318852796,12.426856738041835],[79.38843854509417,12.421511691256876],[79.3887707117666,12.416342074768593],[79.38888928939998,12.414339330052167],[79.39364263908155,12.4074199738129],[79.39787121895827,12.403904269543602],[79.39734137891378,12.395818758153],[79.40332274064107,12.393605598485347],[79.40385258068558,12.390406784202833],[79.40177276837692,12.388401504366506],[79.4009610230073,12.385098750168327],[79.40038663112189,12.382989530416339],[79.40038663112189,12.381690027958566],[79.40209472859534,12.380041185979367],[79.40107459637568,12.379127528769494],[79.39978726252592,12.376102116687738],[79.39835137065411,12.375327384048068],[79.3967918311119,12.373252641926642],[79.39721773125413,12.370898529592878],[79.39802941043568,12.367662702559901],[79.39721773125413,12.362852059048642],[79.39721773125413,12.35698224244558],[79.39808923926367,12.356385475222483],[79.40017875129057,12.356593862077785],[79.40213934670436,12.355962617224126],[79.40305503198701,12.354033898008607],[79.40450106433815,12.354132767684485],[79.40470894416421,12.3532216455945],[79.40421865198905,12.352483925705286],[79.40353569070682,12.350726073570637],[79.40272850855288,12.347317351360877],[79.40224835685706,12.346121281794789],[79.40081253126412,12.344222476994023],[79.40101534085566,12.339300795231397],[79.39904954265535,12.336951246113436],[79.39472209310524,12.333470526498683],[79.39728205710975,12.330063832384837],[79.39824236050141,12.327036392207168],[79.3974007007178,12.326055807832084],[79.39644039732613,12.323874590675103],[79.39509837102257,12.321485493686797],[79.39242476751514,12.318354113593466],[79.39226606901377,12.317685348965371],[79.39035002544612,12.3157890792845],[79.3896964715539,12.314596051862281],[79.38847352974783,12.31305114979875],[79.387888931115,12.311852545112762],[79.38779006144162,12.307426225777467],[79.38745339752818,12.306619043603149],[79.3863440290905,12.305354018775937],[79.38318019954244,12.304435798350253],[79.38286330956366,12.302786956371056],[79.38228428819446,12.302083714112399],[79.3815313576049,12.300117982146428],[79.38052650187063,12.298357594891886],[79.38024909399479,12.295931485153123],[79.3815313576049,12.295372237704457],[79.38362080336891,12.2928046682756],[79.3844629701765,12.291992922885473],[79.38511652406872,12.289853788718734],[79.38456691008955,12.287672571561753],[79.38516577127703,12.284402266898216],[79.38527471554612,12.281488400091806],[79.38671060741794,12.280782622713259],[79.38752742302721,12.279661085672059],[79.38825550944244,12.277267425467942],[79.39040427701049,12.277479868515078],[79.39162265560087,12.275754465915073],[79.39376635292926,12.275304228621863],[79.3944346105165,12.275264173727532],[79.40022786635241,12.275024351385543],[79.40117853628873,12.27431857400699],[79.40411014886033,12.272560721872342],[79.40450106433815,12.272033416934349],[79.40705088786333,12.270939259188006],[79.40754118003848,12.269676769480686],[79.40924941027207,12.26893904959147],[79.40861563029851,12.267146719826261],[79.4125967160038,12.261873163422317],[79.4134581497221,12.25544409937059],[79.41422071376702,12.24957377574355],[79.41645364731343,12.245848163547011],[79.41676546705254,12.245531273560234],[79.41602774718197,12.239381579720852],[79.41693886924892,12.238151032524202],[79.41762740779481,12.237234840194434],[79.41885541984054,12.236816545411887],[79.41981578999115,12.236638579995313],[79.420147316906,12.234846250230103],[79.42039981484108,12.232877983144238],[79.4197711051232,12.230768763392252],[79.41917230981932,12.23034539836992],[79.4172557592277,12.230209008919607],[79.41731051781603,12.22634447215287],[79.41735969914073,12.225676214548756],[79.4177364179475,12.22489843976521],[79.41864246977481,12.224760022218987],[79.4189096714049,12.224581549778433],[79.41981578999115,12.224126242245434],[79.420147316906,12.223356072821568],[79.41793922753392,12.222405402861238],[79.41693886924892,12.22208851287446],[79.41506237355064,12.22170013250667],[79.41319551130769,12.222618352932354],[79.41206687595931,12.221982037838906],[79.41031923086742,12.21973693566059],[79.40882351012985,12.219239038113365],[79.40837776958244,12.218575850749039],[79.40290654029674,12.217870073370491],[79.4023370860511,12.218046010691152],[79.40209472859534,12.216639526173838],[79.4014412409979,12.215901806284624],[79.40188177852961,12.21274051177654],[79.39957431246019,12.212665979251646],[79.39695502665165,12.212317146754202],[79.39680139838994,12.209331282542799],[79.39878690424094,12.20904684209067],[79.39926249272108,12.209120867591578],[79.39904954265535,12.206135510404154],[79.39691040854264,12.205922560333038],[79.39638056849813,12.204689478016494],[79.395038983084,12.202582793384401],[79.39423687116974,12.200686523703531],[79.39423687116974,12.196925926852456],[79.39632124669411,12.196187699939257],[79.39936643263411,12.195900724367233],[79.40000528283132,12.195375954549135],[79.39978726252592,12.194643304899705],[79.40070345483255,12.19256349253849],[79.40028262494074,12.191932247684832],[79.40022786635241,12.190424358371752],[79.39963363426422,12.189679540146832],[79.39808923926367,12.189508673065964],[79.39653419675984,12.187154053708218],[79.39467754112013,12.187327455908983],[79.39407817266837,12.18623786137845],[79.39639577921712,12.185710556440451],[79.40147565233282,12.185780018725556],[79.40328319277172,12.1845494715289],[79.40548621190415,12.184376576352117],[79.40600641849329,12.18434159169758],[79.40639733397111,12.181457639305922],[79.40985827956327,12.176219067556515],[79.40836306588743,12.17530541034664],[79.41027910945508,12.168734886604817],[79.41087334154327,12.162236360267991],[79.41087334154327,12.161637057925],[79.4102248578907,12.16142664297378],[79.40820943762571,12.163605325010865],[79.40794223599562,12.162374777814215],[79.40734300011161,12.161738462720766],[79.40723899375473,12.161003277951446],[79.409100785758,12.159842193039895],[79.40915554434633,12.15850770592758],[79.411086291609,12.158121353655703],[79.41151219174047,12.154851048992166],[79.41182401147958,12.151548294793985],[79.41201718761063,12.150778632394104],[79.41182401147958,12.149159704829659],[79.41337398374374,12.147748150072559],[79.4163796218144,12.147297912779344],[79.41663718998913,12.145574538275259],[79.41797877540327,12.145188693027363],[79.41802846375194,12.14455491305381],[79.41882043518689,12.142906071074611],[79.4198948189709,12.142730133753952],[79.42020714573398,12.140546381477076],[79.42164760082149,12.139915136623419],[79.42144479123507,12.13889753949788],[79.42374211682518,12.138090864347541],[79.42688617243856,12.136543427164113],[79.42736683115835,12.134149259936018],[79.42442558513139,12.13148028571139],[79.42282643154252,12.128947700937067],[79.42181593277822,12.129544468160168],[79.4202563270587,12.127370856362868],[79.41813754062119,12.125858403833982],[79.41963268758047,12.12184987225725],[79.41960791015983,12.121285554568795],[79.41784035786054,12.122729051836561],[79.41497820757228,12.115239800645075],[79.41070044637084,12.113098638382422],[79.4104428781961,12.110775961535344],[79.40081253126412,12.111231776092323],[79.39463792712688,12.113833823151746],[79.39000322105336,12.102415643148204],[79.38428956798012,12.101853860579649],[79.37984803803766,12.103262373192873],[79.37959554010257,12.103329300358082],[79.37482248210864,12.100970117784527],[79.3700639965651,12.102762447549733],[79.36390466942571,12.099920071124341],[79.3560812896298,12.099182351235127],[79.35072407440468,12.089549402661092],[79.34144509358143,12.089198035043754],[79.34118746062755,12.088777205141316],[79.33717690105621,12.082414561230818],[79.3253775036919,12.08431083091169],[79.32591234960283,12.078129194561637],[79.3256694851231,12.071694553246145],[79.3226988317061,12.069023550925598],[79.316311343782,12.068181891120723],[79.31003793625027,12.068530723618167],[79.30473497258951,12.068357321417404],[79.29975396914719,12.06821383363139],[79.29166845796084,12.069023550925598],[79.28714282544736,12.071452195784257],[79.28575655851688,12.06972882128017],[79.27872565717989,12.060871112369787],[79.26547559987551,12.05918272252024],[79.26237109213149,12.058793835128471],[79.26071210971462,12.060024382325121],[79.247719620585,12.069550855863596],[79.2545279384009,12.081186549154058],[79.25480528051033,12.081639828591147],[79.2546172372046,12.084979595539785],[79.25438445061852,12.088811682771878],[79.25674109801264,12.090396132705761],[79.26384146163299,12.092780159454279],[79.26512372524309,12.09932127580533],[79.2651982577661,12.101922815840773],[79.26536658972282,12.110149786921474],[79.26461872937291,12.111447261283333],[79.263886079742,12.11270975099065],[79.25990999780036,12.114992372943401],[79.24593236110472,12.116965203245076],[79.24587760251639,12.121322567319252],[79.24162975572897,12.122270702159687],[79.24058477933497,12.125645453762866],[79.23535584117325,12.126417651282642],[79.23403909993345,12.133448552797255],[79.23283593206206,12.134013377509685],[79.2309097480151,12.13485757243446],[79.22477982826574,12.135768187500464],[79.22378454022042,12.139459829090415],[79.22335864008895,12.141108671069611],[79.2160554668822,12.144869267920692],[79.20287994210082,12.151689754484082],[79.20024544557332,12.153024241596398],[79.1984333419187,12.156435498926049],[79.19932469005099,12.162270837898554],[79.20210267436089,12.170002446551923],[79.19918627250827,12.173970923234329],[79.19890386015918,12.177877542991311],[79.20117634157495,12.180229627229162],[79.20357811410206,12.185185786622348],[79.20611323393223,12.184794871134663],[79.20885116334881,12.17727367743251],[79.20967811943741,12.169895971516368],[79.22131381243393,12.169722569315603],[79.2213335863686,12.170002446551923],[79.22161599871768,12.172955861228685],[79.22017002808202,12.176149605271416],[79.22108615867319,12.183037019000015],[79.2211753948912,12.183710346843915],[79.2183629329516,12.186941103637102],[79.21370338270376,12.190211408300641],[79.20481575960315,12.194603250005374],[79.20315728421025,12.1972027619449],[79.20505862408288,12.200260623561304],[79.22193795893612,12.19896061407955],[79.22393816848212,12.200755478964654],[79.22336878056826,12.203315443033832],[79.21377791522677,12.205887575678501],[79.21348079918266,12.207714890098249],[79.21867982293038,12.212215741958437],[79.222522050545,12.215547903547389],[79.22567123825246,12.221524195186012],[79.22886999059975,12.222266985315015],[79.23422720582485,12.226450947188427],[79.22820128790688,12.232313158431804],[79.22456687820001,12.237445762169632],[79.22512663265852,12.241240836651267],[79.23059285803633,12.244159773697467],[79.23008279192649,12.247853443383336],[79.22872599579338,12.25017054296665],[79.23344486784526,12.263777038462871],[79.23773783976569,12.261135443533101],[79.24356050299161,12.260680136000103],[79.24500146510309,12.264158320494962],[79.24814552071646,12.262648403085967],[79.24958648282794,12.264688160552854],[79.25879606614699,12.277727803240731],[79.26468819165626,12.27695256357708],[79.26628734524513,12.27790323353741],[79.26711430133373,12.279552075516609],[79.26197459939004,12.29086885072438],[79.262851306621,12.29231437608806],[79.26749057602743,12.291715580769043],[79.27150157971184,12.2928741305607],[79.27469988688958,12.296808129612543],[79.27431860486712,12.30071221424963],[79.27645773897981,12.302858446752074],[79.27627926654377,12.304824178718043],[79.27301149708268,12.30636908078158],[79.27278390636654,12.30636908078158],[79.25732569664548,12.307005395875029],[79.25086874643803,12.309463955148434],[79.2463780975484,12.307777593394805],[79.23758928174364,12.309674370099655],[79.23337033532226,12.30296492178763],[79.22531980878956,12.302361056228829],[79.22119009858622,12.30303438407273],[79.219521482714,12.306898920839469],[79.22121494276055,12.310835455011206],[79.22225941213058,12.31445205705229],[79.21802119879851,12.316982613730694],[79.2091828184605,12.317546931419148],[79.2071480698469,12.322889443084211],[79.20467227182075,12.32408754074622],[79.20080520003181,12.325909784926177],[79.18719870487932,12.327073404957623],[79.18717893094464,12.3295639067417],[79.19181363701816,12.33097495447482],[79.19651735946901,12.330445114416928],[79.20159717146676,12.331222889200474],[79.20868283139208,12.334032816091218],[79.21264877285441,12.331958073969792],[79.21533752094629,12.328128014833615],[79.22123984867738,12.328935197007933],[79.22404210839517,12.331289309341702],[79.22648292176765,12.333361516343233],[79.22745387266261,12.338038305524075],[79.22089298254213,12.342219732277592],[79.21859058671237,12.344606294146004],[79.21961578917168,12.347386306622],[79.2199276089108,12.348231008570751],[79.2143670770753,12.351005950806957],[79.213386492725,12.354207300209373],[79.2159910748385,12.358460217343907],[79.22166067857982,12.356241987436471],[79.22416582224288,12.35406330539938],[79.22763690831434,12.355608207462918],[79.2328009474084,12.36246621380074],[79.23517286761597,12.365590495558372],[79.2350146140441,12.368650385270689],[79.23463789523734,12.376347516293501],[79.23062733566601,12.38091732341481],[79.22728554070588,12.384712904920425],[79.22604231794116,12.38538116252454],[79.22306152404485,12.387000090088986],[79.21317354265925,12.388124162250081],[79.21967004073605,12.416067267772062],[79.2220368286095,12.423024143785762],[79.22458158189502,12.427698397846715],[79.22672077788867,12.428649067807045],[79.23255858995265,12.428822470007809],[79.23446956328063,12.432793481810105],[79.24177831375101,12.432899956845661],[79.26284116614143,12.433283773997648],[79.26863942942357,12.432055761920891],[79.28331523812044,12.428891425268933],[79.28935592165176,12.427171092908717],[79.2943470655734,12.425764608391408],[79.29608514372897,12.426747727886385],[79.29790738786289,12.42777039525171],[79.30374982502352,12.429735620193703],[79.30989951870754,12.435360544214987],[79.31341522288803,12.436554078661185],[79.32137201425904,12.433214311712547],[79.3248724434485,12.431738871934115]]]},"properties":{"STATE":"TAMIL NADU","DISTRICT":"VILUPPURAM","AC_NAME":"GINGEE","AC":"AC","YEAR":2026.0,"RES":"GEN","ELECTORS":242992.0,"VOTERS":216652.0,"TURNOUT":89.16,"MARGIN":12645.0,"MARGIN_PERCENTAGE":5.84,"PARTY_RANK1":"PMK","PARTY_RANK2":"DMK","PARTY_RANK3":"TVK","PARTY_RANK4":"NTK","CANDIDATE_RANK1":"GANESHKUMAR A","CANDIDATE_RANK2":"GINGEE MASTHAN K S","CANDIDATE_RANK3":"CHANDRASEKARAN B","CANDIDATE_RANK4":"ADVOCATE KRISHNAN E","VOTES_RANK1":78201.0,"VOTES_RANK2":65556.0,"VOTES_RANK3":61609.0,"VOTES_RANK4":6371.0,"VOTES_RANK1_PERCENTAGE":36.1,"VOTES_RANK2_PERCENTAGE":30.26,"VOTES_RANK3_PERCENTAGE":28.44,"VOTES_RANK4_PERCENTAGE":2.94,"COLOR":"#FFFF00","ID":27581}},{"type":"Feature","geometry":{"type":"Polygon","coordinates":[[[79.12,11.8047],[79.1237,11.8076],[79.1186,11.7883],[79.1195,11.7793],[79.1277,11.7759],[79.1249,11.7594],[79.1325,11.7616],[79.144,11.7517],[79.1368,11.7252],[79.1268,11.7134],[79.1269,11.7074],[79.1296,11.7004],[79.1507,11.7038],[79.1671,11.6995],[79.1584,11.6734],[79.1515,11.6693],[79.1822,11.6572],[79.178,11.6437],[79.192,11.6394],[79.1927,11.6279],[79.1907,11.6191],[79.1811,11.6102],[79.1944,11.6023],[79.1925,11.593],[79.1836,11.586],[79.1564,11.5983],[79.1502,11.5975],[79.1477,11.5895],[79.1357,11.589],[79.1335,11.594],[79.1164,11.5992],[79.118,11.6056],[79.1129,11.6133],[79.1061,11.615],[79.1028,11.6107],[79.0982,11.6142],[79.0986,11.6212],[79.0913,11.6233],[79.084,11.6344],[79.0782,11.6296],[79.0674,11.6303],[79.0693,11.621],[79.0655,11.6114],[79.0769,11.6081],[79.0774,11.599],[79.0681,11.5988],[79.0646,11.5929],[79.0491,11.5858],[79.0431,11.5873],[79.0498,11.5957],[79.0334,11.598],[79.0183,11.6068],[79.0121,11.6027],[79.0188,11.5929],[79.0044,11.5747],[78.9951,11.5755],[78.9805,11.5678],[78.9712,11.5746],[78.924,11.5675],[78.9154,11.5378],[78.917,11.5287],[78.9047,11.5046],[78.8787,11.5102],[78.8775,11.5075],[78.8706,11.5176],[78.8431,11.5233],[78.8348,11.5304],[78.8356,11.5397],[78.8157,11.5438],[78.8161,11.5612],[78.8291,11.5778],[78.8168,11.5902],[78.7759,11.6056],[78.7766,11.6133],[78.7862,11.6138],[78.7893,11.6289],[78.7864,11.6407],[78.7737,11.6364],[78.7928,11.6512],[78.7947,11.6576],[78.8054,11.6602],[78.8035,11.6864],[78.8244,11.6743],[78.8327,11.6739],[78.8393,11.687],[78.837,11.7037],[78.8737,11.6979],[78.882,11.7],[78.8807,11.708],[78.8885,11.7115],[78.8872,11.7364],[78.8933,11.7525],[78.9054,11.7637],[78.9143,11.7584],[78.9179,11.7638],[78.928,11.7549],[78.9439,11.7515],[78.9549,11.7609],[78.9501,11.7744],[78.9689,11.7788],[78.9851,11.7705],[78.9894,11.759],[79.0046,11.7551],[79.0181,11.7753],[79.0297,11.7531],[79.0375,11.7658],[79.0461,11.7638],[79.0471,11.7587],[79.0555,11.7626],[79.0563,11.7703],[79.078,11.7917],[79.0879,11.7863],[79.0973,11.7949],[79.12,11.8047]]]},"properties":{"STATE":"TAMIL NADU","DISTRICT":"VILUPPURAM","AC_NAME":"KALLAKURICHI","AC":"AC","YEAR":2026.0,"RES":"SC","ELECTORS":281622.0,"VOTERS":249626.0,"TURNOUT":88.64,"MARGIN":798.0,"MARGIN_PERCENTAGE":0.32,"PARTY_RANK1":"TVK","PARTY_RANK2":"AIADMK","PARTY_RANK3":"VCK","PARTY_RANK4":"NTK","CANDIDATE_RANK1":"ARUL VIGNESH C","CANDIDATE_RANK2":"RAJEEVGANDHI S","CANDIDATE_RANK3":"MALATHI K","CANDIDATE_RANK4":"NAGAMMAL RAJKODI","VOTES_RANK1":81132.0,"VOTES_RANK2":80334.0,"VOTES_RANK3":77666.0,"VOTES_RANK4":7494.0,"VOTES_RANK1_PERCENTAGE":32.5,"VOTES_RANK2_PERCENTAGE":32.18,"VOTES_RANK3_PERCENTAGE":31.11,"VOTES_RANK4_PERCENTAGE":3.0,"COLOR":null,"ID":27593}},{"type":"Feature","geometry":{"type":"Polygon","coordinates":[[[79.4207,12.4106],[79.4272,12.401],[79.4333,12.4103],[79.4388,12.408],[79.4363,12.3942],[79.4407,12.389],[79.4425,12.3943],[79.4486,12.3958],[79.4508,12.3751],[79.4621,12.3746],[79.4727,12.3659],[79.4849,12.3706],[79.4859,12.3755],[79.4935,12.371],[79.4887,12.3504],[79.4969,12.3457],[79.5072,12.3459],[79.5115,12.3541],[79.5183,12.353],[79.5308,12.3701],[79.5464,12.3634],[79.5582,12.3645],[79.5976,12.3479],[79.6023,12.3724],[79.6097,12.3782],[79.6208,12.3742],[79.6234,12.3652],[79.6185,12.3538],[79.6214,12.3495],[79.6423,12.3449],[79.6565,12.3262],[79.6829,12.316],[79.6859,12.3062],[79.6993,12.3079],[79.7088,12.3029],[79.705,12.2953],[79.6911,12.297],[79.686,12.2888],[79.6847,12.2818],[79.6929,12.2714],[79.6812,12.269],[79.6796,12.2612],[79.6408,12.2703],[79.6402,12.2621],[79.6318,12.2528],[79.6329,12.2401],[79.621,12.2355],[79.6122,12.2255],[79.6071,12.1877],[79.618,12.1863],[79.6112,12.1559],[79.6153,12.1512],[79.6242,12.1491],[79.6296,12.1593],[79.6383,12.1597],[79.6457,12.1486],[79.666,12.1504],[79.6723,12.1634],[79.6826,12.1669],[79.6906,12.1424],[79.6812,12.1368],[79.672,12.1211],[79.6546,12.1194],[79.6478,12.1143],[79.6511,12.0939],[79.6448,12.091],[79.6462,12.0834],[79.6331,12.0571],[79.6029,12.0632],[79.6002,12.0598],[79.588,12.0603],[79.5844,12.0445],[79.5724,12.0467],[79.5777,12.0665],[79.5675,12.0721],[79.568,12.081],[79.5439,12.0834],[79.5444,12.0879],[79.5403,12.0885],[79.5321,12.0835],[79.5246,12.0905],[79.5204,12.0895],[79.5159,12.118],[79.5259,12.1283],[79.5184,12.1394],[79.5087,12.1391],[79.4982,12.1472],[79.491,12.1371],[79.4782,12.1367],[79.477,12.141],[79.4784,12.1497],[79.474,12.1508],[79.4714,12.1393],[79.4599,12.1445],[79.4496,12.1377],[79.434,12.1404],[79.4416,12.1521],[79.4257,12.1648],[79.4193,12.2003],[79.4077,12.2011],[79.4138,12.207],[79.4071,12.2135],[79.4131,12.2225],[79.4104,12.2275],[79.4324,12.2391],[79.4263,12.2779],[79.4154,12.2917],[79.4006,12.292],[79.3995,12.3071],[79.3932,12.3116],[79.4122,12.3418],[79.4095,12.3491],[79.419,12.3672],[79.4109,12.379],[79.417,12.4083],[79.4207,12.4106]]]},"properties":{"STATE":"TAMIL NADU","DISTRICT":"VILUPPURAM","AC_NAME":"MAILAM","AC":"AC","YEAR":2026.0,"RES":"GEN","ELECTORS":209098.0,"VOTERS":189221.0,"TURNOUT":90.49,"MARGIN":30041.0,"MARGIN_PERCENTAGE":15.88,"PARTY_RANK1":"AIADMK","PARTY_RANK2":"TVK","PARTY_RANK3":"DMDK","PARTY_RANK4":"NTK","CANDIDATE_RANK1":"SHANMUGAM C VE","CANDIDATE_RANK2":"VIJAY NIRANJAN A","CANDIDATE_RANK3":"VENKATESAN L","CANDIDATE_RANK4":"VIDJAIVIKRAM S","VOTES_RANK1":82353.0,"VOTES_RANK2":52312.0,"VOTES_RANK3":46267.0,"VOTES_RANK4":4383.0,"VOTES_RANK1_PERCENTAGE":43.52,"VOTES_RANK2_PERCENTAGE":27.65,"VOTES_RANK3_PERCENTAGE":24.45,"VOTES_RANK4_PERCENTAGE":2.32,"COLOR":"#007500","ID":27626}},{"type":"Feature","geometry":{"type":"Polygon","coordinates":[[[78.9957,12.0675],[79.0313,12.0639],[79.0215,12.0573],[79.0224,12.0496],[79.0524,12.0363],[79.0601,12.0523],[79.0683,12.0524],[79.0607,12.0604],[79.0626,12.0697],[79.0787,12.071],[79.0851,12.0813],[79.0906,12.0781],[79.0981,12.066],[79.0876,12.0425],[79.08,12.0473],[79.0765,12.0443],[79.0808,12.039],[79.0788,12.0315],[79.093,12.0308],[79.0954,12.0247],[79.1066,12.0197],[79.1122,12.0265],[79.1251,12.0188],[79.1357,12.0257],[79.1426,12.0157],[79.1272,12.0112],[79.1306,12.0038],[79.121,11.9939],[79.1218,11.9761],[79.1298,11.9681],[79.1498,11.9651],[79.1689,11.9658],[79.1835,11.9736],[79.1882,11.9615],[79.1861,11.9552],[79.1953,11.947],[79.2029,11.946],[79.2054,11.9519],[79.2209,11.9547],[79.2214,11.9458],[79.2144,11.9374],[79.2195,11.9307],[79.2179,11.9184],[79.2131,11.9122],[79.2229,11.9036],[79.2171,11.8949],[79.2182,11.8763],[79.2472,11.8721],[79.2418,11.8713],[79.2313,11.8741],[79.2237,11.8582],[79.1912,11.8477],[79.1802,11.8543],[79.1615,11.8511],[79.1488,11.8624],[79.1407,11.8606],[79.14,11.8676],[79.1365,11.8672],[79.1256,11.8537],[79.1342,11.8529],[79.1388,11.8215],[79.1305,11.81],[79.1237,11.8076],[79.12,11.8047],[79.0973,11.7949],[79.0879,11.7863],[79.078,11.7917],[79.0563,11.7703],[79.0555,11.7626],[79.0471,11.7587],[79.0461,11.7638],[79.0375,11.7658],[79.0297,11.7531],[79.0181,11.7753],[79.023,11.7885],[79.0206,11.8027],[78.9801,11.8142],[78.9799,11.836],[78.9907,11.8536],[78.9851,11.8609],[78.986,11.8697],[78.9935,11.8864],[78.9795,11.9014],[78.979,11.9089],[78.9741,11.9111],[78.9536,11.8891],[78.9493,11.9009],[78.952,11.9159],[78.9392,11.9209],[78.9416,11.9323],[78.9373,11.9372],[78.938,11.9559],[78.9346,11.9602],[78.9128,11.9509],[78.904,11.9611],[78.8945,11.9631],[78.8523,11.9576],[78.8492,11.9626],[78.8578,11.9749],[78.8564,11.9838],[78.8632,11.9874],[78.8301,12.0078],[78.8559,12.0127],[78.8795,12.0268],[78.8968,12.0177],[78.9147,12.0146],[78.958,12.0684],[78.9637,12.0647],[78.9802,12.0658],[78.9886,12.055],[78.9957,12.0675]]]},"properties":{"STATE":"TAMIL NADU","DISTRICT":"VILUPPURAM","AC_NAME":"RISHIVANDIYAM","AC":"AC","YEAR":2026.0,"RES":"GEN","ELECTORS":273641.0,"VOTERS":244795.0,"TURNOUT":89.46,"MARGIN":4862.0,"MARGIN_PERCENTAGE":1.99,"PARTY_RANK1":"DMK","PARTY_RANK2":"TVK","PARTY_RANK3":"PMK","PARTY_RANK4":"NTK","CANDIDATE_RANK1":"KARTHIKEYAN K","CANDIDATE_RANK2":"ASHOK KUMAR G","CANDIDATE_RANK3":"CHEZHIYAN P","CANDIDATE_RANK4":"RADHIKA P","VOTES_RANK1":89711.0,"VOTES_RANK2":84849.0,"VOTES_RANK3":56488.0,"VOTES_RANK4":7247.0,"VOTES_RANK1_PERCENTAGE":36.65,"VOTES_RANK2_PERCENTAGE":34.66,"VOTES_RANK3_PERCENTAGE":23.08,"VOTES_RANK4_PERCENTAGE":2.96,"COLOR":"#000000","ID":27680}},{"type":"Feature","geometry":{"type":"Polygon","coordinates":[[[78.7169,11.9836],[78.718,11.9882],[78.7375,11.9874],[78.7373,11.9935],[78.7458,11.9972],[78.7574,12.0116],[78.7757,12.007],[78.8042,12.0195],[78.8161,12.0099],[78.8301,12.0078],[78.8632,11.9874],[78.8564,11.9838],[78.8578,11.9749],[78.8492,11.9626],[78.8523,11.9576],[78.8945,11.9631],[78.904,11.9611],[78.9128,11.9509],[78.9346,11.9602],[78.938,11.9559],[78.9373,11.9372],[78.9416,11.9323],[78.9392,11.9209],[78.952,11.9159],[78.9493,11.9009],[78.9536,11.8891],[78.9741,11.9111],[78.979,11.9089],[78.9795,11.9014],[78.9935,11.8864],[78.986,11.8697],[78.9851,11.8609],[78.9907,11.8536],[78.9799,11.836],[78.9801,11.8142],[79.0206,11.8027],[79.023,11.7885],[79.0181,11.7753],[79.0046,11.7551],[78.9894,11.759],[78.9851,11.7705],[78.9689,11.7788],[78.9501,11.7744],[78.9549,11.7609],[78.9439,11.7515],[78.928,11.7549],[78.9179,11.7638],[78.9143,11.7584],[78.9054,11.7637],[78.8933,11.7525],[78.8872,11.7364],[78.8885,11.7115],[78.8807,11.708],[78.882,11.7],[78.8737,11.6979],[78.837,11.7037],[78.8393,11.687],[78.8327,11.6739],[78.8244,11.6743],[78.8035,11.6864],[78.7807,11.7029],[78.7487,11.6924],[78.7365,11.6925],[78.7181,11.6841],[78.7094,11.6898],[78.6925,11.6895],[78.6825,11.6825],[78.6777,11.6712],[78.6779,11.6671],[78.6831,11.6675],[78.6784,11.665],[78.6801,11.6437],[78.6618,11.6474],[78.6583,11.648],[78.6604,11.6617],[78.6456,11.6604],[78.6498,11.6699],[78.6527,11.7149],[78.638,11.7226],[78.638,11.7402],[78.6433,11.7537],[78.6402,11.7642],[78.6627,11.7798],[78.6655,11.7964],[78.6906,11.8043],[78.6949,11.8508],[78.6819,11.8573],[78.6587,11.8567],[78.653,11.866],[78.6331,11.8647],[78.6274,11.8717],[78.634,11.8751],[78.6345,11.889],[78.6517,11.8846],[78.6597,11.8951],[78.6901,11.9041],[78.6938,11.8941],[78.7084,11.8975],[78.7111,11.9082],[78.7239,11.9197],[78.7042,11.9393],[78.7087,11.9515],[78.7127,11.9508],[78.7102,11.9674],[78.7169,11.9836]]]},"properties":{"STATE":"TAMIL NADU","DISTRICT":"VILUPPURAM","AC_NAME":"SANKARAPURAM","AC":"AC","YEAR":2026.0,"RES":"GEN","ELECTORS":266003.0,"VOTERS":235528.0,"TURNOUT":88.54,"MARGIN":3440.0,"MARGIN_PERCENTAGE":1.46,"PARTY_RANK1":"AIADMK","PARTY_RANK2":"DMK","PARTY_RANK3":"TVK","PARTY_RANK4":"NTK","CANDIDATE_RANK1":"RAKESH R","CANDIDATE_RANK2":"UDHAYASURIYAN T","CANDIDATE_RANK3":"JAGADESAN A","CANDIDATE_RANK4":"RAMESH K","VOTES_RANK1":80250.0,"VOTES_RANK2":76810.0,"VOTES_RANK3":67624.0,"VOTES_RANK4":5567.0,"VOTES_RANK1_PERCENTAGE":34.07,"VOTES_RANK2_PERCENTAGE":32.61,"VOTES_RANK3_PERCENTAGE":28.71,"VOTES_RANK4_PERCENTAGE":2.36,"COLOR":"#007500","ID":27687}},{"type":"Feature","geometry":{"type":"Polygon","coordinates":[[[79.7486,12.3239],[79.7595,12.3248],[79.7606,12.3293],[79.7783,12.3383],[79.7977,12.3369],[79.8186,12.312],[79.8277,12.3121],[79.8322,12.298],[79.8413,12.2887],[79.8445,12.2801],[79.8408,12.2792],[79.8586,12.2658],[79.8727,12.2425],[79.8854,12.235],[79.9008,12.2289],[79.9141,12.2351],[79.9244,12.2307],[79.9253,12.2475],[79.9445,12.2409],[79.956,12.2277],[79.9601,12.2333],[79.9774,12.2354],[79.9869,12.2498],[80.0043,12.2478],[79.8738,12.0426],[79.8498,12.0518],[79.8488,12.0492],[79.8535,12.0839],[79.8513,12.1186],[79.8561,12.1204],[79.8639,12.161],[79.8423,12.1691],[79.8396,12.1657],[79.8332,12.1689],[79.8259,12.1581],[79.8065,12.1679],[79.7909,12.1643],[79.7753,12.1803],[79.7696,12.1862],[79.7616,12.187],[79.7537,12.1794],[79.7265,12.1821],[79.7196,12.1743],[79.7092,12.1766],[79.7,12.1584],[79.703,12.1497],[79.6959,12.1395],[79.6906,12.1424],[79.6826,12.1669],[79.6723,12.1634],[79.666,12.1504],[79.6457,12.1486],[79.6383,12.1597],[79.6296,12.1593],[79.6242,12.1491],[79.6153,12.1512],[79.6112,12.1559],[79.618,12.1863],[79.6071,12.1877],[79.6122,12.2255],[79.621,12.2355],[79.6329,12.2401],[79.6318,12.2528],[79.6402,12.2621],[79.6408,12.2703],[79.6796,12.2612],[79.6812,12.269],[79.6929,12.2714],[79.6847,12.2818],[79.686,12.2888],[79.6911,12.297],[79.705,12.2953],[79.7088,12.3029],[79.6993,12.3079],[79.6859,12.3062],[79.6829,12.316],[79.6897,12.3248],[79.6987,12.3248],[79.7011,12.3352],[79.7091,12.3372],[79.7486,12.3239]]]},"properties":{"STATE":"TAMIL NADU","DISTRICT":"VILUPPURAM","AC_NAME":"TINDIVANAM","AC":"AC","YEAR":2026.0,"RES":"SC","ELECTORS":219300.0,"VOTERS":196026.0,"TURNOUT":89.39,"MARGIN":734.0,"MARGIN_PERCENTAGE":0.37,"PARTY_RANK1":"VCK","PARTY_RANK2":"AIADMK","PARTY_RANK3":"TVK","PARTY_RANK4":"NTK","CANDIDATE_RANK1":"VANNI ARASU","CANDIDATE_RANK2":"ARJUNAN. P","CANDIDATE_RANK3":"SAKTHIVEL. S","CANDIDATE_RANK4":"PACHIMUTHU. P","VOTES_RANK1":63833.0,"VOTES_RANK2":63099.0,"VOTES_RANK3":61159.0,"VOTES_RANK4":5242.0,"VOTES_RANK1_PERCENTAGE":32.56,"VOTES_RANK2_PERCENTAGE":32.19,"VOTES_RANK3_PERCENTAGE":31.2,"VOTES_RANK4_PERCENTAGE":2.67,"COLOR":"#0000FF","ID":27724}},{"type":"Feature","geometry":{"type":"Polygon","coordinates":[[[79.2487,12.0787],[79.2601,12.0825],[79.2664,12.0777],[79.2907,12.0749],[79.3009,12.0872],[79.293,12.0595],[79.2954,12.0482],[79.3039,12.0471],[79.3072,12.0554],[79.3191,12.0649],[79.3224,12.0637],[79.3213,12.0452],[79.3177,12.0427],[79.3258,12.0415],[79.3293,12.0331],[79.3634,12.0348],[79.3627,12.0191],[79.3555,12.0124],[79.3573,11.9993],[79.3621,11.9993],[79.3558,11.9923],[79.3566,11.9834],[79.3628,11.9771],[79.3627,11.9575],[79.3499,11.9571],[79.3477,11.9505],[79.3522,11.9266],[79.3599,11.919],[79.3839,11.9154],[79.4182,11.8943],[79.4145,11.8821],[79.4168,11.8756],[79.431,11.8643],[79.4319,11.8592],[79.4198,11.8665],[79.419,11.8618],[79.4075,11.8578],[79.4015,11.8766],[79.3834,11.8708],[79.3824,11.8648],[79.3895,11.8634],[79.3907,11.8568],[79.3852,11.851],[79.3925,11.8413],[79.3883,11.8252],[79.3715,11.8253],[79.3702,11.844],[79.3576,11.8531],[79.359,11.8607],[79.3475,11.8707],[79.3433,11.8682],[79.3399,11.8531],[79.3325,11.8541],[79.3303,11.848],[79.3102,11.8654],[79.3079,11.8725],[79.3039,11.872],[79.2895,11.8661],[79.2881,11.8592],[79.2771,11.854],[79.2672,11.8391],[79.2602,11.8493],[79.2427,11.8479],[79.2371,11.8534],[79.2373,11.865],[79.2418,11.8713],[79.2472,11.8721],[79.2182,11.8763],[79.2171,11.8949],[79.2229,11.9036],[79.2131,11.9122],[79.2179,11.9184],[79.2195,11.9307],[79.2144,11.9374],[79.2214,11.9458],[79.2209,11.9547],[79.2054,11.9519],[79.2029,11.946],[79.1953,11.947],[79.1861,11.9552],[79.1882,11.9615],[79.1835,11.9736],[79.1689,11.9658],[79.1498,11.9651],[79.1298,11.9681],[79.1218,11.9761],[79.121,11.9939],[79.1306,12.0038],[79.1272,12.0112],[79.1426,12.0157],[79.1357,12.0257],[79.1392,12.0385],[79.1471,12.0443],[79.1727,12.0304],[79.1764,12.0474],[79.1898,12.0485],[79.2008,12.0706],[79.2094,12.0718],[79.2152,12.0646],[79.234,12.06],[79.2402,12.0716],[79.2381,12.0772],[79.243,12.0812],[79.2487,12.0787]]]},"properties":{"STATE":"TAMIL NADU","DISTRICT":"VILUPPURAM","AC_NAME":"TIRUKKOYILUR","AC":"AC","YEAR":2026.0,"RES":"GEN","ELECTORS":243404.0,"VOTERS":217318.0,"TURNOUT":89.28,"MARGIN":285.0,"MARGIN_PERCENTAGE":0.13,"PARTY_RANK1":"AIADMK","PARTY_RANK2":"TVK","PARTY_RANK3":"DMK","PARTY_RANK4":"NTK","CANDIDATE_RANK1":"PALANISAMY S","CANDIDATE_RANK2":"VIJAY R BARANIBALAAJI","CANDIDATE_RANK3":"DR PON GAUTHAMSIGAMANI","CANDIDATE_RANK4":"HEMARAJAN K","VOTES_RANK1":73033.0,"VOTES_RANK2":72748.0,"VOTES_RANK3":62452.0,"VOTES_RANK4":5791.0,"VOTES_RANK1_PERCENTAGE":33.61,"VOTES_RANK2_PERCENTAGE":33.48,"VOTES_RANK3_PERCENTAGE":28.74,"VOTES_RANK4_PERCENTAGE":2.66,"COLOR":"#007500","ID":27730}},{"type":"Feature","geometry":{"type":"Polygon","coordinates":[[[79.4385,11.8748],[79.4551,11.8712],[79.4512,11.8489],[79.4722,11.8472],[79.4688,11.8443],[79.4705,11.8349],[79.4799,11.8375],[79.481,11.8294],[79.4765,11.8234],[79.4821,11.8118],[79.4776,11.8057],[79.4723,11.8058],[79.47,11.7996],[79.4643,11.8005],[79.4655,11.8075],[79.4423,11.8099],[79.4388,11.7888],[79.4306,11.7782],[79.4353,11.7754],[79.4361,11.7681],[79.4463,11.7639],[79.453,11.7696],[79.4638,11.7675],[79.4627,11.7428],[79.457,11.7374],[79.4393,11.7364],[79.4284,11.7307],[79.4371,11.718],[79.4345,11.7033],[79.4372,11.6916],[79.4417,11.689],[79.4442,11.6659],[79.4317,11.6658],[79.4185,11.6677],[79.4184,11.6714],[79.395,11.6772],[79.3953,11.6801],[79.3772,11.6791],[79.3616,11.6726],[79.3622,11.6611],[79.3591,11.6597],[79.3327,11.6611],[79.3263,11.6477],[79.3207,11.6486],[79.3184,11.6422],[79.3115,11.6437],[79.3085,11.6328],[79.2964,11.6369],[79.2923,11.6469],[79.2793,11.6494],[79.2711,11.6439],[79.2487,11.6527],[79.2355,11.6294],[79.2158,11.6392],[79.2099,11.6338],[79.2123,11.6201],[79.1944,11.6023],[79.1811,11.6102],[79.1907,11.6191],[79.1927,11.6279],[79.192,11.6394],[79.178,11.6437],[79.1822,11.6572],[79.1515,11.6693],[79.1584,11.6734],[79.1671,11.6995],[79.1507,11.7038],[79.1296,11.7004],[79.1269,11.7074],[79.1268,11.7134],[79.1368,11.7252],[79.144,11.7517],[79.1325,11.7616],[79.1249,11.7594],[79.1277,11.7759],[79.1195,11.7793],[79.1186,11.7883],[79.1237,11.8076],[79.1305,11.81],[79.1388,11.8215],[79.1342,11.8529],[79.1256,11.8537],[79.1365,11.8672],[79.14,11.8676],[79.1407,11.8606],[79.1488,11.8624],[79.1615,11.8511],[79.1802,11.8543],[79.1912,11.8477],[79.2237,11.8582],[79.2313,11.8741],[79.2418,11.8713],[79.2373,11.865],[79.2371,11.8534],[79.2427,11.8479],[79.2602,11.8493],[79.2672,11.8391],[79.2771,11.854],[79.2881,11.8592],[79.2895,11.8661],[79.3039,11.872],[79.3079,11.8725],[79.3102,11.8654],[79.3303,11.848],[79.3325,11.8541],[79.3399,11.8531],[79.3433,11.8682],[79.3475,11.8707],[79.359,11.8607],[79.3576,11.8531],[79.3702,11.844],[79.3715,11.8253],[79.3883,11.8252],[79.3925,11.8413],[79.3852,11.851],[79.3907,11.8568],[79.3895,11.8634],[79.3824,11.8648],[79.3834,11.8708],[79.4015,11.8766],[79.4075,11.8578],[79.419,11.8618],[79.4198,11.8665],[79.4319,11.8592],[79.431,11.8643],[79.4168,11.8756],[79.4145,11.8821],[79.4182,11.8943],[79.4385,11.8748]]]},"properties":{"STATE":"TAMIL NADU","DISTRICT":"VILUPPURAM","AC_NAME":"ULUNDURPETTAI","AC":"AC","YEAR":2026.0,"RES":"GEN","ELECTORS":300789.0,"VOTERS":271002.0,"TURNOUT":90.1,"MARGIN":2277.0,"MARGIN_PERCENTAGE":0.84,"PARTY_RANK1":"DMK","PARTY_RANK2":"AIADMK","PARTY_RANK3":"TVK","PARTY_RANK4":"NTK","CANDIDATE_RANK1":"VASANTHAVEL G R","CANDIDATE_RANK2":"KUMARAGURU R","CANDIDATE_RANK3":"SUDHAKAR M","CANDIDATE_RANK4":"LOGESHWARI S","VOTES_RANK1":98471.0,"VOTES_RANK2":96194.0,"VOTES_RANK3":66208.0,"VOTES_RANK4":6525.0,"VOTES_RANK1_PERCENTAGE":36.34,"VOTES_RANK2_PERCENTAGE":35.5,"VOTES_RANK3_PERCENTAGE":24.43,"VOTES_RANK4_PERCENTAGE":2.41,"COLOR":"#000000","ID":27742}},{"type":"Feature","geometry":{"type":"MultiPolygon","coordinates":[[[[79.603,11.9754],[79.612,11.9671],[79.6185,11.9705],[79.6275,11.9681],[79.6287,11.9571],[79.616,11.9645],[79.6099,11.9568],[79.5972,11.9593],[79.5921,11.9689],[79.5958,11.976],[79.603,11.9754]]],[[[79.7753,12.1803],[79.7909,12.1643],[79.8065,12.1679],[79.8259,12.1581],[79.8332,12.1689],[79.8396,12.1657],[79.8423,12.1691],[79.8639,12.161],[79.8561,12.1204],[79.8513,12.1186],[79.8535,12.0839],[79.8488,12.0492],[79.8405,12.0133],[79.8571,12.0068],[79.8389,11.9561],[79.8299,11.9577],[79.8284,11.9587],[79.8216,11.9696],[79.8184,11.9779],[79.8125,11.9779],[79.8053,11.9636],[79.8032,11.9532],[79.7847,11.9599],[79.7697,11.944],[79.7599,11.9436],[79.7612,11.9285],[79.755,11.9261],[79.7562,11.9204],[79.7502,11.92],[79.7491,11.9295],[79.7445,11.9649],[79.7245,11.9713],[79.7235,11.9775],[79.7264,11.9857],[79.7428,11.9778],[79.7481,11.9847],[79.7604,11.9892],[79.7624,12.0027],[79.7562,12.0041],[79.7476,12.0078],[79.7334,11.9933],[79.7206,11.9927],[79.7158,11.9848],[79.7124,11.9865],[79.7093,11.9757],[79.716,11.971],[79.715,11.9676],[79.7034,11.9671],[79.7001,11.9628],[79.6965,11.9626],[79.6916,11.9514],[79.6972,11.9418],[79.7111,11.9331],[79.708,11.9441],[79.7096,11.9498],[79.7208,11.9449],[79.7175,11.929],[79.7346,11.9118],[79.7407,11.9055],[79.7313,11.9032],[79.7305,11.8917],[79.7228,11.8918],[79.7241,11.8886],[79.7168,11.8928],[79.7111,11.8908],[79.7053,11.8939],[79.709,11.9033],[79.7066,11.9135],[79.7179,11.9134],[79.7186,11.919],[79.7045,11.9191],[79.6962,11.9192],[79.6954,11.8948],[79.6871,11.8945],[79.6868,11.8889],[79.6738,11.8916],[79.674,11.8807],[79.685,11.881],[79.6897,11.8809],[79.6893,11.864],[79.6945,11.8595],[79.6948,11.844],[79.7026,11.8322],[79.6853,11.8326],[79.6908,11.8205],[79.6851,11.8206],[79.6842,11.8127],[79.6797,11.8145],[79.676,11.8143],[79.6748,11.8067],[79.6652,11.8104],[79.6404,11.7986],[79.6235,11.8127],[79.6162,11.8251],[79.6037,11.8293],[79.5908,11.8412],[79.5772,11.8424],[79.577,11.8513],[79.5863,11.848],[79.6021,11.8517],[79.6037,11.8534],[79.6005,11.8552],[79.6001,11.8583],[79.6024,11.8622],[79.602,11.8578],[79.6122,11.8626],[79.6194,11.8627],[79.6191,11.8701],[79.6285,11.8698],[79.6269,11.8543],[79.6471,11.85],[79.6578,11.8526],[79.6627,11.8672],[79.6485,11.8705],[79.6484,11.8803],[79.6405,11.8806],[79.6411,11.8866],[79.6348,11.8888],[79.6345,11.881],[79.6307,11.8812],[79.627,11.889],[79.6317,11.8993],[79.6232,11.9014],[79.6259,11.9059],[79.6298,11.9016],[79.6406,11.9022],[79.6411,11.9077],[79.6559,11.9079],[79.656,11.9129],[79.6689,11.9184],[79.6703,11.9355],[79.6607,11.9371],[79.6586,11.9446],[79.653,11.9482],[79.652,11.9436],[79.6479,11.9446],[79.6427,11.9421],[79.6422,11.9539],[79.6473,11.9534],[79.6483,11.9673],[79.6364,11.9778],[79.64,11.9927],[79.636,11.996],[79.6423,11.9993],[79.6514,12.0223],[79.6279,12.0318],[79.6292,12.0187],[79.621,12.0143],[79.6211,12.0103],[79.6112,12.0127],[79.5885,12.0289],[79.591,12.0336],[79.5844,12.0445],[79.588,12.0603],[79.6002,12.0598],[79.6029,12.0632],[79.6331,12.0571],[79.6462,12.0834],[79.6448,12.091],[79.6511,12.0939],[79.6478,12.1143],[79.6546,12.1194],[79.672,12.1211],[79.6812,12.1368],[79.6906,12.1424],[79.6959,12.1395],[79.703,12.1497],[79.7,12.1584],[79.7092,12.1766],[79.7196,12.1743],[79.7265,12.1821],[79.7537,12.1794],[79.7616,12.187],[79.7696,12.1862],[79.7753,12.1803]],[[79.6928,12.0353],[79.6842,12.0217],[79.6765,12.0216],[79.6722,12.0097],[79.6614,12.0123],[79.6569,11.9916],[79.6625,11.9895],[79.6739,11.9951],[79.6808,11.9833],[79.6854,11.9916],[79.7196,11.9922],[79.7028,12.0111],[79.7048,12.032],[79.695,12.0356],[79.6928,12.0353]],[[79.6473,11.8442],[79.641,11.8241],[79.6463,11.8163],[79.6712,11.8149],[79.6713,11.8236],[79.6594,11.8295],[79.6617,11.8393],[79.6537,11.8428],[79.6473,11.8442]],[[79.6847,11.9731],[79.6767,11.9681],[79.6622,11.9691],[79.66,11.9584],[79.6538,11.9606],[79.6547,11.9535],[79.6733,11.9479],[79.6846,11.9534],[79.6865,11.9732],[79.6847,11.9731]],[[79.7983,12.017],[79.8053,12.0245],[79.7943,12.0258],[79.7893,12.0277],[79.7883,12.0192],[79.7983,12.017]]]]},"properties":{"STATE":"TAMIL NADU","DISTRICT":"VILUPPURAM","AC_NAME":"VANUR","AC":"AC","YEAR":2026.0,"RES":"SC","ELECTORS":209885.0,"VOTERS":192119.0,"TURNOUT":91.54,"MARGIN":7034.0,"MARGIN_PERCENTAGE":3.66,"PARTY_RANK1":"DMK","PARTY_RANK2":"TVK","PARTY_RANK3":"AIADMK","PARTY_RANK4":"NTK","CANDIDATE_RANK1":"GOWTHAM D","CANDIDATE_RANK2":"SURESH P","CANDIDATE_RANK3":"MURUGAN P","CANDIDATE_RANK4":"KARIKALAN B","VOTES_RANK1":68873.0,"VOTES_RANK2":61839.0,"VOTES_RANK3":54193.0,"VOTES_RANK4":4697.0,"VOTES_RANK1_PERCENTAGE":35.85,"VOTES_RANK2_PERCENTAGE":32.19,"VOTES_RANK3_PERCENTAGE":28.21,"VOTES_RANK4_PERCENTAGE":2.44,"COLOR":"#000000","ID":27749}},{"type":"Feature","geometry":{"type":"Polygon","coordinates":[[[79.477,12.141],[79.4782,12.1367],[79.491,12.1371],[79.4982,12.1472],[79.5087,12.1391],[79.5184,12.1394],[79.5259,12.1283],[79.5159,12.118],[79.5204,12.0895],[79.5246,12.0905],[79.5321,12.0835],[79.5403,12.0885],[79.5444,12.0879],[79.5439,12.0834],[79.568,12.081],[79.5675,12.0721],[79.5777,12.0665],[79.5724,12.0467],[79.5844,12.0445],[79.591,12.0336],[79.5885,12.0289],[79.6112,12.0127],[79.6211,12.0103],[79.6189,12.0013],[79.6262,12.0004],[79.6236,11.9893],[79.6171,11.9896],[79.6244,11.9818],[79.6245,11.976],[79.6185,11.9705],[79.612,11.9671],[79.603,11.9754],[79.5958,11.976],[79.5921,11.9689],[79.5781,11.9685],[79.5734,11.974],[79.5579,11.9593],[79.5487,11.9597],[79.5476,11.9651],[79.5216,11.9664],[79.5127,11.9752],[79.4904,11.9751],[79.4893,11.9696],[79.4914,11.9588],[79.4982,11.9602],[79.4981,11.9561],[79.4828,11.9579],[79.4827,11.9481],[79.4751,11.9383],[79.4678,11.9565],[79.4618,11.9541],[79.4616,11.9461],[79.4534,11.9464],[79.452,11.9544],[79.405,11.9481],[79.4017,11.9332],[79.3896,11.9367],[79.3839,11.9154],[79.3599,11.919],[79.3522,11.9266],[79.3477,11.9505],[79.3499,11.9571],[79.3627,11.9575],[79.3628,11.9771],[79.3566,11.9834],[79.3558,11.9923],[79.3621,11.9993],[79.3573,11.9993],[79.3555,12.0124],[79.3627,12.0191],[79.3634,12.0348],[79.3293,12.0331],[79.3258,12.0415],[79.3177,12.0427],[79.3213,12.0452],[79.3224,12.0637],[79.3191,12.0649],[79.3072,12.0554],[79.3039,12.0471],[79.2954,12.0482],[79.293,12.0595],[79.3009,12.0872],[79.3376,12.0855],[79.3388,12.101],[79.3528,12.0999],[79.3589,12.107],[79.3667,12.1051],[79.3693,12.1141],[79.3865,12.1196],[79.4059,12.1178],[79.4059,12.1293],[79.4184,12.1257],[79.43,12.1325],[79.434,12.1404],[79.4496,12.1377],[79.4599,12.1445],[79.4714,12.1393],[79.474,12.1508],[79.4784,12.1497],[79.477,12.141]]]},"properties":{"STATE":"TAMIL NADU","DISTRICT":"VILUPPURAM","AC_NAME":"VIKRAVANDI","AC":"AC","YEAR":2026.0,"RES":"GEN","ELECTORS":229182.0,"VOTERS":209231.0,"TURNOUT":91.29,"MARGIN":910.0,"MARGIN_PERCENTAGE":0.43,"PARTY_RANK1":"PMK","PARTY_RANK2":"TVK","PARTY_RANK3":"DMK","PARTY_RANK4":"NTK","CANDIDATE_RANK1":"SIVAKUMAR C","CANDIDATE_RANK2":"VIJAI VADIVEL A","CANDIDATE_RANK3":"ANNIYUR SIVA @ SIVASHANMUGAM A","CANDIDATE_RANK4":"SUBHA CHANDRASEKARAN A","VOTES_RANK1":69727.0,"VOTES_RANK2":68817.0,"VOTES_RANK3":60941.0,"VOTES_RANK4":4979.0,"VOTES_RANK1_PERCENTAGE":33.33,"VOTES_RANK2_PERCENTAGE":32.89,"VOTES_RANK3_PERCENTAGE":29.13,"VOTES_RANK4_PERCENTAGE":2.38,"COLOR":"#FFFF00","ID":27757}},{"type":"Feature","geometry":{"type":"Polygon","coordinates":[[[79.4893,11.9696],[79.4904,11.9751],[79.5127,11.9752],[79.5216,11.9664],[79.5476,11.9651],[79.5487,11.9597],[79.5579,11.9593],[79.5734,11.974],[79.5781,11.9685],[79.5921,11.9689],[79.5972,11.9593],[79.6099,11.9568],[79.616,11.9645],[79.6287,11.9571],[79.6285,11.9452],[79.6189,11.9432],[79.6179,11.9361],[79.6184,11.9261],[79.6283,11.9196],[79.6259,11.9059],[79.6232,11.9014],[79.6317,11.8993],[79.627,11.889],[79.6212,11.8906],[79.6082,11.8769],[79.5993,11.8829],[79.6024,11.8622],[79.6001,11.8583],[79.6005,11.8552],[79.6037,11.8534],[79.6021,11.8517],[79.5863,11.848],[79.577,11.8513],[79.5772,11.8424],[79.5644,11.8401],[79.5281,11.8575],[79.5094,11.8578],[79.4683,11.872],[79.4551,11.8712],[79.4385,11.8748],[79.4182,11.8943],[79.3839,11.9154],[79.3896,11.9367],[79.4017,11.9332],[79.405,11.9481],[79.452,11.9544],[79.4534,11.9464],[79.4616,11.9461],[79.4618,11.9541],[79.4678,11.9565],[79.4751,11.9383],[79.4827,11.9481],[79.4828,11.9579],[79.4981,11.9561],[79.4982,11.9602],[79.4914,11.9588],[79.4893,11.9696]]]},"properties":{"STATE":"TAMIL NADU","DISTRICT":"VILUPPURAM","AC_NAME":"VILLUPURAM","AC":"AC","YEAR":2026.0,"RES":"GEN","ELECTORS":245994.0,"VOTERS":215422.0,"TURNOUT":87.57,"MARGIN":4119.0,"MARGIN_PERCENTAGE":1.91,"PARTY_RANK1":"DMK","PARTY_RANK2":"TVK","PARTY_RANK3":"AIADMK","PARTY_RANK4":"NTK","CANDIDATE_RANK1":"LAKSHMANAN R","CANDIDATE_RANK2":"MOHANRAJ N","CANDIDATE_RANK3":"VIJAYASURESHBABU","CANDIDATE_RANK4":"ABINAYA PONNIVALAVAN","VOTES_RANK1":72982.0,"VOTES_RANK2":68863.0,"VOTES_RANK3":63808.0,"VOTES_RANK4":5786.0,"VOTES_RANK1_PERCENTAGE":33.88,"VOTES_RANK2_PERCENTAGE":31.97,"VOTES_RANK3_PERCENTAGE":29.62,"VOTES_RANK4_PERCENTAGE":2.69,"COLOR":"#000000","ID":27761}},{"type":"Feature","geometry":{"type":"Polygon","coordinates":[[[77.9819,9.5951],[78.0106,9.5915],[78.0032,9.5616],[78.0504,9.5517],[78.0666,9.5522],[78.0827,9.5798],[78.1017,9.5779],[78.1058,9.5826],[78.1199,9.5842],[78.1385,9.5755],[78.143,9.551],[78.141,9.5297],[78.1655,9.5268],[78.1808,9.5332],[78.1829,9.5267],[78.1664,9.5186],[78.1613,9.5204],[78.1602,9.5086],[78.1423,9.5103],[78.1465,9.4929],[78.123,9.4608],[78.1319,9.4495],[78.1352,9.4268],[78.1685,9.4245],[78.171,9.4103],[78.1586,9.3869],[78.1604,9.3709],[78.1686,9.369],[78.1539,9.371],[78.1485,9.3728],[78.1329,9.3653],[78.08,9.3582],[78.0723,9.3633],[78.0534,9.3609],[78.05,9.3451],[78.0447,9.3454],[78.0416,9.3373],[78.033,9.3335],[78.0356,9.3236],[78.0482,9.3133],[78.049,9.3061],[78.0094,9.3078],[78.0084,9.2742],[77.9877,9.2687],[77.9839,9.253],[77.9567,9.2487],[77.956,9.2307],[77.9478,9.2308],[77.945,9.2203],[77.9321,9.2231],[77.9198,9.2029],[77.9092,9.2003],[77.8781,9.2082],[77.8748,9.2265],[77.8864,9.2328],[77.881,9.2343],[77.8802,9.2453],[77.8554,9.2459],[77.8484,9.2602],[77.8516,9.264],[77.8349,9.2703],[77.8324,9.2803],[77.8431,9.2803],[77.8454,9.2749],[77.857,9.2705],[77.8592,9.2768],[77.8804,9.2764],[77.8797,9.29],[77.9088,9.2952],[77.915,9.2991],[77.9192,9.3103],[77.9366,9.3051],[77.9445,9.3144],[77.9638,9.3148],[77.9702,9.3362],[77.9661,9.3399],[77.9757,9.3394],[77.972,9.3516],[77.9562,9.3628],[77.9565,9.3796],[77.95,9.3805],[77.9547,9.3885],[77.9247,9.3937],[77.924,9.3777],[77.9121,9.375],[77.9076,9.403],[77.8955,9.4191],[77.8862,9.4211],[77.8842,9.4275],[77.8908,9.439],[77.9152,9.4494],[77.9155,9.4564],[77.924,9.4544],[77.9285,9.4635],[77.9381,9.4618],[77.9455,9.47],[77.9512,9.4703],[77.9514,9.4868],[77.9597,9.4919],[77.9578,9.5063],[77.9652,9.5116],[77.9656,9.5198],[77.9435,9.5248],[77.9452,9.5415],[77.9539,9.5488],[77.9637,9.5483],[77.9694,9.5743],[77.9747,9.5706],[77.9754,9.5751],[77.9818,9.5742],[77.9819,9.5951]]]},"properties":{"STATE":"TAMIL NADU","DISTRICT":"VIRUDHUNAGAR","AC_NAME":"ARUPPUKKOTTAI","AC":"AC","YEAR":2026.0,"RES":"GEN","ELECTORS":208168.0,"VOTERS":178413.0,"TURNOUT":85.71,"MARGIN":4943.0,"MARGIN_PERCENTAGE":2.77,"PARTY_RANK1":"DMK","PARTY_RANK2":"TVK","PARTY_RANK3":"AIADMK","PARTY_RANK4":"NTK","CANDIDATE_RANK1":"RAMACHANDRAN. K.K.S.S.R","CANDIDATE_RANK2":"KARTHIK KUMAR. K","CANDIDATE_RANK3":"SETHUPATHY. S","CANDIDATE_RANK4":"MANIMARAN. G","VOTES_RANK1":65104.0,"VOTES_RANK2":60161.0,"VOTES_RANK3":37190.0,"VOTES_RANK4":8499.0,"VOTES_RANK1_PERCENTAGE":36.49,"VOTES_RANK2_PERCENTAGE":33.72,"VOTES_RANK3_PERCENTAGE":20.84,"VOTES_RANK4_PERCENTAGE":4.76,"COLOR":"#000000","ID":27549}},{"type":"Feature","geometry":{"type":"Polygon","coordinates":[[[77.4114,9.5075],[77.4567,9.5093],[77.4626,9.5161],[77.465,9.5112],[77.471,9.5145],[77.4807,9.5123],[77.4828,9.5075],[77.4929,9.5041],[77.4959,9.5102],[77.5051,9.5115],[77.5157,9.5089],[77.5223,9.5125],[77.5277,9.5073],[77.5307,9.5083],[77.5277,9.5144],[77.5305,9.5136],[77.536,9.4989],[77.5469,9.498],[77.5541,9.4846],[77.5633,9.4892],[77.5687,9.4851],[77.5754,9.4882],[77.6079,9.4754],[77.6066,9.4668],[77.6153,9.4507],[77.5969,9.4506],[77.5954,9.4325],[77.5784,9.4305],[77.5784,9.4216],[77.5705,9.4279],[77.5671,9.4212],[77.5542,9.417],[77.5647,9.4054],[77.5649,9.3981],[77.5691,9.3977],[77.5643,9.3921],[77.5492,9.3992],[77.5504,9.3713],[77.5298,9.3754],[77.5287,9.3608],[77.5192,9.3587],[77.5274,9.3493],[77.5222,9.3353],[77.5002,9.333],[77.4959,9.3385],[77.4744,9.3411],[77.4714,9.3287],[77.4647,9.3291],[77.4593,9.3365],[77.463,9.3458],[77.468,9.3467],[77.4413,9.3542],[77.4434,9.3625],[77.4368,9.3622],[77.4385,9.368],[77.4466,9.366],[77.4504,9.3702],[77.434,9.391],[77.4189,9.3992],[77.406,9.3935],[77.3972,9.3962],[77.3889,9.3924],[77.379,9.4017],[77.3392,9.4202],[77.3451,9.4261],[77.3485,9.4402],[77.3643,9.4592],[77.3772,9.4528],[77.3923,9.4592],[77.3912,9.4685],[77.4019,9.4785],[77.3984,9.4817],[77.3986,9.4954],[77.4114,9.5075]]]},"properties":{"STATE":"TAMIL NADU","DISTRICT":"VIRUDHUNAGAR","AC_NAME":"RAJAPALAYAM","AC":"AC","YEAR":2026.0,"RES":"GEN","ELECTORS":214646.0,"VOTERS":183020.0,"TURNOUT":85.27,"MARGIN":10605.0,"MARGIN_PERCENTAGE":5.79,"PARTY_RANK1":"TVK","PARTY_RANK2":"DMK","PARTY_RANK3":"BJP","PARTY_RANK4":"NTK","CANDIDATE_RANK1":"JEGADESHWARI. K","CANDIDATE_RANK2":"THANGAPANDIAN. S","CANDIDATE_RANK3":"PRISCILLA PANDIAN. J","CANDIDATE_RANK4":"DR. KARTHIKEYAN. T.E.","VOTES_RANK1":65548.0,"VOTES_RANK2":54943.0,"VOTES_RANK3":36318.0,"VOTES_RANK4":16972.0,"VOTES_RANK1_PERCENTAGE":35.81,"VOTES_RANK2_PERCENTAGE":30.02,"VOTES_RANK3_PERCENTAGE":19.84,"VOTES_RANK4_PERCENTAGE":9.27,"COLOR":null,"ID":27676}},{"type":"Feature","geometry":{"type":"Polygon","coordinates":[[[77.7014,9.458],[77.7083,9.4343],[77.6989,9.431],[77.7006,9.4126],[77.7079,9.395],[77.7004,9.3854],[77.7032,9.383],[77.714,9.3824],[77.7158,9.3894],[77.7325,9.4049],[77.7721,9.3971],[77.7767,9.4149],[77.7852,9.4239],[77.7967,9.4178],[77.8187,9.4166],[77.8274,9.4398],[77.8419,9.4414],[77.8519,9.4366],[77.8643,9.4327],[77.8621,9.4302],[77.8842,9.4275],[77.8862,9.4211],[77.8955,9.4191],[77.9076,9.403],[77.9121,9.375],[77.924,9.3777],[77.9247,9.3937],[77.9547,9.3885],[77.95,9.3805],[77.9565,9.3796],[77.9562,9.3628],[77.972,9.3516],[77.9757,9.3394],[77.9661,9.3399],[77.9702,9.3362],[77.9638,9.3148],[77.9445,9.3144],[77.9366,9.3051],[77.9192,9.3103],[77.915,9.2991],[77.9088,9.2952],[77.8797,9.29],[77.8804,9.2764],[77.8592,9.2768],[77.857,9.2705],[77.8454,9.2749],[77.8431,9.2803],[77.8324,9.2803],[77.8349,9.2703],[77.8516,9.264],[77.8484,9.2602],[77.8554,9.2459],[77.8473,9.2444],[77.8075,9.2453],[77.8067,9.2518],[77.7963,9.2564],[77.7962,9.2732],[77.7734,9.2764],[77.7733,9.2698],[77.79,9.2579],[77.7815,9.2392],[77.7703,9.2359],[77.7693,9.242],[77.7611,9.2488],[77.7589,9.2669],[77.7414,9.265],[77.7394,9.2809],[77.7227,9.2802],[77.7119,9.2873],[77.7117,9.2917],[77.6557,9.2836],[77.6422,9.292],[77.6245,9.2928],[77.6135,9.3009],[77.6033,9.3008],[77.6042,9.3067],[77.5859,9.3097],[77.5913,9.3177],[77.5896,9.3477],[77.5726,9.3432],[77.5743,9.3539],[77.5602,9.3535],[77.55,9.364],[77.5544,9.3702],[77.5504,9.3713],[77.5492,9.3992],[77.5643,9.3921],[77.5691,9.3977],[77.5649,9.3981],[77.5647,9.4054],[77.5542,9.417],[77.5671,9.4212],[77.5705,9.4279],[77.5784,9.4216],[77.5784,9.4305],[77.5954,9.4325],[77.5967,9.4276],[77.6035,9.432],[77.6242,9.4255],[77.6354,9.4289],[77.6447,9.4243],[77.648,9.4174],[77.6665,9.4162],[77.6728,9.4341],[77.6863,9.4505],[77.7014,9.458]]]},"properties":{"STATE":"TAMIL NADU","DISTRICT":"VIRUDHUNAGAR","AC_NAME":"SATTUR","AC":"AC","YEAR":2026.0,"RES":"GEN","ELECTORS":230149.0,"VOTERS":198734.0,"TURNOUT":86.35,"MARGIN":5989.0,"MARGIN_PERCENTAGE":3.01,"PARTY_RANK1":"DMK","PARTY_RANK2":"BJP","PARTY_RANK3":"TVK","PARTY_RANK4":"AIPTMMK","CANDIDATE_RANK1":"KADARKARAIRAJ. A","CANDIDATE_RANK2":"NAINAR NAGENTHRAN","CANDIDATE_RANK3":"AJITH. M","CANDIDATE_RANK4":"ESAKKIRAJA. K","VOTES_RANK1":62060.0,"VOTES_RANK2":56071.0,"VOTES_RANK3":53498.0,"VOTES_RANK4":11602.0,"VOTES_RANK1_PERCENTAGE":31.23,"VOTES_RANK2_PERCENTAGE":28.21,"VOTES_RANK3_PERCENTAGE":26.92,"VOTES_RANK4_PERCENTAGE":5.84,"COLOR":"#000000","ID":27689}},{"type":"Feature","geometry":{"type":"Polygon","coordinates":[[[77.7231,9.5302],[77.7355,9.5264],[77.7423,9.5323],[77.7847,9.5326],[77.7936,9.5224],[77.7965,9.5254],[77.8049,9.5159],[77.8097,9.5158],[77.8089,9.512],[77.8228,9.5107],[77.8144,9.4833],[77.8299,9.4734],[77.8372,9.472],[77.8397,9.4805],[77.8542,9.4729],[77.8494,9.4595],[77.8519,9.4366],[77.8419,9.4414],[77.8274,9.4398],[77.8187,9.4166],[77.7967,9.4178],[77.7852,9.4239],[77.7767,9.4149],[77.7721,9.3971],[77.7325,9.4049],[77.7158,9.3894],[77.714,9.3824],[77.7032,9.383],[77.7004,9.3854],[77.7079,9.395],[77.7006,9.4126],[77.6989,9.431],[77.7083,9.4343],[77.7014,9.458],[77.702,9.4654],[77.6956,9.4655],[77.6986,9.4776],[77.7181,9.4816],[77.7198,9.4915],[77.7241,9.4905],[77.7264,9.4968],[77.7231,9.5302]]]},"properties":{"STATE":"TAMIL NADU","DISTRICT":"VIRUDHUNAGAR","AC_NAME":"SIVAKASI","AC":"AC","YEAR":2026.0,"RES":"GEN","ELECTORS":228465.0,"VOTERS":193517.0,"TURNOUT":84.7,"MARGIN":11670.0,"MARGIN_PERCENTAGE":6.03,"PARTY_RANK1":"TVK","PARTY_RANK2":"INC","PARTY_RANK3":"AIADMK","PARTY_RANK4":"NTK","CANDIDATE_RANK1":"KEERTHANA S","CANDIDATE_RANK2":"ASHOKAN G","CANDIDATE_RANK3":"RAJENTHRABHALAJI K T","CANDIDATE_RANK4":"ESTHER MARY DIANA A","VOTES_RANK1":68709.0,"VOTES_RANK2":57039.0,"VOTES_RANK3":51078.0,"VOTES_RANK4":10191.0,"VOTES_RANK1_PERCENTAGE":35.51,"VOTES_RANK2_PERCENTAGE":29.47,"VOTES_RANK3_PERCENTAGE":26.39,"VOTES_RANK4_PERCENTAGE":5.27,"COLOR":null,"ID":27697}},{"type":"Feature","geometry":{"type":"Polygon","coordinates":[[[77.7101,9.7053],[77.7261,9.6927],[77.7339,9.6929],[77.7553,9.6816],[77.7606,9.6831],[77.7695,9.6654],[77.7642,9.6605],[77.7742,9.6413],[77.7896,9.6393],[77.775,9.6338],[77.7743,9.6398],[77.7724,9.6366],[77.7703,9.6042],[77.7784,9.5924],[77.7796,9.5832],[77.7723,9.5827],[77.7659,9.5899],[77.7654,9.5867],[77.7592,9.5963],[77.7556,9.5917],[77.745,9.5985],[77.7314,9.5832],[77.737,9.5652],[77.7447,9.5553],[77.7387,9.558],[77.7315,9.5453],[77.7299,9.5555],[77.7259,9.5555],[77.7231,9.5302],[77.7264,9.4968],[77.7241,9.4905],[77.7198,9.4915],[77.7181,9.4816],[77.6986,9.4776],[77.6956,9.4655],[77.702,9.4654],[77.7014,9.458],[77.6863,9.4505],[77.6728,9.4341],[77.6665,9.4162],[77.648,9.4174],[77.6447,9.4243],[77.6354,9.4289],[77.6242,9.4255],[77.6035,9.432],[77.5967,9.4276],[77.5954,9.4325],[77.5969,9.4506],[77.6153,9.4507],[77.6066,9.4668],[77.6079,9.4754],[77.5754,9.4882],[77.5687,9.4851],[77.5633,9.4892],[77.5541,9.4846],[77.5469,9.498],[77.536,9.4989],[77.5305,9.5136],[77.5277,9.5144],[77.5307,9.5083],[77.5277,9.5073],[77.5223,9.5125],[77.5157,9.5089],[77.5051,9.5115],[77.4959,9.5102],[77.4929,9.5041],[77.4828,9.5075],[77.4807,9.5123],[77.471,9.5145],[77.465,9.5112],[77.4626,9.5161],[77.4567,9.5093],[77.4114,9.5075],[77.4086,9.5146],[77.4003,9.5179],[77.4024,9.5252],[77.4283,9.5469],[77.4548,9.5414],[77.4729,9.5486],[77.4776,9.5528],[77.4754,9.563],[77.4984,9.5757],[77.5003,9.597],[77.514,9.6108],[77.5192,9.6364],[77.5372,9.66],[77.5474,9.6589],[77.5433,9.6452],[77.5512,9.6445],[77.5625,9.6597],[77.5749,9.6648],[77.5761,9.6691],[77.5857,9.667],[77.5902,9.6791],[77.6018,9.6865],[77.6008,9.6912],[77.6058,9.6956],[77.6162,9.6958],[77.623,9.7023],[77.6292,9.7047],[77.6318,9.701],[77.6424,9.7064],[77.647,9.7011],[77.6451,9.6978],[77.6491,9.6988],[77.6509,9.6829],[77.6683,9.6774],[77.6776,9.6826],[77.6812,9.6765],[77.694,9.6927],[77.6936,9.6975],[77.6989,9.699],[77.6998,9.6921],[77.7077,9.691],[77.7101,9.7053]]]},"properties":{"STATE":"TAMIL NADU","DISTRICT":"VIRUDHUNAGAR","AC_NAME":"SRIVILLIPUTHUR","AC":"AC","YEAR":2026.0,"RES":"SC","ELECTORS":224903.0,"VOTERS":193471.0,"TURNOUT":86.02,"MARGIN":8581.0,"MARGIN_PERCENTAGE":4.44,"PARTY_RANK1":"TVK","PARTY_RANK2":"CPI","PARTY_RANK3":"AIADMK","PARTY_RANK4":"NTK","CANDIDATE_RANK1":"KARTHIK.A","CANDIDATE_RANK2":"MAHALINGAM.P","CANDIDATE_RANK3":"CHANDRAPRABHA.M","CANDIDATE_RANK4":"KARIKALAPANDIYAN.A","VOTES_RANK1":65653.0,"VOTES_RANK2":57072.0,"VOTES_RANK3":42839.0,"VOTES_RANK4":13274.0,"VOTES_RANK1_PERCENTAGE":33.93,"VOTES_RANK2_PERCENTAGE":29.5,"VOTES_RANK3_PERCENTAGE":22.14,"VOTES_RANK4_PERCENTAGE":6.86,"COLOR":null,"ID":27701}},{"type":"Feature","geometry":{"type":"Polygon","coordinates":[[[78.0837,9.758],[78.101,9.755],[78.1039,9.765],[78.1041,9.7685],[78.0883,9.7761],[78.0881,9.7801],[78.0973,9.7791],[78.1071,9.786],[78.1257,9.7712],[78.125,9.7662],[78.137,9.762],[78.1392,9.7802],[78.1443,9.7836],[78.1495,9.7816],[78.1488,9.7753],[78.1559,9.7657],[78.1649,9.7647],[78.1637,9.7539],[78.1706,9.7486],[78.1966,9.7679],[78.2044,9.7639],[78.2105,9.7826],[78.239,9.7574],[78.2602,9.7616],[78.2736,9.7536],[78.2959,9.7621],[78.3,9.7547],[78.2877,9.72],[78.2944,9.7118],[78.3378,9.7039],[78.3267,9.6969],[78.3415,9.6836],[78.3428,9.6744],[78.3344,9.6692],[78.3377,9.6643],[78.345,9.6602],[78.3504,9.6661],[78.3566,9.6583],[78.3743,9.6591],[78.3919,9.6507],[78.3883,9.6326],[78.4144,9.6194],[78.4174,9.5975],[78.4114,9.5888],[78.3994,9.5951],[78.3992,9.5826],[78.3674,9.5731],[78.3756,9.5679],[78.3772,9.5389],[78.3866,9.5371],[78.383,9.5176],[78.3476,9.5164],[78.3316,9.5252],[78.3258,9.5197],[78.3253,9.514],[78.3423,9.4998],[78.3282,9.4954],[78.3298,9.4731],[78.3468,9.4714],[78.3518,9.4611],[78.347,9.4603],[78.3393,9.4686],[78.3311,9.4692],[78.3302,9.463],[78.3107,9.4682],[78.3085,9.4606],[78.2991,9.4616],[78.2982,9.4549],[78.3053,9.4476],[78.3011,9.4421],[78.2718,9.4486],[78.2178,9.4476],[78.2142,9.4337],[78.2206,9.4309],[78.2224,9.4109],[78.2426,9.4073],[78.2432,9.3813],[78.2553,9.3738],[78.2627,9.386],[78.2786,9.3851],[78.2801,9.3898],[78.2959,9.3889],[78.2948,9.3818],[78.2963,9.3864],[78.3041,9.3844],[78.3038,9.377],[78.3081,9.3749],[78.301,9.3673],[78.3081,9.3649],[78.3055,9.3502],[78.3102,9.3452],[78.2951,9.3426],[78.2938,9.332],[78.3011,9.3241],[78.3047,9.3236],[78.3113,9.3351],[78.3243,9.332],[78.333,9.3542],[78.3529,9.3526],[78.3553,9.358],[78.3627,9.3489],[78.3649,9.3375],[78.3533,9.3084],[78.346,9.3091],[78.3467,9.2977],[78.3286,9.2752],[78.3166,9.2823],[78.2808,9.2843],[78.2804,9.2899],[78.2709,9.2928],[78.2435,9.2971],[78.2337,9.2949],[78.2162,9.3006],[78.2089,9.3279],[78.189,9.3318],[78.1709,9.3426],[78.1658,9.3582],[78.1686,9.369],[78.1604,9.3709],[78.1586,9.3869],[78.171,9.4103],[78.1685,9.4245],[78.1352,9.4268],[78.1319,9.4495],[78.123,9.4608],[78.1465,9.4929],[78.1423,9.5103],[78.1602,9.5086],[78.1613,9.5204],[78.1664,9.5186],[78.1829,9.5267],[78.1808,9.5332],[78.1655,9.5268],[78.141,9.5297],[78.143,9.551],[78.1385,9.5755],[78.1199,9.5842],[78.1058,9.5826],[78.1017,9.5779],[78.0827,9.5798],[78.0666,9.5522],[78.0504,9.5517],[78.0032,9.5616],[78.0106,9.5915],[77.9819,9.5951],[77.9829,9.6033],[77.9947,9.6185],[78.007,9.6199],[78.0104,9.6395],[78.0143,9.6386],[78.0251,9.6604],[78.0305,9.6593],[78.0388,9.6781],[78.0611,9.6708],[78.059,9.6612],[78.077,9.6595],[78.0819,9.6632],[78.0795,9.6741],[78.0854,9.6749],[78.0878,9.6827],[78.0828,9.6875],[78.0852,9.6915],[78.0769,9.6958],[78.0799,9.7078],[78.0683,9.7237],[78.0716,9.7352],[78.0617,9.7413],[78.0677,9.7533],[78.0789,9.7483],[78.0837,9.758]]]},"properties":{"STATE":"TAMIL NADU","DISTRICT":"VIRUDHUNAGAR","AC_NAME":"TIRUCHULI","AC":"AC","YEAR":2026.0,"RES":"GEN","ELECTORS":205681.0,"VOTERS":181250.0,"TURNOUT":88.12,"MARGIN":13485.0,"MARGIN_PERCENTAGE":7.44,"PARTY_RANK1":"DMK","PARTY_RANK2":"TVK","PARTY_RANK3":"AIADMK","PARTY_RANK4":"NTK","CANDIDATE_RANK1":"THANGAM THENARASU","CANDIDATE_RANK2":"SAMAYAN.S","CANDIDATE_RANK3":"RAJAVARMAN.M.S.R","CANDIDATE_RANK4":"AVARANGADU KARTHIK RAJA","VOTES_RANK1":75085.0,"VOTES_RANK2":61600.0,"VOTES_RANK3":25581.0,"VOTES_RANK4":12763.0,"VOTES_RANK1_PERCENTAGE":41.43,"VOTES_RANK2_PERCENTAGE":33.99,"VOTES_RANK3_PERCENTAGE":14.11,"VOTES_RANK4_PERCENTAGE":7.04,"COLOR":"#000000","ID":27729}},{"type":"Feature","geometry":{"type":"Polygon","coordinates":[[[77.7896,9.6393],[77.7945,9.6489],[77.806,9.6416],[77.8423,9.6357],[77.8454,9.6507],[77.8615,9.6489],[77.8894,9.6419],[77.8915,9.6307],[77.9004,9.6255],[77.9105,9.6378],[77.9207,9.6382],[77.9227,9.6475],[77.9329,9.6498],[77.9621,9.6462],[77.9639,9.634],[77.9728,9.6298],[77.9854,9.6349],[77.9906,9.6419],[77.9954,9.641],[78.0007,9.6499],[78.0058,9.6476],[78.0041,9.642],[78.0104,9.6395],[78.007,9.6199],[77.9947,9.6185],[77.9829,9.6033],[77.9819,9.5951],[77.9818,9.5742],[77.9754,9.5751],[77.9747,9.5706],[77.9694,9.5743],[77.9637,9.5483],[77.9539,9.5488],[77.9452,9.5415],[77.9435,9.5248],[77.9656,9.5198],[77.9652,9.5116],[77.9578,9.5063],[77.9597,9.4919],[77.9514,9.4868],[77.9512,9.4703],[77.9455,9.47],[77.9381,9.4618],[77.9285,9.4635],[77.924,9.4544],[77.9155,9.4564],[77.9152,9.4494],[77.8908,9.439],[77.8842,9.4275],[77.8621,9.4302],[77.8643,9.4327],[77.8519,9.4366],[77.8494,9.4595],[77.8542,9.4729],[77.8397,9.4805],[77.8372,9.472],[77.8299,9.4734],[77.8144,9.4833],[77.8228,9.5107],[77.8089,9.512],[77.8097,9.5158],[77.8049,9.5159],[77.7965,9.5254],[77.7936,9.5224],[77.7847,9.5326],[77.7423,9.5323],[77.7355,9.5264],[77.7231,9.5302],[77.7259,9.5555],[77.7299,9.5555],[77.7315,9.5453],[77.7387,9.558],[77.7447,9.5553],[77.737,9.5652],[77.7314,9.5832],[77.745,9.5985],[77.7556,9.5917],[77.7592,9.5963],[77.7654,9.5867],[77.7659,9.5899],[77.7723,9.5827],[77.7796,9.5832],[77.7784,9.5924],[77.7703,9.6042],[77.7724,9.6366],[77.7743,9.6398],[77.775,9.6338],[77.7896,9.6393]]]},"properties":{"STATE":"TAMIL NADU","DISTRICT":"VIRUDHUNAGAR","AC_NAME":"VIRUDHUNAGAR","AC":"AC","YEAR":2026.0,"RES":"GEN","ELECTORS":200938.0,"VOTERS":167832.0,"TURNOUT":83.52,"MARGIN":9391.0,"MARGIN_PERCENTAGE":5.6,"PARTY_RANK1":"TVK","PARTY_RANK2":"DMDK","PARTY_RANK3":"AIADMK","PARTY_RANK4":"NTK","CANDIDATE_RANK1":"SELVAM P","CANDIDATE_RANK2":"VIJAYAPRABHAKAR","CANDIDATE_RANK3":"GANESAN V.G.","CANDIDATE_RANK4":"LAKSHMANAN","VOTES_RANK1":63653.0,"VOTES_RANK2":54262.0,"VOTES_RANK3":34212.0,"VOTES_RANK4":10120.0,"VOTES_RANK1_PERCENTAGE":37.93,"VOTES_RANK2_PERCENTAGE":32.33,"VOTES_RANK3_PERCENTAGE":20.38,"VOTES_RANK4_PERCENTAGE":6.03,"COLOR":null,"ID":27763}}]}